<?xml version='1.0' encoding='UTF-8'?>
<osm version='0.6' generator='JOSM'>
  <bounds minlat='3.184212' minlon='101.610317' maxlat='3.193296' maxlon='101.617173' origin='openstreetmap-cgimap 2.1.0 (3863617 spike-07.openstreetmap.org)' />
  <node id='463094968' action='delete' timestamp='2020-09-22T16:25:25Z' uid='11399630' user='PerpetualHiker' visible='true' version='5' changeset='91309362' lat='3.1918764' lon='101.6116565' />
  <node id='463110284' action='delete' timestamp='2009-08-13T03:49:27Z' uid='120284' user='ARUNA_Paul' visible='true' version='1' changeset='2126093' lat='3.1936215' lon='101.6087043' />
  <node id='463114118' action='delete' timestamp='2012-11-21T04:53:29Z' uid='427807' user='Tungmar' visible='true' version='3' changeset='13953838' lat='3.1863027' lon='101.6101458' />
  <node id='474898012' timestamp='2020-09-18T18:58:37Z' uid='11399630' user='PerpetualHiker' visible='true' version='3' changeset='91128235' lat='3.1941899' lon='101.6077353' />
  <node id='474906573' timestamp='2018-06-21T10:50:14Z' uid='926411' user='Marcus Loke' visible='true' version='3' changeset='60039509' lat='3.1901696' lon='101.6174219' />
  <node id='474913266' timestamp='2011-04-09T21:13:04Z' uid='69321' user='dotsha' visible='true' version='3' changeset='7817587' lat='3.1866496' lon='101.611' />
  <node id='474918595' action='delete' timestamp='2012-11-21T04:53:29Z' uid='427807' user='Tungmar' visible='true' version='3' changeset='13953838' lat='3.1867786' lon='101.6104474' />
  <node id='474922037' timestamp='2020-02-24T21:50:03Z' uid='10028118' user='OuterPace' visible='true' version='4' changeset='81424652' lat='3.1925057' lon='101.6166908' />
  <node id='474922802' timestamp='2012-09-22T12:26:09Z' uid='645407' user='Wing Hoe' visible='true' version='2' changeset='13206831' lat='3.1845805' lon='101.6098525' />
  <node id='474923868' timestamp='2012-09-22T12:26:10Z' uid='645407' user='Wing Hoe' visible='true' version='2' changeset='13206831' lat='3.1847737' lon='101.6117089' />
  <node id='474924293' timestamp='2012-09-22T12:26:08Z' uid='645407' user='Wing Hoe' visible='true' version='3' changeset='13206831' lat='3.1856584' lon='101.6134771' />
  <node id='474924605' timestamp='2012-09-22T12:26:09Z' uid='645407' user='Wing Hoe' visible='true' version='3' changeset='13206831' lat='3.1862496' lon='101.6141307' />
  <node id='474925232' action='delete' timestamp='2012-11-21T04:53:28Z' uid='427807' user='Tungmar' visible='true' version='3' changeset='13953838' lat='3.1856453' lon='101.6091179' />
  <node id='474925488' timestamp='2012-09-22T12:26:10Z' uid='645407' user='Wing Hoe' visible='true' version='4' changeset='13206831' lat='3.1876004' lon='101.6150997' />
  <node id='474926062' timestamp='2015-03-25T10:41:15Z' uid='2782685' user='fuqaha' visible='true' version='5' changeset='29723985' lat='3.1879714' lon='101.6112137' />
  <node id='474926253' action='delete' timestamp='2020-09-22T16:25:25Z' uid='11399630' user='PerpetualHiker' visible='true' version='3' changeset='91309362' lat='3.1853527' lon='101.6106652' />
  <node id='474927409' timestamp='2012-09-22T12:26:08Z' uid='645407' user='Wing Hoe' visible='true' version='2' changeset='13206831' lat='3.1852544' lon='101.6129151' />
  <node id='474928234' timestamp='2012-09-22T12:26:08Z' uid='645407' user='Wing Hoe' visible='true' version='2' changeset='13206831' lat='3.1845949' lon='101.6104808' />
  <node id='474928345' timestamp='2012-09-22T12:26:10Z' uid='645407' user='Wing Hoe' visible='true' version='3' changeset='13206831' lat='3.1948523' lon='101.6164912' />
  <node id='474928793' timestamp='2020-09-18T18:58:37Z' uid='11399630' user='PerpetualHiker' visible='true' version='4' changeset='91128235' lat='3.1849095' lon='101.6121977' />
  <node id='474928987' timestamp='2012-09-22T12:26:09Z' uid='645407' user='Wing Hoe' visible='true' version='2' changeset='13206831' lat='3.1935537' lon='101.6167235' />
  <node id='474929612' timestamp='2012-09-22T12:26:08Z' uid='645407' user='Wing Hoe' visible='true' version='3' changeset='13206831' lat='3.1910611' lon='101.6165447' />
  <node id='474929865' timestamp='2026-06-15T15:14:47Z' uid='24218636' user='Kok Yuan Ting' visible='true' version='3' changeset='184142862' lat='3.1846668' lon='101.6111629' />
  <node id='474930684' action='delete' timestamp='2012-11-21T04:53:29Z' uid='427807' user='Tungmar' visible='true' version='3' changeset='13953838' lat='3.1863754' lon='101.6089685' />
  <node id='474930823' timestamp='2012-09-22T12:26:10Z' uid='645407' user='Wing Hoe' visible='true' version='3' changeset='13206831' lat='3.188886' lon='101.6158318' />
  <node id='474931946' action='delete' timestamp='2012-11-21T04:53:29Z' uid='427807' user='Tungmar' visible='true' version='3' changeset='13953838' lat='3.1853581' lon='101.609582' />
  <node id='474934223' action='delete' timestamp='2020-09-22T16:25:25Z' uid='11399630' user='PerpetualHiker' visible='true' version='3' changeset='91309362' lat='3.1847287' lon='101.6106674' />
  <node id='474934988' timestamp='2011-04-09T21:18:49Z' uid='69321' user='dotsha' visible='true' version='2' changeset='7817587' lat='3.1923525' lon='101.614042' />
  <node id='474935325' timestamp='2020-10-15T19:28:10Z' uid='9005400' user='Rippledot' visible='true' version='5' changeset='92540615' lat='3.1901444' lon='101.6162804' />
  <node id='474937113' action='delete' timestamp='2020-09-22T16:25:25Z' uid='11399630' user='PerpetualHiker' visible='true' version='3' changeset='91309362' lat='3.1850053' lon='101.6109878' />
  <node id='474939000' action='delete' timestamp='2012-11-21T04:53:29Z' uid='427807' user='Tungmar' visible='true' version='3' changeset='13953838' lat='3.1859011' lon='101.6086997' />
  <node id='474939931' timestamp='2012-11-21T04:47:20Z' uid='427807' user='Tungmar' visible='true' version='2' changeset='13953838' lat='3.1870951' lon='101.610986' />
  <node id='474940971' action='delete' timestamp='2011-04-10T09:40:02Z' uid='69321' user='dotsha' visible='true' version='2' changeset='7820862' lat='3.1930798' lon='101.6096052' />
  <node id='474944109' timestamp='2011-04-09T21:18:48Z' uid='69321' user='dotsha' visible='true' version='2' changeset='7817587' lat='3.1920034' lon='101.613655' />
  <node id='1226982515' action='delete' timestamp='2011-04-09T20:19:23Z' uid='69321' user='dotsha' visible='true' version='2' changeset='7817018' lat='3.1878209' lon='101.6109889' />
  <node id='1226982519' action='delete' timestamp='2011-03-31T18:27:37Z' uid='69321' user='dotsha' visible='true' version='1' changeset='7728583' lat='3.1870716' lon='101.6108557' />
  <node id='1226982521' action='delete' timestamp='2020-09-22T16:25:25Z' uid='11399630' user='PerpetualHiker' visible='true' version='3' changeset='91309362' lat='3.1866354' lon='101.6108696' />
  <node id='1226982526' action='delete' timestamp='2020-09-22T16:25:25Z' uid='11399630' user='PerpetualHiker' visible='true' version='3' changeset='91309362' lat='3.1853497' lon='101.6109552' />
  <node id='1226982562' action='delete' timestamp='2020-09-22T16:25:25Z' uid='11399630' user='PerpetualHiker' visible='true' version='4' changeset='91309362' lat='3.1870299' lon='101.61054' />
  <node id='1239189211' action='delete' timestamp='2011-04-09T20:19:18Z' uid='69321' user='dotsha' visible='true' version='1' changeset='7817018' lat='3.1877866' lon='101.6109782' />
  <node id='1239189213' action='delete' timestamp='2025-07-16T08:48:33Z' uid='257555' user='rene78' visible='true' version='2' changeset='169001647' lat='3.1907316' lon='101.6114021' />
  <node id='1239189215' action='delete' timestamp='2011-04-09T20:19:18Z' uid='69321' user='dotsha' visible='true' version='1' changeset='7817018' lat='3.1892291' lon='101.6117895' />
  <node id='1239189217' action='delete' timestamp='2011-04-09T20:19:18Z' uid='69321' user='dotsha' visible='true' version='1' changeset='7817018' lat='3.1887516' lon='101.6115081' />
  <node id='1239189219' action='delete' timestamp='2011-04-09T20:19:18Z' uid='69321' user='dotsha' visible='true' version='1' changeset='7817018' lat='3.1888423' lon='101.6102911' />
  <node id='1239189224' action='delete' timestamp='2011-04-09T20:19:18Z' uid='69321' user='dotsha' visible='true' version='1' changeset='7817018' lat='3.1916923' lon='101.6119712' />
  <node id='1239189225' timestamp='2012-11-21T04:47:20Z' uid='427807' user='Tungmar' visible='true' version='2' changeset='13953838' lat='3.1875362' lon='101.6110428' />
  <node id='1239189226' action='delete' timestamp='2011-04-09T20:19:18Z' uid='69321' user='dotsha' visible='true' version='1' changeset='7817018' lat='3.1882268' lon='101.6112103' />
  <node id='1239189229' action='delete' timestamp='2025-07-16T08:48:33Z' uid='257555' user='rene78' visible='true' version='3' changeset='169001647' lat='3.1915167' lon='101.6131342' />
  <node id='1239189231' action='delete' timestamp='2011-04-09T20:19:18Z' uid='69321' user='dotsha' visible='true' version='1' changeset='7817018' lat='3.1911378' lon='101.6129147' />
  <node id='1239189233' action='delete' timestamp='2011-04-09T20:19:18Z' uid='69321' user='dotsha' visible='true' version='1' changeset='7817018' lat='3.1897891' lon='101.6108492' />
  <node id='1239189239' action='delete' timestamp='2011-04-09T20:19:18Z' uid='69321' user='dotsha' visible='true' version='1' changeset='7817018' lat='3.1897093' lon='101.6120726' />
  <node id='1239189240' action='delete' timestamp='2011-04-09T20:19:18Z' uid='69321' user='dotsha' visible='true' version='1' changeset='7817018' lat='3.1902677' lon='101.6111314' />
  <node id='1239189241' action='delete' timestamp='2011-04-09T20:19:18Z' uid='69321' user='dotsha' visible='true' version='1' changeset='7817018' lat='3.1917987' lon='101.6120318' />
  <node id='1239189242' action='delete' timestamp='2011-04-09T20:19:18Z' uid='69321' user='dotsha' visible='true' version='1' changeset='7817018' lat='3.1901819' lon='101.6123512' />
  <node id='1239189243' action='delete' timestamp='2011-04-09T20:19:18Z' uid='69321' user='dotsha' visible='true' version='1' changeset='7817018' lat='3.1874401' lon='101.6108705' />
  <node id='1239189244' action='delete' timestamp='2011-04-09T20:19:18Z' uid='69321' user='dotsha' visible='true' version='1' changeset='7817018' lat='3.1882848' lon='101.6112433' />
  <node id='1239189246' action='delete' timestamp='2011-04-09T20:19:19Z' uid='69321' user='dotsha' visible='true' version='1' changeset='7817018' lat='3.1906589' lon='101.6126323' />
  <node id='1239189247' action='delete' timestamp='2011-04-09T20:19:19Z' uid='69321' user='dotsha' visible='true' version='1' changeset='7817018' lat='3.1878947' lon='101.6097324' />
  <node id='1239189255' timestamp='2011-04-09T20:19:19Z' uid='69321' user='dotsha' visible='true' version='1' changeset='7817018' lat='3.1916727' lon='101.6133935' />
  <node id='1239189256' action='delete' timestamp='2011-04-09T20:19:19Z' uid='69321' user='dotsha' visible='true' version='1' changeset='7817018' lat='3.1872457' lon='101.6108627' />
  <node id='1239189257' action='delete' timestamp='2011-04-09T20:19:19Z' uid='69321' user='dotsha' visible='true' version='1' changeset='7817018' lat='3.1883571' lon='101.610005' />
  <node id='1239189259' action='delete' timestamp='2011-04-09T20:19:19Z' uid='69321' user='dotsha' visible='true' version='1' changeset='7817018' lat='3.1912435' lon='101.612977' />
  <node id='1239189260' action='delete' timestamp='2011-04-09T20:19:19Z' uid='69321' user='dotsha' visible='true' version='1' changeset='7817018' lat='3.1912205' lon='101.6116918' />
  <node id='1239189261' action='delete' timestamp='2011-04-09T20:19:19Z' uid='69321' user='dotsha' visible='true' version='1' changeset='7817018' lat='3.1893264' lon='101.6105765' />
  <node id='1239206857' action='delete' timestamp='2020-08-30T06:49:54Z' uid='7131393' user='AndrewYeoh' visible='true' version='3' changeset='90136764' lat='3.1925671' lon='101.6126814' />
  <node id='1239206858' action='delete' timestamp='2020-08-28T06:13:15Z' uid='7131393' user='AndrewYeoh' visible='true' version='4' changeset='90060199' lat='3.1911896' lon='101.6143286' />
  <node id='1239206864' action='delete' timestamp='2020-08-30T06:49:54Z' uid='7131393' user='AndrewYeoh' visible='true' version='3' changeset='90136764' lat='3.1926663' lon='101.6128733' />
  <node id='1239206866' action='delete' timestamp='2020-08-30T06:49:54Z' uid='7131393' user='AndrewYeoh' visible='true' version='3' changeset='90136764' lat='3.1924963' lon='101.612657' />
  <node id='1239206868' action='delete' timestamp='2020-08-30T06:49:54Z' uid='7131393' user='AndrewYeoh' visible='true' version='3' changeset='90136764' lat='3.1923436' lon='101.612699' />
  <node id='1239206869' action='delete' timestamp='2020-08-30T06:49:54Z' uid='7131393' user='AndrewYeoh' visible='true' version='3' changeset='90136764' lat='3.1924584' lon='101.6130533' />
  <node id='1239206871' action='delete' timestamp='2020-08-30T06:49:54Z' uid='7131393' user='AndrewYeoh' visible='true' version='3' changeset='90136764' lat='3.1923368' lon='101.6130038' />
  <node id='1239206873' action='delete' timestamp='2020-08-30T06:49:54Z' uid='7131393' user='AndrewYeoh' visible='true' version='3' changeset='90136764' lat='3.1925359' lon='101.6130416' />
  <node id='1239206875' action='delete' timestamp='2020-08-30T06:49:54Z' uid='7131393' user='AndrewYeoh' visible='true' version='3' changeset='90136764' lat='3.1926222' lon='101.6127281' />
  <node id='1239206877' action='delete' timestamp='2020-08-30T06:49:54Z' uid='7131393' user='AndrewYeoh' visible='true' version='3' changeset='90136764' lat='3.1926556' lon='101.6127874' />
  <node id='1239206879' action='delete' timestamp='2020-08-28T06:13:15Z' uid='7131393' user='AndrewYeoh' visible='true' version='4' changeset='90060199' lat='3.1916696' lon='101.6138979' />
  <node id='1239206885' action='delete' timestamp='2020-08-28T06:13:15Z' uid='7131393' user='AndrewYeoh' visible='true' version='4' changeset='90060199' lat='3.1913594' lon='101.6143886' />
  <node id='1239206887' action='delete' timestamp='2020-08-30T06:49:54Z' uid='7131393' user='AndrewYeoh' visible='true' version='3' changeset='90136764' lat='3.1924129' lon='101.6126629' />
  <node id='1239206888' action='delete' timestamp='2020-08-30T06:49:54Z' uid='7131393' user='AndrewYeoh' visible='true' version='3' changeset='90136764' lat='3.192649' lon='101.6129374' />
  <node id='1239206890' action='delete' timestamp='2020-08-30T06:49:54Z' uid='7131393' user='AndrewYeoh' visible='true' version='3' changeset='90136764' lat='3.1923882' lon='101.6130367' />
  <node id='1239206892' timestamp='2011-04-09T20:31:48Z' uid='69321' user='dotsha' visible='true' version='1' changeset='7817018' lat='3.1910743' lon='101.6130286' />
  <node id='1239206894' action='delete' timestamp='2020-08-30T06:49:54Z' uid='7131393' user='AndrewYeoh' visible='true' version='3' changeset='90136764' lat='3.1922734' lon='101.6128943' />
  <node id='1239206896' action='delete' timestamp='2020-08-28T06:13:15Z' uid='7131393' user='AndrewYeoh' visible='true' version='4' changeset='90060199' lat='3.1918023' lon='101.6139458' />
  <node id='1239206898' action='delete' timestamp='2020-08-30T06:49:54Z' uid='7131393' user='AndrewYeoh' visible='true' version='3' changeset='90136764' lat='3.1922973' lon='101.6127523' />
  <node id='1239206910' action='delete' timestamp='2020-08-30T06:49:54Z' uid='7131393' user='AndrewYeoh' visible='true' version='3' changeset='90136764' lat='3.1926072' lon='101.6129968' />
  <node id='1239206911' action='delete' timestamp='2020-08-30T06:49:54Z' uid='7131393' user='AndrewYeoh' visible='true' version='3' changeset='90136764' lat='3.1922944' lon='101.6129511' />
  <node id='1239206912' action='delete' timestamp='2020-08-30T06:49:54Z' uid='7131393' user='AndrewYeoh' visible='true' version='3' changeset='90136764' lat='3.1922726' lon='101.6128182' />
  <node id='1239242563' action='delete' timestamp='2025-01-15T06:49:40Z' uid='9658463' user='GrabMY_ainayusof' visible='true' version='3' changeset='161368567' lat='3.18817' lon='101.6145877' />
  <node id='1239242564' action='delete' timestamp='2025-01-15T06:49:40Z' uid='9658463' user='GrabMY_ainayusof' visible='true' version='4' changeset='161368567' lat='3.188434' lon='101.6147424' />
  <node id='1239242566' action='delete' timestamp='2020-08-30T07:00:26Z' uid='7131393' user='AndrewYeoh' visible='true' version='2' changeset='90136942' lat='3.1871676' lon='101.6147164' />
  <node id='1239242567' action='delete' timestamp='2011-04-09T21:12:54Z' uid='69321' user='dotsha' visible='true' version='1' changeset='7817587' lat='3.1887641' lon='101.61365' />
  <node id='1239242568' action='delete' timestamp='2025-01-15T06:49:40Z' uid='9658463' user='GrabMY_ainayusof' visible='true' version='2' changeset='161368567' lat='3.1892979' lon='101.6133013' />
  <node id='1239242569' timestamp='2020-08-30T07:00:26Z' uid='7131393' user='AndrewYeoh' visible='true' version='2' changeset='90136942' lat='3.1896021' lon='101.6160462' />
  <node id='1239242570' action='delete' timestamp='2011-07-21T18:04:08Z' uid='336460' user='robgeb' visible='true' version='2' changeset='8791002' lat='3.1919301' lon='101.6140879' />
  <node id='1239242571' action='delete' timestamp='2025-01-15T06:49:40Z' uid='9658463' user='GrabMY_ainayusof' visible='true' version='3' changeset='161368567' lat='3.19016' lon='101.6151045' />
  <node id='1239242572' action='delete' timestamp='2025-01-15T06:49:40Z' uid='9658463' user='GrabMY_ainayusof' visible='true' version='2' changeset='161368567' lat='3.1878766' lon='101.6124551' />
  <node id='1239242573' action='delete' timestamp='2025-01-15T06:49:40Z' uid='9658463' user='GrabMY_ainayusof' visible='true' version='4' changeset='161368567' lat='3.1898744' lon='101.6155866' />
  <node id='1239242574' action='delete' timestamp='2020-08-30T07:00:26Z' uid='7131393' user='AndrewYeoh' visible='true' version='2' changeset='90136942' lat='3.1868187' lon='101.6131652' />
  <node id='1239242575' action='delete' timestamp='2025-01-15T06:49:40Z' uid='9658463' user='GrabMY_ainayusof' visible='true' version='3' changeset='161368567' lat='3.1874929' lon='101.614191' />
  <node id='1239242577' action='delete' timestamp='2025-01-15T06:49:40Z' uid='9658463' user='GrabMY_ainayusof' visible='true' version='3' changeset='161368567' lat='3.1887417' lon='101.613634' />
  <node id='1239242578' action='delete' timestamp='2024-09-04T02:38:22Z' uid='21917268' user='Noorazmil' visible='true' version='4' changeset='156165823' lat='3.1885769' lon='101.6155863' />
  <node id='1239242579' timestamp='2025-01-15T06:49:40Z' uid='9658463' user='GrabMY_ainayusof' visible='true' version='2' changeset='161368567' lat='3.1914516' lon='101.6132587' />
  <node id='1239242580' action='delete' timestamp='2025-01-15T06:49:40Z' uid='9658463' user='GrabMY_ainayusof' visible='true' version='2' changeset='161368567' lat='3.1883544' lon='101.6127396' />
  <node id='1239242581' action='delete' timestamp='2025-01-15T06:49:40Z' uid='9658463' user='GrabMY_ainayusof' visible='true' version='2' changeset='161368567' lat='3.189035' lon='101.6131448' />
  <node id='1239242582' action='delete' timestamp='2025-01-15T06:49:40Z' uid='9658463' user='GrabMY_ainayusof' visible='true' version='2' changeset='161368567' lat='3.1902769' lon='101.6149071' />
  <node id='1239242583' timestamp='2011-04-09T21:12:55Z' uid='69321' user='dotsha' visible='true' version='1' changeset='7817587' lat='3.1860683' lon='101.6138577' />
  <node id='1239242584' action='delete' timestamp='2025-01-15T06:49:40Z' uid='9658463' user='GrabMY_ainayusof' visible='true' version='3' changeset='161368567' lat='3.1873949' lon='101.6141336' />
  <node id='1239242585' action='delete' timestamp='2020-08-30T07:00:26Z' uid='7131393' user='AndrewYeoh' visible='true' version='2' changeset='90136942' lat='3.186728' lon='101.6143975' />
  <node id='1239242586' action='delete' timestamp='2020-08-30T07:00:26Z' uid='7131393' user='AndrewYeoh' visible='true' version='2' changeset='90136942' lat='3.1890799' lon='101.6158357' />
  <node id='1239242587' timestamp='2011-04-09T21:12:55Z' uid='69321' user='dotsha' visible='true' version='1' changeset='7817587' lat='3.184906' lon='101.6113123' />
  <node id='1239242588' action='delete' timestamp='2020-08-30T07:00:26Z' uid='7131393' user='AndrewYeoh' visible='true' version='2' changeset='90136942' lat='3.1880962' lon='101.6153202' />
  <node id='1239242590' action='delete' timestamp='2011-04-09T21:12:55Z' uid='69321' user='dotsha' visible='true' version='1' changeset='7817587' lat='3.1878867' lon='101.6096845' />
  <node id='1239242591' action='delete' timestamp='2025-01-15T06:49:40Z' uid='9658463' user='GrabMY_ainayusof' visible='true' version='2' changeset='161368567' lat='3.1902466' lon='101.6138662' />
  <node id='1239242592' action='delete' timestamp='2011-04-09T21:12:55Z' uid='69321' user='dotsha' visible='true' version='1' changeset='7817587' lat='3.186703' lon='101.6107383' />
  <node id='1239242593' action='delete' timestamp='2011-04-09T21:12:55Z' uid='69321' user='dotsha' visible='true' version='1' changeset='7817587' lat='3.1867967' lon='101.610564' />
  <node id='1239242594' action='delete' timestamp='2025-01-15T06:49:40Z' uid='9658463' user='GrabMY_ainayusof' visible='true' version='4' changeset='161368567' lat='3.1889484' lon='101.6150438' />
  <node id='1239242596' action='delete' timestamp='2011-04-09T21:12:55Z' uid='69321' user='dotsha' visible='true' version='1' changeset='7817587' lat='3.1917752' lon='101.6150057' />
  <node id='1239242600' timestamp='2011-04-09T21:12:55Z' uid='69321' user='dotsha' visible='true' version='1' changeset='7817587' lat='3.1878431' lon='101.6112445' />
  <node id='1239242601' action='delete' timestamp='2022-12-23T02:17:18Z' uid='3191182' user='angys' visible='true' version='2' changeset='130398443' lat='3.1923616' lon='101.6139424' />
  <node id='1239242602' action='delete' timestamp='2025-01-15T06:49:40Z' uid='9658463' user='GrabMY_ainayusof' visible='true' version='3' changeset='161368567' lat='3.1900048' lon='101.6153663' />
  <node id='1239242603' action='delete' timestamp='2011-04-09T21:12:56Z' uid='69321' user='dotsha' visible='true' version='1' changeset='7817587' lat='3.1906933' lon='101.6157755' />
  <node id='1239242604' action='delete' timestamp='2011-04-09T21:12:56Z' uid='69321' user='dotsha' visible='true' version='1' changeset='7817587' lat='3.1885044' lon='101.6140947' />
  <node id='1239242606' action='delete' timestamp='2011-04-09T21:12:56Z' uid='69321' user='dotsha' visible='true' version='1' changeset='7817587' lat='3.1902836' lon='101.6161215' />
  <node id='1239242607' timestamp='2023-05-24T08:22:57Z' uid='9658463' user='GrabMY_ainayusof' visible='true' version='5' changeset='136487031' lat='3.1894989' lon='101.6160056'>
    <tag k='access' v='no' />
    <tag k='barrier' v='gate' />
  </node>
  <node id='1239242608' action='delete' timestamp='2011-04-09T21:12:56Z' uid='69321' user='dotsha' visible='true' version='1' changeset='7817587' lat='3.1846945' lon='101.61069' />
  <node id='1239242609' action='delete' timestamp='2025-01-15T06:49:40Z' uid='9658463' user='GrabMY_ainayusof' visible='true' version='2' changeset='161368567' lat='3.1894526' lon='101.6146939' />
  <node id='1239242610' action='delete' timestamp='2025-01-15T06:49:40Z' uid='9658463' user='GrabMY_ainayusof' visible='true' version='2' changeset='161368567' lat='3.1895313' lon='101.6140878' />
  <node id='1239242611' action='delete' timestamp='2011-04-09T21:12:56Z' uid='69321' user='dotsha' visible='true' version='1' changeset='7817587' lat='3.1902327' lon='101.6128036' />
  <node id='1239242612' timestamp='2020-08-30T07:00:26Z' uid='7131393' user='AndrewYeoh' visible='true' version='2' changeset='90136942' lat='3.1862837' lon='101.6140649' />
  <node id='1239242613' action='delete' timestamp='2011-04-09T21:12:56Z' uid='69321' user='dotsha' visible='true' version='1' changeset='7817587' lat='3.1922732' lon='101.6113311' />
  <node id='1239242614' action='delete' timestamp='2025-01-15T06:49:40Z' uid='9658463' user='GrabMY_ainayusof' visible='true' version='2' changeset='161368567' lat='3.1906418' lon='101.6142911' />
  <node id='1239242615' action='delete' timestamp='2011-04-09T21:12:56Z' uid='69321' user='dotsha' visible='true' version='1' changeset='7817587' lat='3.1869842' lon='101.6106605' />
  <node id='1239242616' action='delete' timestamp='2011-04-09T21:12:56Z' uid='69321' user='dotsha' visible='true' version='1' changeset='7817587' lat='3.1908477' lon='101.615229' />
  <node id='1239242617' timestamp='2011-04-09T21:12:56Z' uid='69321' user='dotsha' visible='true' version='1' changeset='7817587' lat='3.1858032' lon='101.6135466' />
  <node id='1239242618' action='delete' timestamp='2022-12-23T02:17:18Z' uid='3191182' user='angys' visible='true' version='2' changeset='130398443' lat='3.1939084' lon='101.6122656' />
  <node id='1239242619' action='delete' timestamp='2025-01-15T06:49:40Z' uid='9658463' user='GrabMY_ainayusof' visible='true' version='3' changeset='161368567' lat='3.1879557' lon='101.6131824' />
  <node id='1239242620' timestamp='2011-04-09T21:12:56Z' uid='69321' user='dotsha' visible='true' version='1' changeset='7817587' lat='3.1874475' lon='101.6111407' />
  <node id='1239242621' action='delete' timestamp='2011-04-09T21:12:56Z' uid='69321' user='dotsha' visible='true' version='1' changeset='7817587' lat='3.1922652' lon='101.6164729' />
  <node id='1239242622' action='delete' timestamp='2011-04-09T21:12:57Z' uid='69321' user='dotsha' visible='true' version='1' changeset='7817587' lat='3.1846516' lon='101.6100383' />
  <node id='1239242623' timestamp='2011-04-09T21:12:57Z' uid='69321' user='dotsha' visible='true' version='1' changeset='7817587' lat='3.1866548' lon='101.6111085' />
  <node id='1239242624' action='delete' timestamp='2011-04-09T21:12:57Z' uid='69321' user='dotsha' visible='true' version='1' changeset='7817587' lat='3.1925035' lon='101.6149413' />
  <node id='1239242625' action='delete' timestamp='2011-04-09T21:12:57Z' uid='69321' user='dotsha' visible='true' version='1' changeset='7817587' lat='3.1902782' lon='101.6162825' />
  <node id='1239242626' action='delete' timestamp='2011-04-09T21:12:57Z' uid='69321' user='dotsha' visible='true' version='1' changeset='7817587' lat='3.1853118' lon='101.6096355' />
  <node id='1239242627' action='delete' timestamp='2011-04-09T21:12:57Z' uid='69321' user='dotsha' visible='true' version='1' changeset='7817587' lat='3.1914217' lon='101.613611' />
  <node id='1239242628' action='delete' timestamp='2011-04-09T21:12:57Z' uid='69321' user='dotsha' visible='true' version='1' changeset='7817587' lat='3.1872279' lon='101.6108268' />
  <node id='1239242629' action='delete' timestamp='2011-04-09T21:12:57Z' uid='69321' user='dotsha' visible='true' version='1' changeset='7817587' lat='3.1894476' lon='101.6146473' />
  <node id='1239242630' action='delete' timestamp='2011-04-09T21:12:57Z' uid='69321' user='dotsha' visible='true' version='1' changeset='7817587' lat='3.18929' lon='101.6122618' />
  <node id='1239242631' action='delete' timestamp='2020-08-30T07:00:26Z' uid='7131393' user='AndrewYeoh' visible='true' version='2' changeset='90136942' lat='3.1871007' lon='101.612691' />
  <node id='1239242632' action='delete' timestamp='2025-01-15T06:49:40Z' uid='9658463' user='GrabMY_ainayusof' visible='true' version='2' changeset='161368567' lat='3.1897657' lon='101.6135799' />
  <node id='1239242633' action='delete' timestamp='2025-01-15T06:49:40Z' uid='9658463' user='GrabMY_ainayusof' visible='true' version='2' changeset='161368567' lat='3.1897408' lon='101.6142082' />
  <node id='1239242634' action='delete' timestamp='2011-07-21T18:04:08Z' uid='336460' user='robgeb' visible='true' version='2' changeset='8791002' lat='3.1919132' lon='101.6141738' />
  <node id='1239242635' action='delete' timestamp='2011-07-21T18:04:08Z' uid='336460' user='robgeb' visible='true' version='2' changeset='8791002' lat='3.1909933' lon='101.6144974' />
  <node id='1239242636' timestamp='2011-04-09T21:12:57Z' uid='69321' user='dotsha' visible='true' version='1' changeset='7817587' lat='3.1862531' lon='101.6140079' />
  <node id='1239242637' action='delete' timestamp='2011-04-09T21:12:57Z' uid='69321' user='dotsha' visible='true' version='1' changeset='7817587' lat='3.1888053' lon='101.6119829' />
  <node id='1239242638' action='delete' timestamp='2011-04-09T21:12:57Z' uid='69321' user='dotsha' visible='true' version='1' changeset='7817587' lat='3.1873978' lon='101.61217' />
  <node id='1239242639' action='delete' timestamp='2011-04-09T21:12:57Z' uid='69321' user='dotsha' visible='true' version='1' changeset='7817587' lat='3.1924286' lon='101.6163307' />
  <node id='1239242640' action='delete' timestamp='2011-04-09T21:12:57Z' uid='69321' user='dotsha' visible='true' version='1' changeset='7817587' lat='3.1915768' lon='101.6131604' />
  <node id='1239242641' action='delete' timestamp='2025-01-15T06:49:40Z' uid='9658463' user='GrabMY_ainayusof' visible='true' version='2' changeset='161368567' lat='3.1898123' lon='101.6136076' />
  <node id='1239242642' action='delete' timestamp='2025-01-15T06:49:40Z' uid='9658463' user='GrabMY_ainayusof' visible='true' version='2' changeset='161368567' lat='3.1882525' lon='101.6126789' />
  <node id='1239242643' action='delete' timestamp='2011-04-09T21:12:57Z' uid='69321' user='dotsha' visible='true' version='1' changeset='7817587' lat='3.1897073' lon='101.6142026' />
  <node id='1239242645' action='delete' timestamp='2011-04-09T21:12:58Z' uid='69321' user='dotsha' visible='true' version='1' changeset='7817587' lat='3.1847079' lon='101.6093249' />
  <node id='1239242646' timestamp='2011-04-09T21:12:58Z' uid='69321' user='dotsha' visible='true' version='1' changeset='7817587' lat='3.1853185' lon='101.612868' />
  <node id='1239242647' action='delete' timestamp='2025-01-15T06:49:40Z' uid='9658463' user='GrabMY_ainayusof' visible='true' version='4' changeset='161368567' lat='3.1889114' lon='101.6150221' />
  <node id='1239242648' action='delete' timestamp='2011-04-09T21:12:58Z' uid='69321' user='dotsha' visible='true' version='1' changeset='7817587' lat='3.1913253' lon='101.6148716' />
  <node id='1239242650' action='delete' timestamp='2020-08-30T07:00:26Z' uid='7131393' user='AndrewYeoh' visible='true' version='2' changeset='90136942' lat='3.1876375' lon='101.6150349' />
  <node id='1239242651' action='delete' timestamp='2011-04-09T21:12:58Z' uid='69321' user='dotsha' visible='true' version='1' changeset='7817587' lat='3.1907121' lon='101.6130692' />
  <node id='1239242652' action='delete' timestamp='2025-01-15T06:49:40Z' uid='9658463' user='GrabMY_ainayusof' visible='true' version='2' changeset='161368567' lat='3.1907248' lon='101.6141509' />
  <node id='1239242653' action='delete' timestamp='2025-01-15T06:49:40Z' uid='9658463' user='GrabMY_ainayusof' visible='true' version='3' changeset='161368567' lat='3.1879632' lon='101.6144665' />
  <node id='1239242654' action='delete' timestamp='2011-04-09T21:12:58Z' uid='69321' user='dotsha' visible='true' version='1' changeset='7817587' lat='3.1867191' lon='101.6108376' />
  <node id='1239242655' timestamp='2011-04-09T21:12:58Z' uid='69321' user='dotsha' visible='true' version='1' changeset='7817587' lat='3.1850426' lon='101.6112184' />
  <node id='1239242657' action='delete' timestamp='2025-01-15T06:49:40Z' uid='9658463' user='GrabMY_ainayusof' visible='true' version='4' changeset='161368567' lat='3.1904496' lon='101.6146155' />
  <node id='1239242658' action='delete' timestamp='2020-03-19T20:20:57Z' uid='3191182' user='angys' visible='true' version='3' changeset='82405400' lat='3.1864262' lon='101.6089073' />
  <node id='1239242659' timestamp='2011-04-09T21:12:58Z' uid='69321' user='dotsha' visible='true' version='1' changeset='7817587' lat='3.1850614' lon='101.6123986' />
  <node id='1239242660' timestamp='2012-09-22T12:26:10Z' uid='645407' user='Wing Hoe' visible='true' version='3' changeset='13206831' lat='3.1895689' lon='101.6161468' />
  <node id='1239242661' action='delete' timestamp='2011-04-09T21:12:58Z' uid='69321' user='dotsha' visible='true' version='1' changeset='7817587' lat='3.1897614' lon='101.61253' />
  <node id='1239242662' action='delete' timestamp='2022-12-23T02:17:18Z' uid='3191182' user='angys' visible='true' version='2' changeset='130398443' lat='3.1932848' lon='101.6128346' />
  <node id='1239242663' action='delete' timestamp='2025-01-15T06:49:40Z' uid='9658463' user='GrabMY_ainayusof' visible='true' version='2' changeset='161368567' lat='3.1905539' lon='101.6144395' />
  <node id='1239242664' timestamp='2011-04-09T21:12:59Z' uid='69321' user='dotsha' visible='true' version='1' changeset='7817587' lat='3.187003' lon='101.6110843' />
  <node id='1239242665' action='delete' timestamp='2011-04-09T21:12:59Z' uid='69321' user='dotsha' visible='true' version='1' changeset='7817587' lat='3.1921446' lon='101.6121572' />
  <node id='1239242666' action='delete' timestamp='2011-04-09T21:12:59Z' uid='69321' user='dotsha' visible='true' version='1' changeset='7817587' lat='3.1872754' lon='101.6101116' />
  <node id='1239242667' action='delete' timestamp='2011-07-21T18:04:08Z' uid='336460' user='robgeb' visible='true' version='2' changeset='8791002' lat='3.1917809' lon='101.6138054' />
  <node id='1239242668' action='delete' timestamp='2011-04-09T21:12:59Z' uid='69321' user='dotsha' visible='true' version='1' changeset='7817587' lat='3.184657' lon='101.6096951' />
  <node id='1239242669' action='delete' timestamp='2025-01-15T06:49:40Z' uid='9658463' user='GrabMY_ainayusof' visible='true' version='3' changeset='161368567' lat='3.1893876' lon='101.6153012' />
  <node id='1239242671' timestamp='2011-04-09T21:12:59Z' uid='69321' user='dotsha' visible='true' version='1' changeset='7817587' lat='3.1855354' lon='101.6132221' />
  <node id='1239242672' action='delete' timestamp='2011-07-21T18:04:09Z' uid='336460' user='robgeb' visible='true' version='2' changeset='8791002' lat='3.1915316' lon='101.614536' />
  <node id='1239242673' action='delete' timestamp='2025-01-15T06:49:40Z' uid='9658463' user='GrabMY_ainayusof' visible='true' version='3' changeset='161368567' lat='3.1870073' lon='101.6139064' />
  <node id='1239242674' action='delete' timestamp='2011-04-09T21:12:59Z' uid='69321' user='dotsha' visible='true' version='1' changeset='7817587' lat='3.187651' lon='101.6095556' />
  <node id='1239242675' action='delete' timestamp='2011-07-21T18:04:08Z' uid='336460' user='robgeb' visible='true' version='2' changeset='8791002' lat='3.1916871' lon='101.6144519' />
  <node id='1239242676' action='delete' timestamp='2011-04-09T21:12:59Z' uid='69321' user='dotsha' visible='true' version='1' changeset='7817587' lat='3.1920161' lon='101.6118085' />
  <node id='1239242677' action='delete' timestamp='2011-04-09T21:12:59Z' uid='69321' user='dotsha' visible='true' version='1' changeset='7817587' lat='3.190372' lon='101.6155851' />
  <node id='1239242678' action='delete' timestamp='2025-01-15T06:49:40Z' uid='9658463' user='GrabMY_ainayusof' visible='true' version='3' changeset='161368567' lat='3.1884539' lon='101.6141141' />
  <node id='1239242679' timestamp='2020-08-30T07:00:26Z' uid='7131393' user='AndrewYeoh' visible='true' version='2' changeset='90136942' lat='3.1865355' lon='101.61363' />
  <node id='1239242680' action='delete' timestamp='2025-01-15T06:49:40Z' uid='9658463' user='GrabMY_ainayusof' visible='true' version='3' changeset='161368567' lat='3.1876734' lon='101.6136612' />
  <node id='1239242681' timestamp='2011-04-09T21:12:59Z' uid='69321' user='dotsha' visible='true' version='1' changeset='7817587' lat='3.1847909' lon='101.6114625' />
  <node id='1239242682' action='delete' timestamp='2025-01-15T06:49:40Z' uid='9658463' user='GrabMY_ainayusof' visible='true' version='2' changeset='161368567' lat='3.1892439' lon='101.6145728' />
  <node id='1239242684' action='delete' timestamp='2025-01-15T06:49:40Z' uid='9658463' user='GrabMY_ainayusof' visible='true' version='2' changeset='161368567' lat='3.1888273' lon='101.6130211' />
  <node id='1239242685' action='delete' timestamp='2011-04-09T21:13:00Z' uid='69321' user='dotsha' visible='true' version='1' changeset='7817587' lat='3.1883206' lon='101.6117066' />
  <node id='1239242686' timestamp='2011-04-09T21:13:00Z' uid='69321' user='dotsha' visible='true' version='1' changeset='7817587' lat='3.1848953' lon='101.6119721' />
  <node id='1239242687' action='delete' timestamp='2020-03-19T20:20:57Z' uid='3191182' user='angys' visible='true' version='3' changeset='82405400' lat='3.1865776' lon='101.6086504' />
  <node id='1239242688' action='delete' timestamp='2021-12-20T12:10:02Z' uid='10353513' user='EmbarcaderoPier' visible='true' version='3' changeset='115163696' lat='3.186637' lon='101.6108071'>
    <tag k='barrier' v='lift_gate' />
  </node>
  <node id='1239248777' timestamp='2011-04-09T21:18:48Z' uid='69321' user='dotsha' visible='true' version='1' changeset='7817587' lat='3.1925181' lon='101.6144025' />
  <node id='1239287123' timestamp='2011-04-09T22:12:02Z' uid='69321' user='dotsha' visible='true' version='1' changeset='7817587' lat='3.1887839' lon='101.6162932' />
  <node id='1239287126' action='delete' timestamp='2011-04-09T22:12:03Z' uid='69321' user='dotsha' visible='true' version='1' changeset='7817587' lat='3.185123' lon='101.6131952' />
  <node id='1239287127' action='delete' timestamp='2021-10-11T10:56:54Z' uid='9847848' user='Guadiana' visible='true' version='2' changeset='112369493' lat='3.1843463' lon='101.6132676' />
  <node id='1239287128' action='delete' timestamp='2011-04-09T22:12:03Z' uid='69321' user='dotsha' visible='true' version='1' changeset='7817587' lat='3.18802805658' lon='101.617535259' />
  <node id='1239287129' action='delete' timestamp='2011-04-09T22:12:03Z' uid='69321' user='dotsha' visible='true' version='1' changeset='7817587' lat='3.1884116' lon='101.6165265' />
  <node id='1239287130' action='delete' timestamp='2021-10-11T10:04:17Z' uid='9847848' user='Guadiana' visible='true' version='2' changeset='112367151' lat='3.1840585' lon='101.6138738' />
  <node id='1239287131' timestamp='2020-09-18T18:58:37Z' uid='11399630' user='PerpetualHiker' visible='true' version='4' changeset='91128235' lat='3.1846069' lon='101.6093096' />
  <node id='1239287132' action='delete' timestamp='2011-04-09T22:12:03Z' uid='69321' user='dotsha' visible='true' version='1' changeset='7817587' lat='3.1883661' lon='101.6163522' />
  <node id='1239287133' action='delete' timestamp='2011-04-09T22:12:03Z' uid='69321' user='dotsha' visible='true' version='1' changeset='7817587' lat='3.1848538' lon='101.61268' />
  <node id='1239287134' action='delete' timestamp='2022-12-23T02:17:18Z' uid='3191182' user='angys' visible='true' version='2' changeset='130398443' lat='3.1881204' lon='101.6172874' />
  <node id='1239287135' action='delete' timestamp='2011-04-09T22:12:03Z' uid='69321' user='dotsha' visible='true' version='1' changeset='7817587' lat='3.1883855' lon='101.6165142' />
  <node id='1239287136' timestamp='2011-04-09T22:12:03Z' uid='69321' user='dotsha' visible='true' version='1' changeset='7817587' lat='3.1873092' lon='101.6155114' />
  <node id='1239287137' timestamp='2011-04-09T22:12:03Z' uid='69321' user='dotsha' visible='true' version='1' changeset='7817587' lat='3.1854325' lon='101.6139068' />
  <node id='1239287142' action='delete' timestamp='2011-04-09T22:12:03Z' uid='69321' user='dotsha' visible='true' version='1' changeset='7817587' lat='3.1884946' lon='101.6164246' />
  <node id='1239287143' action='delete' timestamp='2011-04-09T22:12:03Z' uid='69321' user='dotsha' visible='true' version='1' changeset='7817587' lat='3.188492' lon='101.6162074' />
  <node id='1239287144' action='delete' timestamp='2011-04-09T22:12:03Z' uid='69321' user='dotsha' visible='true' version='1' changeset='7817587' lat='3.1861965' lon='101.6169814' />
  <node id='1239287149' action='delete' timestamp='2020-09-18T18:58:37Z' uid='11399630' user='PerpetualHiker' visible='true' version='3' changeset='91128235' lat='3.184312' lon='101.6093498' />
  <node id='1239287151' action='delete' timestamp='2011-04-09T22:12:04Z' uid='69321' user='dotsha' visible='true' version='1' changeset='7817587' lat='3.1869012' lon='101.6162315' />
  <node id='1239287154' action='delete' timestamp='2011-04-09T22:12:04Z' uid='69321' user='dotsha' visible='true' version='1' changeset='7817587' lat='3.1861781' lon='101.6191417' />
  <node id='1239287155' action='delete' timestamp='2021-10-11T10:56:54Z' uid='9847848' user='Guadiana' visible='true' version='2' changeset='112369493' lat='3.1834251' lon='101.618506' />
  <node id='1239287163' action='delete' timestamp='2011-04-09T22:12:04Z' uid='69321' user='dotsha' visible='true' version='1' changeset='7817587' lat='3.1845284' lon='101.6124844' />
  <node id='1239287164' timestamp='2011-04-09T22:12:04Z' uid='69321' user='dotsha' visible='true' version='1' changeset='7817587' lat='3.1854769' lon='101.6136285' />
  <node id='1239287168' action='delete' timestamp='2011-04-09T22:12:05Z' uid='69321' user='dotsha' visible='true' version='1' changeset='7817587' lat='3.1863346' lon='101.6168214' />
  <node id='1239287170' action='delete' timestamp='2011-04-09T22:12:05Z' uid='69321' user='dotsha' visible='true' version='1' changeset='7817587' lat='3.1873993' lon='101.6177416' />
  <node id='1239287171' timestamp='2011-04-09T22:12:05Z' uid='69321' user='dotsha' visible='true' version='1' changeset='7817587' lat='3.1889017' lon='101.6160437' />
  <node id='1239287172' action='delete' timestamp='2022-12-23T02:17:18Z' uid='3191182' user='angys' visible='true' version='2' changeset='130398443' lat='3.1848877' lon='101.6184996' />
  <node id='1239287173' action='delete' timestamp='2011-04-09T22:12:05Z' uid='69321' user='dotsha' visible='true' version='1' changeset='7817587' lat='3.1855442' lon='101.6150194' />
  <node id='1239287174' action='delete' timestamp='2011-04-09T22:12:05Z' uid='69321' user='dotsha' visible='true' version='1' changeset='7817587' lat='3.1847962' lon='101.6125756' />
  <node id='1239287176' action='delete' timestamp='2011-04-09T22:12:05Z' uid='69321' user='dotsha' visible='true' version='1' changeset='7817587' lat='3.1864245' lon='101.616835' />
  <node id='1239287177' action='delete' timestamp='2011-04-09T22:12:05Z' uid='69321' user='dotsha' visible='true' version='1' changeset='7817587' lat='3.1856961' lon='101.6190666' />
  <node id='1239287181' action='delete' timestamp='2011-04-09T22:12:05Z' uid='69321' user='dotsha' visible='true' version='1' changeset='7817587' lat='3.1833661' lon='101.6177148' />
  <node id='1239287184' action='delete' timestamp='2011-04-09T22:12:05Z' uid='69321' user='dotsha' visible='true' version='1' changeset='7817587' lat='3.188749' lon='101.6162985' />
  <node id='1239287189' action='delete' timestamp='2011-04-09T22:12:06Z' uid='69321' user='dotsha' visible='true' version='1' changeset='7817587' lat='3.1837571' lon='101.6156816' />
  <node id='1239287192' action='delete' timestamp='2011-04-09T22:12:06Z' uid='69321' user='dotsha' visible='true' version='1' changeset='7817587' lat='3.1884598' lon='101.6164353' />
  <node id='1239287193' action='delete' timestamp='2011-04-09T22:12:06Z' uid='69321' user='dotsha' visible='true' version='1' changeset='7817587' lat='3.1869173' lon='101.6162744' />
  <node id='1239287194' action='delete' timestamp='2011-04-09T22:12:06Z' uid='69321' user='dotsha' visible='true' version='1' changeset='7817587' lat='3.187132956' lon='101.619086559' />
  <node id='1239287195' action='delete' timestamp='2022-12-23T02:17:18Z' uid='3191182' user='angys' visible='true' version='2' changeset='130398443' lat='3.18806905661' lon='101.617544559' />
  <node id='1239287196' action='delete' timestamp='2020-08-29T13:25:05Z' uid='7131393' user='AndrewYeoh' visible='true' version='2' changeset='90119907' lat='3.1836844' lon='101.6142921' />
  <node id='1239287203' action='delete' timestamp='2022-12-23T02:17:18Z' uid='3191182' user='angys' visible='true' version='2' changeset='130398443' lat='3.1875732' lon='101.618062' />
  <node id='1239287205' timestamp='2011-04-09T22:12:06Z' uid='69321' user='dotsha' visible='true' version='1' changeset='7817587' lat='3.1853233' lon='101.6138118' />
  <node id='1239287206' action='delete' timestamp='2012-09-23T13:57:32Z' uid='645407' user='Wing Hoe' visible='true' version='2' changeset='13220345' lat='3.1843968' lon='101.612529' />
  <node id='1239287207' action='delete' timestamp='2011-04-09T22:12:06Z' uid='69321' user='dotsha' visible='true' version='1' changeset='7817587' lat='3.184432' lon='101.6122162' />
  <node id='1239287208' action='delete' timestamp='2011-04-09T22:12:06Z' uid='69321' user='dotsha' visible='true' version='1' changeset='7817587' lat='3.1846034' lon='101.611948' />
  <node id='1239287209' action='delete' timestamp='2011-04-09T22:12:06Z' uid='69321' user='dotsha' visible='true' version='1' changeset='7817587' lat='3.184827' lon='101.6144043' />
  <node id='1239287210' action='delete' timestamp='2011-04-09T22:12:06Z' uid='69321' user='dotsha' visible='true' version='1' changeset='7817587' lat='3.1839982' lon='101.6122484' />
  <node id='1239287211' action='delete' timestamp='2011-04-09T22:12:07Z' uid='69321' user='dotsha' visible='true' version='1' changeset='7817587' lat='3.1868958' lon='101.6159767' />
  <node id='1239287212' action='delete' timestamp='2011-04-09T22:12:07Z' uid='69321' user='dotsha' visible='true' version='1' changeset='7817587' lat='3.185019' lon='101.6143987' />
  <node id='1239287214' action='delete' timestamp='2011-04-09T22:12:07Z' uid='69321' user='dotsha' visible='true' version='1' changeset='7817587' lat='3.1875064' lon='101.6177362' />
  <node id='1239287215' action='delete' timestamp='2011-04-09T22:12:07Z' uid='69321' user='dotsha' visible='true' version='1' changeset='7817587' lat='3.1888696' lon='101.6160357' />
  <node id='1239287216' action='delete' timestamp='2021-10-11T10:56:54Z' uid='9847848' user='Guadiana' visible='true' version='2' changeset='112369493' lat='3.1838302' lon='101.6188657' />
  <node id='1239287219' action='delete' timestamp='2022-12-23T02:17:18Z' uid='3191182' user='angys' visible='true' version='2' changeset='130398443' lat='3.18748005622' lon='101.618984159' />
  <node id='1239287225' action='delete' timestamp='2011-04-09T22:12:07Z' uid='69321' user='dotsha' visible='true' version='1' changeset='7817587' lat='3.18910125728' lon='101.617128559' />
  <node id='1239287227' action='delete' timestamp='2011-04-09T22:12:07Z' uid='69321' user='dotsha' visible='true' version='1' changeset='7817587' lat='3.1844534' lon='101.6114062' />
  <node id='1239287228' action='delete' timestamp='2011-04-09T22:12:07Z' uid='69321' user='dotsha' visible='true' version='1' changeset='7817587' lat='3.184357' lon='101.610623' />
  <node id='1239287230' action='delete' timestamp='2019-12-11T00:58:31Z' uid='8072125' user='Silvia IRM-ED' visible='true' version='2' changeset='78231426' lat='3.1843221' lon='101.6100671' />
  <node id='1239287231' action='delete' timestamp='2011-04-09T22:12:07Z' uid='69321' user='dotsha' visible='true' version='1' changeset='7817587' lat='3.1844166' lon='101.6148943' />
  <node id='1239287232' action='delete' timestamp='2011-04-09T22:12:07Z' uid='69321' user='dotsha' visible='true' version='1' changeset='7817587' lat='3.1841169' lon='101.6152521' />
  <node id='1239287233' timestamp='2012-09-22T12:26:09Z' uid='645407' user='Wing Hoe' visible='true' version='2' changeset='13206831' lat='3.1956466' lon='101.6161652' />
  <node id='1239287234' action='delete' timestamp='2011-04-09T22:12:08Z' uid='69321' user='dotsha' visible='true' version='1' changeset='7817587' lat='3.1857443' lon='101.619131' />
  <node id='1239287236' action='delete' timestamp='2022-12-23T02:17:18Z' uid='3191182' user='angys' visible='true' version='2' changeset='130398443' lat='3.1892845574' lon='101.617447159' />
  <node id='1239287238' action='delete' timestamp='2011-04-09T22:12:08Z' uid='69321' user='dotsha' visible='true' version='1' changeset='7817587' lat='3.1854817' lon='101.616387' />
  <node id='1239287239' action='delete' timestamp='2011-04-09T22:12:08Z' uid='69321' user='dotsha' visible='true' version='1' changeset='7817587' lat='3.186177' lon='101.6155621' />
  <node id='1239287240' action='delete' timestamp='2011-04-09T22:12:08Z' uid='69321' user='dotsha' visible='true' version='1' changeset='7817587' lat='3.1842928' lon='101.61919' />
  <node id='1239287241' action='delete' timestamp='2011-04-09T22:12:08Z' uid='69321' user='dotsha' visible='true' version='1' changeset='7817587' lat='3.1851157' lon='101.6168194' />
  <node id='1239287244' timestamp='2011-04-09T22:12:08Z' uid='69321' user='dotsha' visible='true' version='1' changeset='7817587' lat='3.1891883' lon='101.6164756' />
  <node id='1239287245' action='delete' timestamp='2022-12-23T02:17:18Z' uid='3191182' user='angys' visible='true' version='2' changeset='130398443' lat='3.1885156569' lon='101.617218059' />
  <node id='1239287252' action='delete' timestamp='2011-04-09T22:12:08Z' uid='69321' user='dotsha' visible='true' version='1' changeset='7817587' lat='3.184456' lon='101.6162669' />
  <node id='1239287253' action='delete' timestamp='2022-12-23T02:17:18Z' uid='3191182' user='angys' visible='true' version='2' changeset='130398443' lat='3.1840453' lon='101.6177614' />
  <node id='1239287256' action='delete' timestamp='2011-04-09T22:12:09Z' uid='69321' user='dotsha' visible='true' version='1' changeset='7817587' lat='3.1846757' lon='101.6124898' />
  <node id='1239287257' action='delete' timestamp='2011-04-09T22:12:09Z' uid='69321' user='dotsha' visible='true' version='1' changeset='7817587' lat='3.1847779' lon='101.614463' />
  <node id='1239287258' action='delete' timestamp='2011-04-09T22:12:09Z' uid='69321' user='dotsha' visible='true' version='1' changeset='7817587' lat='3.1876189' lon='101.6154563' />
  <node id='1239287264' action='delete' timestamp='2011-04-09T22:12:09Z' uid='69321' user='dotsha' visible='true' version='1' changeset='7817587' lat='3.188117' lon='101.6172588' />
  <node id='1239287270' action='delete' timestamp='2011-04-09T22:12:09Z' uid='69321' user='dotsha' visible='true' version='1' changeset='7817587' lat='3.1841211' lon='101.6159865' />
  <node id='1239287276' timestamp='2011-04-09T22:12:09Z' uid='69321' user='dotsha' visible='true' version='1' changeset='7817587' lat='3.1873987' lon='101.615588' />
  <node id='1239287277' action='delete' timestamp='2011-04-09T22:12:09Z' uid='69321' user='dotsha' visible='true' version='1' changeset='7817587' lat='3.1884089' lon='101.6163549' />
  <node id='1239287281' action='delete' timestamp='2011-04-09T22:12:10Z' uid='69321' user='dotsha' visible='true' version='1' changeset='7817587' lat='3.1837214' lon='101.6173021' />
  <node id='1239287282' action='delete' timestamp='2011-04-09T22:12:10Z' uid='69321' user='dotsha' visible='true' version='1' changeset='7817587' lat='3.1885348' lon='101.6162154' />
  <node id='1239287284' action='delete' timestamp='2011-04-09T22:12:10Z' uid='69321' user='dotsha' visible='true' version='1' changeset='7817587' lat='3.186892' lon='101.6161753' />
  <node id='1239287285' action='delete' timestamp='2011-04-09T22:12:10Z' uid='69321' user='dotsha' visible='true' version='1' changeset='7817587' lat='3.1876993' lon='101.6153651' />
  <node id='1239287286' action='delete' timestamp='2011-04-09T22:12:10Z' uid='69321' user='dotsha' visible='true' version='1' changeset='7817587' lat='3.18689995584' lon='101.616160259' />
  <node id='1239287289' action='delete' timestamp='2011-04-09T22:12:10Z' uid='69321' user='dotsha' visible='true' version='1' changeset='7817587' lat='3.1858414' lon='101.6159687' />
  <node id='1239287292' action='delete' timestamp='2019-12-11T00:58:31Z' uid='8072125' user='Silvia IRM-ED' visible='true' version='2' changeset='78231426' lat='3.1843249' lon='101.6096255' />
  <node id='1239287295' action='delete' timestamp='2022-12-23T02:17:18Z' uid='3191182' user='angys' visible='true' version='2' changeset='130398443' lat='3.1844712' lon='101.6181346' />
  <node id='1239287297' action='delete' timestamp='2014-09-05T04:11:08Z' uid='536853' user='kucai' visible='true' version='2' changeset='25240182' lat='3.1848267' lon='101.615842' />
  <node id='1239287300' action='delete' timestamp='2011-04-09T22:12:11Z' uid='69321' user='dotsha' visible='true' version='1' changeset='7817587' lat='3.1844753' lon='101.6148242' />
  <node id='1239287301' action='delete' timestamp='2011-04-09T22:12:11Z' uid='69321' user='dotsha' visible='true' version='1' changeset='7817587' lat='3.1865547' lon='101.6165663' />
  <node id='1239287302' action='delete' timestamp='2011-04-09T22:12:11Z' uid='69321' user='dotsha' visible='true' version='1' changeset='7817587' lat='3.184072' lon='101.6153058' />
  <node id='1239287306' timestamp='2011-04-09T22:12:11Z' uid='69321' user='dotsha' visible='true' version='1' changeset='7817587' lat='3.1894453' lon='101.6162717' />
  <node id='1239287307' action='delete' timestamp='2022-12-23T02:17:18Z' uid='3191182' user='angys' visible='true' version='2' changeset='130398443' lat='3.18879765709' lon='101.617011959' />
  <node id='1239287312' action='delete' timestamp='2014-09-05T04:11:08Z' uid='536853' user='kucai' visible='true' version='2' changeset='25240182' lat='3.1851912' lon='101.6154241' />
  <node id='1239287313' action='delete' timestamp='2011-04-09T22:12:11Z' uid='69321' user='dotsha' visible='true' version='1' changeset='7817587' lat='3.1858243' lon='101.6174129' />
  <node id='1239287314' action='delete' timestamp='2011-04-09T22:12:11Z' uid='69321' user='dotsha' visible='true' version='1' changeset='7817587' lat='3.18496' lon='101.616689' />
  <node id='1239287317' action='delete' timestamp='2011-04-09T22:12:11Z' uid='69321' user='dotsha' visible='true' version='1' changeset='7817587' lat='3.1836353' lon='101.6174021' />
  <node id='1239287321' action='delete' timestamp='2011-04-09T22:12:11Z' uid='69321' user='dotsha' visible='true' version='1' changeset='7817587' lat='3.1843569' lon='101.6141191' />
  <node id='1239287327' action='delete' timestamp='2011-04-09T22:12:12Z' uid='69321' user='dotsha' visible='true' version='1' changeset='7817587' lat='3.1853745' lon='101.6170362' />
  <node id='1239287330' action='delete' timestamp='2011-04-09T22:12:12Z' uid='69321' user='dotsha' visible='true' version='1' changeset='7817587' lat='3.1859847' lon='101.6172269' />
  <node id='1239287333' action='delete' timestamp='2011-04-09T22:12:12Z' uid='69321' user='dotsha' visible='true' version='1' changeset='7817587' lat='3.184547' lon='101.6163431' />
  <node id='1239302042' action='delete' timestamp='2022-06-02T16:28:40Z' uid='3191182' user='angys' visible='true' version='4' changeset='121859623' lat='3.196522' lon='101.6185636' />
  <node id='1239302056' action='delete' timestamp='2020-11-26T14:10:10Z' uid='3191182' user='angys' visible='true' version='2' changeset='94845554' lat='3.1912154' lon='101.6188959' />
  <node id='1239302061' action='delete' timestamp='2020-11-26T14:10:10Z' uid='3191182' user='angys' visible='true' version='2' changeset='94845554' lat='3.1935731' lon='101.6180689' />
  <node id='1239302067' action='delete' timestamp='2020-11-26T14:10:10Z' uid='3191182' user='angys' visible='true' version='3' changeset='94845554' lat='3.1904015' lon='101.6174497' />
  <node id='1239302068' action='delete' timestamp='2020-11-26T14:10:10Z' uid='3191182' user='angys' visible='true' version='3' changeset='94845554' lat='3.1941389' lon='101.6183089' />
  <node id='1239302073' action='delete' timestamp='2026-05-05T16:33:22Z' uid='3191182' user='angys' visible='true' version='4' changeset='182258123' lat='3.1986742' lon='101.6171314' />
  <node id='1239302075' action='delete' timestamp='2011-04-09T22:53:20Z' uid='69321' user='dotsha' visible='true' version='1' changeset='7818221' lat='3.1964162' lon='101.616041' />
  <node id='1239302082' action='delete' timestamp='2026-05-05T16:33:22Z' uid='3191182' user='angys' visible='true' version='5' changeset='182258123' lat='3.1975525' lon='101.6184764' />
  <node id='1239302100' action='delete' timestamp='2024-10-18T17:16:42Z' uid='257555' user='rene78' visible='true' version='4' changeset='158060921' lat='3.1927145' lon='101.6169119' />
  <node id='1239302102' action='delete' timestamp='2024-10-18T17:16:42Z' uid='257555' user='rene78' visible='true' version='4' changeset='158060921' lat='3.1938381' lon='101.6168982' />
  <node id='1239302106' action='delete' timestamp='2022-06-02T16:28:40Z' uid='3191182' user='angys' visible='true' version='4' changeset='121859623' lat='3.1947223' lon='101.6186226' />
  <node id='1239302109' action='delete' timestamp='2022-04-29T09:20:49Z' uid='3191182' user='angys' visible='true' version='2' changeset='120339515' lat='3.1910335' lon='101.6168429' />
  <node id='1239302110' action='delete' timestamp='2022-06-02T16:28:40Z' uid='3191182' user='angys' visible='true' version='2' changeset='121859623' lat='3.1968346' lon='101.6156698' />
  <node id='1239302111' action='delete' timestamp='2020-11-26T14:10:10Z' uid='3191182' user='angys' visible='true' version='2' changeset='94845554' lat='3.1930888' lon='101.6180375' />
  <node id='1239302113' action='delete' timestamp='2020-11-26T14:10:10Z' uid='3191182' user='angys' visible='true' version='2' changeset='94845554' lat='3.1905803' lon='101.617473' />
  <node id='1239302121' action='delete' timestamp='2011-04-09T22:53:22Z' uid='69321' user='dotsha' visible='true' version='1' changeset='7818221' lat='3.1957842' lon='101.6164031' />
  <node id='1239302172' action='delete' timestamp='2024-10-18T17:16:42Z' uid='257555' user='rene78' visible='true' version='3' changeset='158060921' lat='3.194397' lon='101.6168326' />
  <node id='1239302182' action='delete' timestamp='2011-04-09T22:53:24Z' uid='69321' user='dotsha' visible='true' version='1' changeset='7818221' lat='3.1949783' lon='101.6167411' />
  <node id='1239302191' action='delete' timestamp='2020-11-26T14:10:10Z' uid='3191182' user='angys' visible='true' version='2' changeset='94845554' lat='3.1907228' lon='101.6187696' />
  <node id='1239303008' action='delete' timestamp='2018-07-04T08:24:28Z' uid='7671617' user='Rakesh9' visible='true' version='2' changeset='60401357' lat='3.191861' lon='101.6150836' />
  <node id='1239303009' action='delete' timestamp='2011-04-09T22:58:22Z' uid='69321' user='dotsha' visible='true' version='1' changeset='7818221' lat='3.1909049' lon='101.6161966' />
  <node id='1239303010' action='delete' timestamp='2018-07-04T08:24:28Z' uid='7671617' user='Rakesh9' visible='true' version='2' changeset='60401357' lat='3.1909297' lon='101.6157917' />
  <node id='1239303011' action='delete' timestamp='2018-07-04T08:24:28Z' uid='7671617' user='Rakesh9' visible='true' version='2' changeset='60401357' lat='3.1904443' lon='101.6161161' />
  <node id='1239303012' timestamp='2011-04-09T22:58:22Z' uid='69321' user='dotsha' visible='true' version='1' changeset='7818221' lat='3.1925847' lon='101.6149721' />
  <node id='1239566826' action='delete' timestamp='2011-04-10T09:32:23Z' uid='69321' user='dotsha' visible='true' version='1' changeset='7820862' lat='3.1953795' lon='101.614937' />
  <node id='1239566828' action='delete' timestamp='2023-06-12T14:05:54Z' uid='10678755' user='rat_lorand_grab' visible='true' version='3' changeset='137246517' lat='3.1941479' lon='101.6107217' />
  <node id='1239566833' timestamp='2011-04-10T09:32:24Z' uid='69321' user='dotsha' visible='true' version='1' changeset='7820862' lat='3.1926402' lon='101.6163951' />
  <node id='1239566839' timestamp='2012-09-22T12:26:08Z' uid='645407' user='Wing Hoe' visible='true' version='2' changeset='13206831' lat='3.1963176' lon='101.6157902' />
  <node id='1239566842' action='delete' timestamp='2011-04-10T09:32:24Z' uid='69321' user='dotsha' visible='true' version='1' changeset='7820862' lat='3.1937842' lon='101.6145884' />
  <node id='1239566847' timestamp='2011-04-10T09:32:24Z' uid='69321' user='dotsha' visible='true' version='1' changeset='7820862' lat='3.195846' lon='101.6152699' />
  <node id='1239566852' action='delete' timestamp='2011-04-10T09:32:24Z' uid='69321' user='dotsha' visible='true' version='1' changeset='7820862' lat='3.1937149' lon='101.6159429' />
  <node id='1239566880' action='delete' timestamp='2011-04-10T09:32:25Z' uid='69321' user='dotsha' visible='true' version='1' changeset='7820862' lat='3.1936771' lon='101.6165306' />
  <node id='1239566883' action='delete' timestamp='2011-04-10T09:32:25Z' uid='69321' user='dotsha' visible='true' version='1' changeset='7820862' lat='3.1937499' lon='101.6153986' />
  <node id='1239566889' timestamp='2011-04-10T09:32:26Z' uid='69321' user='dotsha' visible='true' version='1' changeset='7820862' lat='3.1960922' lon='101.6155314' />
  <node id='1239566891' timestamp='2011-04-10T09:32:26Z' uid='69321' user='dotsha' visible='true' version='1' changeset='7820862' lat='3.1927353' lon='101.6164969' />
  <node id='1239566895' timestamp='2011-04-10T09:32:26Z' uid='69321' user='dotsha' visible='true' version='1' changeset='7820862' lat='3.1958271' lon='101.6152498' />
  <node id='1239566906' action='delete' timestamp='2011-04-10T09:32:26Z' uid='69321' user='dotsha' visible='true' version='1' changeset='7820862' lat='3.1953905' lon='101.614944' />
  <node id='1239566919' action='delete' timestamp='2011-04-10T09:32:26Z' uid='69321' user='dotsha' visible='true' version='1' changeset='7820862' lat='3.1949138' lon='101.6146409' />
  <node id='1239566959' timestamp='2011-04-10T09:32:27Z' uid='69321' user='dotsha' visible='true' version='1' changeset='7820862' lat='3.1925638' lon='101.6147935' />
  <node id='1239566965' action='delete' timestamp='2011-04-10T09:32:27Z' uid='69321' user='dotsha' visible='true' version='1' changeset='7820862' lat='3.1928276' lon='101.6153276' />
  <node id='1239566985' action='delete' timestamp='2011-04-10T09:32:28Z' uid='69321' user='dotsha' visible='true' version='1' changeset='7820862' lat='3.1936525' lon='101.6165319' />
  <node id='1239566993' action='delete' timestamp='2023-06-12T14:05:54Z' uid='10678755' user='rat_lorand_grab' visible='true' version='2' changeset='137246517' lat='3.1932174' lon='101.6107033' />
  <node id='1239567004' timestamp='2011-04-10T09:32:28Z' uid='69321' user='dotsha' visible='true' version='1' changeset='7820862' lat='3.1956198' lon='101.6151046' />
  <node id='1239567023' action='delete' timestamp='2011-04-10T09:32:29Z' uid='69321' user='dotsha' visible='true' version='1' changeset='7820862' lat='3.1944291' lon='101.61448' />
  <node id='1239567027' action='delete' timestamp='2023-06-12T14:05:54Z' uid='10678755' user='rat_lorand_grab' visible='true' version='3' changeset='137246517' lat='3.1944656' lon='101.610617' />
  <node id='1239567035' action='delete' timestamp='2023-06-12T14:05:54Z' uid='10678755' user='rat_lorand_grab' visible='true' version='3' changeset='137246517' lat='3.1934835' lon='101.6107563' />
  <node id='1239567048' timestamp='2011-04-10T09:32:29Z' uid='69321' user='dotsha' visible='true' version='1' changeset='7820862' lat='3.1962038' lon='101.6156622' />
  <node id='1239567060' action='delete' timestamp='2011-04-10T09:32:29Z' uid='69321' user='dotsha' visible='true' version='1' changeset='7820862' lat='3.1927875' lon='101.6158801' />
  <node id='1239567077' action='delete' timestamp='2023-06-12T14:05:54Z' uid='10678755' user='rat_lorand_grab' visible='true' version='3' changeset='137246517' lat='3.1938215' lon='101.6107712' />
  <node id='1239571664' action='delete' timestamp='2011-04-10T09:39:59Z' uid='69321' user='dotsha' visible='true' version='1' changeset='7820862' lat='3.1937934' lon='101.6112685' />
  <node id='1239571665' action='delete' timestamp='2020-09-22T17:33:32Z' uid='11399630' user='PerpetualHiker' visible='true' version='2' changeset='91312238' lat='3.1942202' lon='101.6115319' />
  <node id='1239571666' action='delete' timestamp='2011-04-10T11:02:40Z' uid='69321' user='dotsha' visible='true' version='2' changeset='7821675' lat='3.192308' lon='101.6102738' />
  <node id='1239571667' action='delete' timestamp='2021-02-18T05:51:12Z' uid='10892549' user='NanMadol' visible='true' version='2' changeset='99493661' lat='3.1957421' lon='101.6098867' />
  <node id='1239571668' action='delete' timestamp='2021-02-18T05:51:12Z' uid='10892549' user='NanMadol' visible='true' version='2' changeset='99493661' lat='3.1944948' lon='101.6080467' />
  <node id='1239571669' action='delete' timestamp='2011-04-10T09:39:59Z' uid='69321' user='dotsha' visible='true' version='1' changeset='7820862' lat='3.1926622' lon='101.6106267' />
  <node id='1239571670' action='delete' timestamp='2011-04-10T09:39:59Z' uid='69321' user='dotsha' visible='true' version='1' changeset='7820862' lat='3.1933174' lon='101.6109985' />
  <node id='1239571671' action='delete' timestamp='2021-02-18T05:51:12Z' uid='10892549' user='NanMadol' visible='true' version='2' changeset='99493661' lat='3.1939625' lon='101.6106827' />
  <node id='1239571672' action='delete' timestamp='2023-06-12T14:05:54Z' uid='10678755' user='rat_lorand_grab' visible='true' version='2' changeset='137246517' lat='3.1933139' lon='101.6107328' />
  <node id='1239571673' action='delete' timestamp='2021-02-18T05:51:12Z' uid='10892549' user='NanMadol' visible='true' version='2' changeset='99493661' lat='3.1941798' lon='101.607857' />
  <node id='1239571674' action='delete' timestamp='2021-02-18T05:51:12Z' uid='10892549' user='NanMadol' visible='true' version='2' changeset='99493661' lat='3.1942919' lon='101.6106183' />
  <node id='1239571675' action='delete' timestamp='2011-04-10T09:39:59Z' uid='69321' user='dotsha' visible='true' version='1' changeset='7820862' lat='3.1931998' lon='101.6109317' />
  <node id='1239571676' action='delete' timestamp='2011-04-10T09:40:00Z' uid='69321' user='dotsha' visible='true' version='1' changeset='7820862' lat='3.1929408' lon='101.6116131' />
  <node id='1239571677' action='delete' timestamp='2023-06-12T14:05:54Z' uid='10678755' user='rat_lorand_grab' visible='true' version='3' changeset='137246517' lat='3.1925992' lon='101.6104174' />
  <node id='1239571678' action='delete' timestamp='2011-04-10T09:40:00Z' uid='69321' user='dotsha' visible='true' version='1' changeset='7820862' lat='3.1928242' lon='101.6115464' />
  <node id='1239571679' action='delete' timestamp='2011-04-10T09:40:00Z' uid='69321' user='dotsha' visible='true' version='1' changeset='7820862' lat='3.1932446' lon='101.6109571' />
  <node id='1239571680' action='delete' timestamp='2021-02-18T05:51:12Z' uid='10892549' user='NanMadol' visible='true' version='2' changeset='99493661' lat='3.1950063' lon='101.6084759' />
  <node id='1239571681' action='delete' timestamp='2021-02-18T05:51:12Z' uid='10892549' user='NanMadol' visible='true' version='2' changeset='99493661' lat='3.1958244' lon='101.6096058' />
  <node id='1239571684' action='delete' timestamp='2011-04-10T09:40:00Z' uid='69321' user='dotsha' visible='true' version='1' changeset='7820862' lat='3.192529' lon='101.6105511' />
  <node id='1239571685' action='delete' timestamp='2020-09-22T17:33:32Z' uid='11399630' user='PerpetualHiker' visible='true' version='2' changeset='91312238' lat='3.1938884' lon='101.6121435' />
  <node id='1239571686' action='delete' timestamp='2021-02-18T05:51:12Z' uid='10892549' user='NanMadol' visible='true' version='2' changeset='99493661' lat='3.1927661' lon='101.6103038' />
  <node id='1239571687' action='delete' timestamp='2011-04-10T09:40:01Z' uid='69321' user='dotsha' visible='true' version='1' changeset='7820862' lat='3.1934189' lon='101.6118868' />
  <node id='1239571688' action='delete' timestamp='2021-02-18T05:51:12Z' uid='10892549' user='NanMadol' visible='true' version='2' changeset='99493661' lat='3.192821' lon='101.6104332' />
  <node id='1239571689' action='delete' timestamp='2011-04-10T09:40:01Z' uid='69321' user='dotsha' visible='true' version='1' changeset='7820862' lat='3.1922942' lon='101.6112549' />
  <node id='1239571690' action='delete' timestamp='2021-02-18T05:51:12Z' uid='10892549' user='NanMadol' visible='true' version='2' changeset='99493661' lat='3.1931464' lon='101.6105935' />
  <node id='1239643575' action='delete' timestamp='2011-04-10T11:02:08Z' uid='69321' user='dotsha' visible='true' version='1' changeset='7821675' lat='3.1881208' lon='101.6077857' />
  <node id='1239643581' action='delete' timestamp='2011-04-10T11:02:08Z' uid='69321' user='dotsha' visible='true' version='1' changeset='7821675' lat='3.1874101' lon='101.6073695' />
  <node id='1239643593' action='delete' timestamp='2011-04-10T11:02:09Z' uid='69321' user='dotsha' visible='true' version='1' changeset='7821675' lat='3.1913885' lon='101.6113913' />
  <node id='1239643606' action='delete' timestamp='2011-04-10T11:02:10Z' uid='69321' user='dotsha' visible='true' version='1' changeset='7821675' lat='3.1889988' lon='101.6100035' />
  <node id='1239643612' action='delete' timestamp='2011-04-10T11:02:10Z' uid='69321' user='dotsha' visible='true' version='1' changeset='7821675' lat='3.1885338' lon='101.6097335' />
  <node id='1239643637' action='delete' timestamp='2011-04-10T11:02:11Z' uid='69321' user='dotsha' visible='true' version='1' changeset='7821675' lat='3.1876538' lon='101.6074499' />
  <node id='1239643639' action='delete' timestamp='2011-04-10T11:02:11Z' uid='69321' user='dotsha' visible='true' version='1' changeset='7821675' lat='3.1892091' lon='101.6086018' />
  <node id='1239643660' action='delete' timestamp='2011-04-10T11:02:12Z' uid='69321' user='dotsha' visible='true' version='1' changeset='7821675' lat='3.1920562' lon='101.6102741' />
  <node id='1239643664' action='delete' timestamp='2011-04-10T11:02:12Z' uid='69321' user='dotsha' visible='true' version='1' changeset='7821675' lat='3.1876002' lon='101.6073748' />
  <node id='1239643669' action='delete' timestamp='2011-04-10T11:02:12Z' uid='69321' user='dotsha' visible='true' version='1' changeset='7821675' lat='3.1910004' lon='101.6095062' />
  <node id='1239643671' action='delete' timestamp='2011-04-10T11:02:12Z' uid='69321' user='dotsha' visible='true' version='1' changeset='7821675' lat='3.188728' lon='101.6083176' />
  <node id='1239643679' action='delete' timestamp='2011-04-10T11:02:13Z' uid='69321' user='dotsha' visible='true' version='1' changeset='7821675' lat='3.1878332' lon='101.6077021' />
  <node id='1239643682' action='delete' timestamp='2011-04-10T11:02:13Z' uid='69321' user='dotsha' visible='true' version='1' changeset='7821675' lat='3.1894827' lon='101.6102845' />
  <node id='1239643689' action='delete' timestamp='2011-04-10T11:02:13Z' uid='69321' user='dotsha' visible='true' version='1' changeset='7821675' lat='3.1911045' lon='101.6097167' />
  <node id='1239643714' action='delete' timestamp='2020-09-22T16:25:25Z' uid='11399630' user='PerpetualHiker' visible='true' version='2' changeset='91309362' lat='3.1866469' lon='101.6086154' />
  <node id='1239643731' action='delete' timestamp='2011-04-10T11:02:15Z' uid='69321' user='dotsha' visible='true' version='1' changeset='7821675' lat='3.187829' lon='101.6076962' />
  <node id='1239643746' action='delete' timestamp='2011-04-10T11:02:15Z' uid='69321' user='dotsha' visible='true' version='1' changeset='7821675' lat='3.1931067' lon='101.6095605' />
  <node id='1239643751' action='delete' timestamp='2011-04-10T11:02:16Z' uid='69321' user='dotsha' visible='true' version='1' changeset='7821675' lat='3.1904376' lon='101.6108391' />
  <node id='1239643753' action='delete' timestamp='2011-04-10T11:02:16Z' uid='69321' user='dotsha' visible='true' version='1' changeset='7821675' lat='3.1901657' lon='101.6091667' />
  <node id='1239643770' action='delete' timestamp='2011-04-10T11:02:16Z' uid='69321' user='dotsha' visible='true' version='1' changeset='7821675' lat='3.1880502' lon='101.6094526' />
  <node id='1239643787' action='delete' timestamp='2011-04-10T11:02:17Z' uid='69321' user='dotsha' visible='true' version='1' changeset='7821675' lat='3.1896921' lon='101.6088871' />
  <node id='1239643795' action='delete' timestamp='2011-04-10T11:02:17Z' uid='69321' user='dotsha' visible='true' version='1' changeset='7821675' lat='3.1899707' lon='101.6105679' />
  <node id='1239643802' action='delete' timestamp='2011-04-10T11:02:17Z' uid='69321' user='dotsha' visible='true' version='1' changeset='7821675' lat='3.1875868' lon='101.6072005' />
  <node id='1239643815' action='delete' timestamp='2020-09-22T16:25:25Z' uid='11399630' user='PerpetualHiker' visible='true' version='2' changeset='91309362' lat='3.1875065' lon='101.6073453' />
  <node id='1239643821' action='delete' timestamp='2011-04-10T11:02:18Z' uid='69321' user='dotsha' visible='true' version='1' changeset='7821675' lat='3.1878787' lon='101.6076135' />
  <node id='1239643822' action='delete' timestamp='2011-04-10T11:02:18Z' uid='69321' user='dotsha' visible='true' version='1' changeset='7821675' lat='3.187095' lon='101.6088979' />
  <node id='1239643882' action='delete' timestamp='2011-04-10T11:02:20Z' uid='69321' user='dotsha' visible='true' version='1' changeset='7821675' lat='3.1909161' lon='101.6111169' />
  <node id='1239643884' action='delete' timestamp='2011-04-10T11:02:20Z' uid='69321' user='dotsha' visible='true' version='1' changeset='7821675' lat='3.1884659' lon='101.6080199' />
  <node id='1239643901' action='delete' timestamp='2011-04-10T11:02:21Z' uid='69321' user='dotsha' visible='true' version='1' changeset='7821675' lat='3.188257' lon='101.6080395' />
  <node id='1239643910' action='delete' timestamp='2011-04-10T11:02:21Z' uid='69321' user='dotsha' visible='true' version='1' changeset='7821675' lat='3.1880046' lon='101.6078523' />
  <node id='1239643928' action='delete' timestamp='2011-04-10T11:02:22Z' uid='69321' user='dotsha' visible='true' version='1' changeset='7821675' lat='3.190031' lon='101.6089377' />
  <node id='1239643936' action='delete' timestamp='2011-04-10T11:02:22Z' uid='69321' user='dotsha' visible='true' version='1' changeset='7821675' lat='3.1906419' lon='101.6094457' />
  <node id='1239643954' action='delete' timestamp='2011-04-10T11:02:23Z' uid='69321' user='dotsha' visible='true' version='1' changeset='7821675' lat='3.1915768' lon='101.6099933' />
  <node id='1239643972' action='delete' timestamp='2011-04-10T11:02:24Z' uid='69321' user='dotsha' visible='true' version='1' changeset='7821675' lat='3.1875746' lon='101.6091764' />
  <node id='1366906248' action='delete' timestamp='2020-08-30T06:49:54Z' uid='7131393' user='AndrewYeoh' visible='true' version='2' changeset='90136764' lat='3.1923747' lon='101.6126784' />
  <node id='1366906252' action='delete' timestamp='2020-08-30T06:49:54Z' uid='7131393' user='AndrewYeoh' visible='true' version='2' changeset='90136764' lat='3.1925745' lon='101.6130227' />
  <node id='1366906254' action='delete' timestamp='2020-08-30T06:49:54Z' uid='7131393' user='AndrewYeoh' visible='true' version='2' changeset='90136764' lat='3.1923643' lon='101.6130242' />
  <node id='1366906255' action='delete' timestamp='2020-08-30T06:49:54Z' uid='7131393' user='AndrewYeoh' visible='true' version='2' changeset='90136764' lat='3.1926386' lon='101.6127514' />
  <node id='1366906258' action='delete' timestamp='2020-08-30T06:49:54Z' uid='7131393' user='AndrewYeoh' visible='true' version='2' changeset='90136764' lat='3.1924229' lon='101.6130483' />
  <node id='1366906260' action='delete' timestamp='2020-08-30T06:49:54Z' uid='7131393' user='AndrewYeoh' visible='true' version='2' changeset='90136764' lat='3.1925977' lon='101.612703' />
  <node id='1366906263' action='delete' timestamp='2020-08-30T06:49:54Z' uid='7131393' user='AndrewYeoh' visible='true' version='2' changeset='90136764' lat='3.192501' lon='101.6130508' />
  <node id='1366906265' action='delete' timestamp='2020-08-30T06:49:54Z' uid='7131393' user='AndrewYeoh' visible='true' version='2' changeset='90136764' lat='3.1923152' lon='101.612727' />
  <node id='1366906267' action='delete' timestamp='2020-08-30T06:49:54Z' uid='7131393' user='AndrewYeoh' visible='true' version='2' changeset='90136764' lat='3.1922829' lon='101.6127819' />
  <node id='1366906269' action='delete' timestamp='2020-08-30T06:49:54Z' uid='7131393' user='AndrewYeoh' visible='true' version='2' changeset='90136764' lat='3.1926609' lon='101.612904' />
  <node id='1366906271' action='delete' timestamp='2020-08-30T06:49:54Z' uid='7131393' user='AndrewYeoh' visible='true' version='2' changeset='90136764' lat='3.1922835' lon='101.612928' />
  <node id='1366906273' action='delete' timestamp='2020-08-30T06:49:54Z' uid='7131393' user='AndrewYeoh' visible='true' version='2' changeset='90136764' lat='3.1926655' lon='101.6128285' />
  <node id='1366906275' action='delete' timestamp='2020-08-30T06:49:54Z' uid='7131393' user='AndrewYeoh' visible='true' version='2' changeset='90136764' lat='3.1923158' lon='101.6129823' />
  <node id='1366906276' action='delete' timestamp='2020-08-30T06:49:54Z' uid='7131393' user='AndrewYeoh' visible='true' version='2' changeset='90136764' lat='3.1925317' lon='101.6126654' />
  <node id='1366906277' action='delete' timestamp='2020-08-30T06:49:54Z' uid='7131393' user='AndrewYeoh' visible='true' version='2' changeset='90136764' lat='3.1926344' lon='101.6129638' />
  <node id='1366906278' action='delete' timestamp='2020-08-30T06:49:54Z' uid='7131393' user='AndrewYeoh' visible='true' version='2' changeset='90136764' lat='3.1922693' lon='101.6128545' />
  <node id='1366906279' action='delete' timestamp='2020-08-30T06:49:54Z' uid='7131393' user='AndrewYeoh' visible='true' version='2' changeset='90136764' lat='3.1924517' lon='101.6126557' />
  <node id='1369263909' action='delete' timestamp='2020-08-28T06:13:15Z' uid='7131393' user='AndrewYeoh' visible='true' version='3' changeset='90060199' lat='3.1912057' lon='101.6136753' />
  <node id='1369263910' action='delete' timestamp='2011-07-21T18:04:07Z' uid='336460' user='robgeb' visible='true' version='1' changeset='8791002' lat='3.1919097' lon='101.6140116' />
  <node id='1369263911' action='delete' timestamp='2020-08-28T06:13:15Z' uid='7131393' user='AndrewYeoh' visible='true' version='3' changeset='90060199' lat='3.1918038' lon='101.6140488' />
  <node id='1369263913' action='delete' timestamp='2018-02-08T01:30:16Z' uid='7577823' user='nyx68' visible='true' version='2' changeset='56165709' lat='3.1917547' lon='101.6142324' />
  <node id='1369263915' action='delete' timestamp='2018-02-08T01:30:16Z' uid='7577823' user='nyx68' visible='true' version='2' changeset='56165709' lat='3.1909729' lon='101.6140961' />
  <node id='1369263916' action='delete' timestamp='2011-07-21T18:04:07Z' uid='336460' user='robgeb' visible='true' version='1' changeset='8791002' lat='3.1918531' lon='101.6142703' />
  <node id='1369263917' action='delete' timestamp='2020-08-28T06:13:15Z' uid='7131393' user='AndrewYeoh' visible='true' version='3' changeset='90060199' lat='3.1917869' lon='101.6141461' />
  <node id='1369263918' action='delete' timestamp='2020-08-28T06:13:15Z' uid='7131393' user='AndrewYeoh' visible='true' version='3' changeset='90060199' lat='3.1910057' lon='101.6141105' />
  <node id='1369263919' action='delete' timestamp='2020-08-28T06:13:15Z' uid='7131393' user='AndrewYeoh' visible='true' version='2' changeset='90060199' lat='3.1910855' lon='101.6142504' />
  <node id='1369263920' action='delete' timestamp='2020-08-28T06:13:15Z' uid='7131393' user='AndrewYeoh' visible='true' version='3' changeset='90060199' lat='3.1916833' lon='101.6138575' />
  <node id='1369263921' action='delete' timestamp='2020-08-28T06:13:15Z' uid='7131393' user='AndrewYeoh' visible='true' version='3' changeset='90060199' lat='3.191651' lon='101.6143547' />
  <node id='1369263922' action='delete' timestamp='2020-08-28T06:13:15Z' uid='7131393' user='AndrewYeoh' visible='true' version='2' changeset='90060199' lat='3.1917151' lon='101.6143092' />
  <node id='1369263923' action='delete' timestamp='2020-08-28T06:13:15Z' uid='7131393' user='AndrewYeoh' visible='true' version='3' changeset='90060199' lat='3.1914981' lon='101.614397' />
  <node id='1369263924' action='delete' timestamp='2020-08-28T06:13:15Z' uid='7131393' user='AndrewYeoh' visible='true' version='3' changeset='90060199' lat='3.1909955' lon='101.6141448' />
  <node id='1369263925' action='delete' timestamp='2018-02-08T01:30:16Z' uid='7577823' user='nyx68' visible='true' version='2' changeset='56165709' lat='3.191361' lon='101.6137371' />
  <node id='1369263926' action='delete' timestamp='2011-07-21T18:04:07Z' uid='336460' user='robgeb' visible='true' version='1' changeset='8791002' lat='3.1917831' lon='101.6143614' />
  <node id='1369263927' action='delete' timestamp='2011-07-21T18:04:07Z' uid='336460' user='robgeb' visible='true' version='1' changeset='8791002' lat='3.1913064' lon='101.6145709' />
  <node id='1369263928' action='delete' timestamp='2020-08-28T06:13:15Z' uid='7131393' user='AndrewYeoh' visible='true' version='3' changeset='90060199' lat='3.1910531' lon='101.6139038' />
  <node id='1369263929' action='delete' timestamp='2020-08-28T06:13:15Z' uid='7131393' user='AndrewYeoh' visible='true' version='3' changeset='90060199' lat='3.1915915' lon='101.6143916' />
  <node id='1369263931' action='delete' timestamp='2011-07-21T18:04:08Z' uid='336460' user='robgeb' visible='true' version='1' changeset='8791002' lat='3.1911437' lon='101.6145506' />
  <node id='1369263932' action='delete' timestamp='2020-08-28T06:13:15Z' uid='7131393' user='AndrewYeoh' visible='true' version='3' changeset='90060199' lat='3.1910285' lon='101.6138885' />
  <node id='1369263934' action='delete' timestamp='2011-07-21T18:04:08Z' uid='336460' user='robgeb' visible='true' version='1' changeset='8791002' lat='3.1914162' lon='101.6145699' />
  <node id='1369263936' action='delete' timestamp='2011-07-21T18:04:08Z' uid='336460' user='robgeb' visible='true' version='1' changeset='8791002' lat='3.1917145' lon='101.613733' />
  <node id='1730037606' action='delete' timestamp='2012-04-25T05:09:01Z' uid='645407' user='Wing Hoe' visible='true' version='1' changeset='11411194' lat='3.1898461' lon='101.6154344'>
    <tag k='amenity' v='kindergarten' />
    <tag k='name' v='Sri Saga Early Learning Center' />
  </node>
  <node id='1755847404' timestamp='2018-06-21T10:50:14Z' uid='926411' user='Marcus Loke' visible='true' version='2' changeset='60039509' lat='3.190072' lon='101.6174202' />
  <node id='1755847407' timestamp='2018-06-21T10:50:14Z' uid='926411' user='Marcus Loke' visible='true' version='2' changeset='60039509' lat='3.1900881' lon='101.618321' />
  <node id='1755847410' timestamp='2018-06-21T10:50:14Z' uid='926411' user='Marcus Loke' visible='true' version='2' changeset='60039509' lat='3.1900872' lon='101.6189259' />
  <node id='1755847414' timestamp='2018-06-21T10:50:14Z' uid='926411' user='Marcus Loke' visible='true' version='2' changeset='60039509' lat='3.1901832' lon='101.6183209' />
  <node id='1788201929' timestamp='2016-02-18T18:54:50Z' uid='72235' user='Basstoelpel' visible='true' version='3' changeset='37294935' lat='3.1380131' lon='101.6547029'>
    <tag k='power' v='portal' />
  </node>
  <node id='1788201956' timestamp='2012-06-15T05:32:32Z' uid='160164' user='mahau' visible='true' version='1' changeset='11901322' lat='3.138325' lon='101.6556203'>
    <tag k='power' v='tower' />
  </node>
  <node id='1788201992' timestamp='2012-06-15T05:32:33Z' uid='160164' user='mahau' visible='true' version='1' changeset='11901322' lat='3.1416697' lon='101.6526626'>
    <tag k='power' v='tower' />
  </node>
  <node id='1788202031' timestamp='2012-06-15T05:32:34Z' uid='160164' user='mahau' visible='true' version='1' changeset='11901322' lat='3.1460534' lon='101.6489633'>
    <tag k='power' v='tower' />
  </node>
  <node id='1788202086' timestamp='2012-06-15T05:32:36Z' uid='160164' user='mahau' visible='true' version='1' changeset='11901322' lat='3.148131' lon='101.6471992'>
    <tag k='power' v='tower' />
  </node>
  <node id='1788202129' timestamp='2012-06-15T05:32:38Z' uid='160164' user='mahau' visible='true' version='1' changeset='11901322' lat='3.1510981' lon='101.6446774'>
    <tag k='power' v='tower' />
  </node>
  <node id='1788202142' timestamp='2012-06-15T05:32:38Z' uid='160164' user='mahau' visible='true' version='1' changeset='11901322' lat='3.1520213' lon='101.6438473'>
    <tag k='power' v='tower' />
  </node>
  <node id='1788202245' timestamp='2012-06-15T05:32:42Z' uid='160164' user='mahau' visible='true' version='1' changeset='11901322' lat='3.1560899' lon='101.6451091'>
    <tag k='power' v='tower' />
  </node>
  <node id='1788202316' timestamp='2012-06-15T05:32:44Z' uid='160164' user='mahau' visible='true' version='1' changeset='11901322' lat='3.1582801' lon='101.6450287'>
    <tag k='power' v='tower' />
  </node>
  <node id='1788202378' timestamp='2012-06-15T05:32:46Z' uid='160164' user='mahau' visible='true' version='1' changeset='11901322' lat='3.1633935' lon='101.6448001'>
    <tag k='power' v='tower' />
  </node>
  <node id='1788202413' timestamp='2012-06-15T05:32:47Z' uid='160164' user='mahau' visible='true' version='1' changeset='11901322' lat='3.165424' lon='101.6446669'>
    <tag k='power' v='tower' />
  </node>
  <node id='1788202422' timestamp='2025-07-17T01:30:57Z' uid='17227421' user='mataharimau' visible='true' version='2' changeset='169038384' lat='3.1682235' lon='101.6452981'>
    <tag k='power' v='tower' />
  </node>
  <node id='1788202434' timestamp='2012-06-15T05:32:48Z' uid='160164' user='mahau' visible='true' version='1' changeset='11901322' lat='3.1707353' lon='101.6458308'>
    <tag k='power' v='tower' />
  </node>
  <node id='1788202440' timestamp='2012-06-15T05:32:48Z' uid='160164' user='mahau' visible='true' version='1' changeset='11901322' lat='3.1730113' lon='101.6458754'>
    <tag k='power' v='tower' />
  </node>
  <node id='1788202445' timestamp='2012-06-15T05:32:48Z' uid='160164' user='mahau' visible='true' version='1' changeset='11901322' lat='3.1747472' lon='101.6458718'>
    <tag k='power' v='tower' />
  </node>
  <node id='1927184814' timestamp='2020-09-18T18:58:37Z' uid='11399630' user='PerpetualHiker' visible='true' version='3' changeset='91128235' lat='3.1848268' lon='101.6122265' />
  <node id='1927184831' timestamp='2012-09-22T12:26:03Z' uid='645407' user='Wing Hoe' visible='true' version='1' changeset='13206831' lat='3.1895311' lon='101.6162419' />
  <node id='1927184833' timestamp='2012-09-22T12:26:03Z' uid='645407' user='Wing Hoe' visible='true' version='1' changeset='13206831' lat='3.1861889' lon='101.6142001' />
  <node id='1927184845' timestamp='2012-09-22T12:26:03Z' uid='645407' user='Wing Hoe' visible='true' version='1' changeset='13206831' lat='3.1910424' lon='101.6166661' />
  <node id='1927184847' timestamp='2012-09-22T12:26:03Z' uid='645407' user='Wing Hoe' visible='true' version='1' changeset='13206831' lat='3.1888204' lon='101.6159086' />
  <node id='1927184850' timestamp='2012-09-22T12:26:03Z' uid='645407' user='Wing Hoe' visible='true' version='1' changeset='13206831' lat='3.1849545' lon='101.6125593' />
  <node id='1927184854' timestamp='2023-04-20T06:19:50Z' uid='10276494' user='GrabMY_adhimzulkifly' visible='true' version='5' changeset='135132336' lat='3.1862688' lon='101.6140859'>
    <tag k='access' v='no' />
    <tag k='barrier' v='gate' />
  </node>
  <node id='1927184864' timestamp='2012-09-22T12:26:04Z' uid='645407' user='Wing Hoe' visible='true' version='1' changeset='13206831' lat='3.1851687' lon='101.6129469' />
  <node id='1927184868' timestamp='2012-09-22T12:26:04Z' uid='645407' user='Wing Hoe' visible='true' version='1' changeset='13206831' lat='3.1875701' lon='101.6151844' />
  <node id='1927184882' timestamp='2026-06-15T15:14:47Z' uid='24218636' user='Kok Yuan Ting' visible='true' version='3' changeset='184142862' lat='3.18457' lon='101.6111745' />
  <node id='1927184890' timestamp='2012-09-22T12:26:04Z' uid='645407' user='Wing Hoe' visible='true' version='1' changeset='13206831' lat='3.185436' lon='101.6133234' />
  <node id='1927184892' timestamp='2012-09-22T12:26:04Z' uid='645407' user='Wing Hoe' visible='true' version='1' changeset='13206831' lat='3.1925012' lon='101.6168117' />
  <node id='1927184900' timestamp='2012-09-22T12:26:05Z' uid='645407' user='Wing Hoe' visible='true' version='1' changeset='13206831' lat='3.1856692' lon='101.6136318' />
  <node id='1927184902' timestamp='2012-09-22T12:26:05Z' uid='645407' user='Wing Hoe' visible='true' version='1' changeset='13206831' lat='3.1936148' lon='101.6168605' />
  <node id='1927184922' timestamp='2012-09-22T12:26:05Z' uid='645407' user='Wing Hoe' visible='true' version='1' changeset='13206831' lat='3.184681' lon='101.6117222' />
  <node id='1927184932' timestamp='2020-10-15T19:32:45Z' uid='9005400' user='Rippledot' visible='true' version='2' changeset='92540789' lat='3.1876854' lon='101.6152512'>
    <tag k='highway' v='traffic_signals' />
  </node>
  <node id='1927184947' timestamp='2012-09-22T12:26:06Z' uid='645407' user='Wing Hoe' visible='true' version='1' changeset='13206831' lat='3.1940791' lon='101.6166481' />
  <node id='1927184950' timestamp='2018-06-21T10:50:14Z' uid='926411' user='Marcus Loke' visible='true' version='3' changeset='60039509' lat='3.1900835' lon='101.6164352' />
  <node id='1927184954' timestamp='2012-09-22T12:26:06Z' uid='645407' user='Wing Hoe' visible='true' version='1' changeset='13206831' lat='3.1855743' lon='101.6135213' />
  <node id='1927184958' timestamp='2012-09-22T12:26:06Z' uid='645407' user='Wing Hoe' visible='true' version='1' changeset='13206831' lat='3.184482' lon='101.6104586' />
  <node id='1928629989' action='delete' timestamp='2020-11-26T14:10:10Z' uid='3191182' user='angys' visible='true' version='2' changeset='94845554' lat='3.1904698' lon='101.616663' />
  <node id='1928629993' timestamp='2020-02-24T17:03:25Z' uid='10028118' user='OuterPace' visible='true' version='2' changeset='81415809' lat='3.1848419' lon='101.6110968' />
  <node id='1928630007' timestamp='2012-09-23T09:15:08Z' uid='645407' user='Wing Hoe' visible='true' version='1' changeset='13217167' lat='3.1847399' lon='101.6114277' />
  <node id='1928630009' timestamp='2012-09-23T09:15:08Z' uid='645407' user='Wing Hoe' visible='true' version='1' changeset='13217167' lat='3.1847345' lon='101.6115081' />
  <node id='1928630011' timestamp='2012-09-23T09:15:08Z' uid='645407' user='Wing Hoe' visible='true' version='1' changeset='13217167' lat='3.1925221' lon='101.6163848' />
  <node id='1928630015' timestamp='2012-09-23T09:15:08Z' uid='645407' user='Wing Hoe' visible='true' version='1' changeset='13217167' lat='3.1846327' lon='101.6108383' />
  <node id='1928630017' timestamp='2025-06-19T15:04:27Z' uid='17826795' user='BroharrisCanal' visible='true' version='3' changeset='167831170' lat='3.1903438' lon='101.6166365' />
  <node id='1928630021' timestamp='2018-06-21T10:50:14Z' uid='926411' user='Marcus Loke' visible='true' version='2' changeset='60039509' lat='3.1901697' lon='101.6167979' />
  <node id='1928630023' timestamp='2020-02-24T21:50:03Z' uid='10028118' user='OuterPace' visible='true' version='3' changeset='81424652' lat='3.192345' lon='101.6166167' />
  <node id='1928630032' timestamp='2020-02-24T17:03:25Z' uid='10028118' user='OuterPace' visible='true' version='2' changeset='81415809' lat='3.1847961' lon='101.6112548' />
  <node id='1928630041' timestamp='2012-09-23T09:15:08Z' uid='645407' user='Wing Hoe' visible='true' version='1' changeset='13217167' lat='3.1926378' lon='101.6166316' />
  <node id='1928630053' timestamp='2012-09-23T09:15:09Z' uid='645407' user='Wing Hoe' visible='true' version='1' changeset='13217167' lat='3.1847388' lon='101.6119247' />
  <node id='1928630059' timestamp='2020-02-24T21:50:03Z' uid='10028118' user='OuterPace' visible='true' version='2' changeset='81424652' lat='3.1925906' lon='101.6165855' />
  <node id='1928630066' timestamp='2018-06-21T10:50:14Z' uid='926411' user='Marcus Loke' visible='true' version='2' changeset='60039509' lat='3.1900132' lon='101.6165806' />
  <node id='1928630068' timestamp='2025-06-19T15:04:27Z' uid='17826795' user='BroharrisCanal' visible='true' version='2' changeset='167831170' lat='3.1905211' lon='101.6165407' />
  <node id='1928630073' timestamp='2020-02-28T20:07:06Z' uid='9965337' user='ReedtheRiver' visible='true' version='2' changeset='81605632' lat='3.1845696' lon='101.6122878' />
  <node id='1928630083' timestamp='2018-06-21T10:50:14Z' uid='926411' user='Marcus Loke' visible='true' version='2' changeset='60039509' lat='3.1898659' lon='101.6164277' />
  <node id='1928630088' timestamp='2020-02-24T21:50:03Z' uid='10028118' user='OuterPace' visible='true' version='3' changeset='81424652' lat='3.1924133' lon='101.6165663' />
  <node id='1928630099' timestamp='2012-11-21T04:47:20Z' uid='427807' user='Tungmar' visible='true' version='2' changeset='13953838' lat='3.1846974' lon='101.6121588' />
  <node id='1928630101' timestamp='2012-09-23T09:15:09Z' uid='645407' user='Wing Hoe' visible='true' version='1' changeset='13217167' lat='3.1921764' lon='101.6166626' />
  <node id='1928630107' timestamp='2018-06-21T10:50:14Z' uid='926411' user='Marcus Loke' visible='true' version='2' changeset='60039509' lat='3.190077' lon='101.6166772' />
  <node id='1928630126' timestamp='2012-09-23T09:15:10Z' uid='645407' user='Wing Hoe' visible='true' version='1' changeset='13217167' lat='3.1928786' lon='101.6167068' />
  <node id='1928630135' timestamp='2020-02-24T17:03:25Z' uid='10028118' user='OuterPace' visible='true' version='2' changeset='81415809' lat='3.1847212' lon='101.6110093' />
  <node id='1928630137' timestamp='2020-02-24T21:50:03Z' uid='10028118' user='OuterPace' visible='true' version='3' changeset='81424652' lat='3.1924627' lon='101.6164993' />
  <node id='1928630144' timestamp='2012-09-23T09:15:10Z' uid='645407' user='Wing Hoe' visible='true' version='1' changeset='13217167' lat='3.1846355' lon='101.612345' />
  <node id='1928630148' timestamp='2012-09-23T09:15:10Z' uid='645407' user='Wing Hoe' visible='true' version='1' changeset='13217167' lat='3.1847857' lon='101.6124178' />
  <node id='1928630151' timestamp='2020-02-24T21:50:03Z' uid='10028118' user='OuterPace' visible='true' version='2' changeset='81424652' lat='3.1925494' lon='101.6164989' />
  <node id='1928630154' timestamp='2012-09-23T09:15:11Z' uid='645407' user='Wing Hoe' visible='true' version='1' changeset='13217167' lat='3.1896874' lon='101.6162965' />
  <node id='1928630157' timestamp='2012-11-21T04:47:20Z' uid='427807' user='Tungmar' visible='true' version='2' changeset='13953838' lat='3.1849869' lon='101.6111344' />
  <node id='1928938496' action='delete' timestamp='2012-09-23T13:56:57Z' uid='645407' user='Wing Hoe' visible='true' version='1' changeset='13220345' lat='3.1841668' lon='101.6134982' />
  <node id='1928939375' action='delete' timestamp='2012-11-21T04:47:20Z' uid='427807' user='Tungmar' visible='true' version='2' changeset='13953838' lat='3.1840899' lon='101.6125542' />
  <node id='1944533174' action='delete' timestamp='2026-05-24T08:50:27Z' uid='3191182' user='angys' visible='true' version='2' changeset='183097100' lat='3.18583405515' lon='101.615937559' />
  <node id='1944533177' action='delete' timestamp='2012-10-03T16:17:18Z' uid='645407' user='Wing Hoe' visible='true' version='1' changeset='13349758' lat='3.1860175' lon='101.6145122' />
  <node id='1944533179' action='delete' timestamp='2012-10-03T16:17:18Z' uid='645407' user='Wing Hoe' visible='true' version='1' changeset='13349758' lat='3.1856934' lon='101.6148984' />
  <node id='1944533181' action='delete' timestamp='2012-10-03T16:17:18Z' uid='645407' user='Wing Hoe' visible='true' version='1' changeset='13349758' lat='3.1862867' lon='101.6154609' />
  <node id='1944533183' action='delete' timestamp='2012-10-03T16:17:18Z' uid='645407' user='Wing Hoe' visible='true' version='1' changeset='13349758' lat='3.1868961' lon='101.6159238' />
  <node id='1944533185' action='delete' timestamp='2012-10-03T16:17:18Z' uid='645407' user='Wing Hoe' visible='true' version='1' changeset='13349758' lat='3.18598135524' lon='101.615752559' />
  <node id='1944533187' action='delete' timestamp='2012-10-03T16:17:18Z' uid='645407' user='Wing Hoe' visible='true' version='1' changeset='13349758' lat='3.1858731' lon='101.6146766' />
  <node id='1944533190' action='delete' timestamp='2012-10-03T16:17:18Z' uid='645407' user='Wing Hoe' visible='true' version='1' changeset='13349758' lat='3.1870702' lon='101.615728' />
  <node id='1944533192' action='delete' timestamp='2012-10-03T16:17:18Z' uid='645407' user='Wing Hoe' visible='true' version='1' changeset='13349758' lat='3.1860473' lon='101.6144324' />
  <node id='1944533194' action='delete' timestamp='2012-10-03T16:17:18Z' uid='645407' user='Wing Hoe' visible='true' version='1' changeset='13349758' lat='3.18654645561' lon='101.616262159' />
  <node id='1944533195' action='delete' timestamp='2012-10-03T16:17:18Z' uid='645407' user='Wing Hoe' visible='true' version='1' changeset='13349758' lat='3.1863337' lon='101.6154383' />
  <node id='1944533196' action='delete' timestamp='2012-10-03T16:17:18Z' uid='645407' user='Wing Hoe' visible='true' version='1' changeset='13349758' lat='3.1870432' lon='101.6157701' />
  <node id='1944533197' action='delete' timestamp='2012-10-03T16:17:18Z' uid='645407' user='Wing Hoe' visible='true' version='1' changeset='13349758' lat='3.1864808' lon='101.6152149' />
  <node id='1944533198' timestamp='2012-10-03T16:17:19Z' uid='645407' user='Wing Hoe' visible='true' version='1' changeset='13349758' lat='3.1864406' lon='101.6152337' />
  <node id='1944533199' timestamp='2012-10-03T16:17:19Z' uid='645407' user='Wing Hoe' visible='true' version='1' changeset='13349758' lat='3.1864781' lon='101.6152444' />
  <node id='1944533200' action='delete' timestamp='2012-10-03T16:17:19Z' uid='645407' user='Wing Hoe' visible='true' version='1' changeset='13349758' lat='3.1858407' lon='101.6147133' />
  <node id='1944533214' action='delete' timestamp='2012-10-03T16:17:19Z' uid='645407' user='Wing Hoe' visible='true' version='1' changeset='13349758' lat='3.186623' lon='101.6150199' />
  <node id='1944533217' timestamp='2012-10-03T16:17:19Z' uid='645407' user='Wing Hoe' visible='true' version='1' changeset='13349758' lat='3.1866875' lon='101.6149798' />
  <node id='1944533219' action='delete' timestamp='2012-10-03T16:17:19Z' uid='645407' user='Wing Hoe' visible='true' version='1' changeset='13349758' lat='3.1862962' lon='101.6154169' />
  <node id='1944533221' action='delete' timestamp='2012-10-03T16:17:19Z' uid='645407' user='Wing Hoe' visible='true' version='1' changeset='13349758' lat='3.1856313' lon='101.6149135' />
  <node id='1944537186' action='delete' timestamp='2012-10-03T16:19:04Z' uid='645407' user='Wing Hoe' visible='true' version='1' changeset='13349758' lat='3.1853908' lon='101.614016' />
  <node id='1944537188' action='delete' timestamp='2012-10-03T16:19:04Z' uid='645407' user='Wing Hoe' visible='true' version='1' changeset='13349758' lat='3.1850991' lon='101.6144057' />
  <node id='1944537202' action='delete' timestamp='2012-10-03T16:19:04Z' uid='645407' user='Wing Hoe' visible='true' version='1' changeset='13349758' lat='3.1856455' lon='101.614859' />
  <node id='1944537204' timestamp='2012-10-03T16:19:05Z' uid='645407' user='Wing Hoe' visible='true' version='1' changeset='13349758' lat='3.1868104' lon='101.6153069'>
    <tag k='name' v='TKS Car Workshop' />
    <tag k='shop' v='car_repair' />
  </node>
  <node id='1944537205' timestamp='2012-10-03T16:19:05Z' uid='645407' user='Wing Hoe' visible='true' version='1' changeset='13349758' lat='3.1871211' lon='101.6155939'>
    <tag k='amenity' v='restaurant' />
    <tag k='name' v='Nasi Kandar Sedap' />
  </node>
  <node id='1944537206' action='delete' timestamp='2012-10-03T16:19:05Z' uid='645407' user='Wing Hoe' visible='true' version='1' changeset='13349758' lat='3.1857898' lon='101.6146838' />
  <node id='1944537207' action='delete' timestamp='2012-10-03T16:19:05Z' uid='645407' user='Wing Hoe' visible='true' version='1' changeset='13349758' lat='3.1852679' lon='101.6141723' />
  <node id='1944537209' timestamp='2012-10-03T16:19:05Z' uid='645407' user='Wing Hoe' visible='true' version='1' changeset='13349758' lat='3.1866444' lon='101.6151755'>
    <tag k='name' v='The Orange Warehouse' />
    <tag k='shop' v='convenience' />
  </node>
  <node id='1944537211' action='delete' timestamp='2012-10-03T16:19:05Z' uid='645407' user='Wing Hoe' visible='true' version='1' changeset='13349758' lat='3.1852408' lon='101.6142118' />
  <node id='1944537212' action='delete' timestamp='2012-10-03T16:19:05Z' uid='645407' user='Wing Hoe' visible='true' version='1' changeset='13349758' lat='3.1859719' lon='101.6144773' />
  <node id='1944537214' action='delete' timestamp='2012-10-03T16:19:05Z' uid='645407' user='Wing Hoe' visible='true' version='1' changeset='13349758' lat='3.1858222' lon='101.6146498' />
  <node id='1944542355' action='delete' timestamp='2012-10-03T16:22:07Z' uid='645407' user='Wing Hoe' visible='true' version='1' changeset='13349758' lat='3.1918262' lon='101.6120928' />
  <node id='1944542360' action='delete' timestamp='2012-10-03T16:22:07Z' uid='645407' user='Wing Hoe' visible='true' version='1' changeset='13349758' lat='3.1915559' lon='101.6125335' />
  <node id='1944542363' action='delete' timestamp='2012-10-03T16:22:07Z' uid='645407' user='Wing Hoe' visible='true' version='1' changeset='13349758' lat='3.191323' lon='101.6129493' />
  <node id='1944542365' action='delete' timestamp='2012-10-03T16:22:07Z' uid='645407' user='Wing Hoe' visible='true' version='1' changeset='13349758' lat='3.1915881' lon='101.6124933' />
  <node id='1944542367' action='delete' timestamp='2012-10-03T16:22:07Z' uid='645407' user='Wing Hoe' visible='true' version='1' changeset='13349758' lat='3.1917595' lon='101.6126569' />
  <node id='1944542369' action='delete' timestamp='2012-10-03T16:22:07Z' uid='645407' user='Wing Hoe' visible='true' version='1' changeset='13349758' lat='3.1920166' lon='101.6122116' />
  <node id='1944542371' action='delete' timestamp='2012-10-03T16:22:07Z' uid='645407' user='Wing Hoe' visible='true' version='1' changeset='13349758' lat='3.1917806' lon='101.6126078' />
  <node id='1944542373' action='delete' timestamp='2012-10-03T16:22:07Z' uid='645407' user='Wing Hoe' visible='true' version='1' changeset='13349758' lat='3.1915131' lon='101.613078' />
  <node id='1983979095' timestamp='2018-06-21T10:50:14Z' uid='926411' user='Marcus Loke' visible='true' version='2' changeset='60039509' lat='3.1901748' lon='101.6164575' />
  <node id='2024270225' action='delete' timestamp='2020-09-22T16:25:25Z' uid='11399630' user='PerpetualHiker' visible='true' version='2' changeset='91309362' lat='3.1859859' lon='101.610698' />
  <node id='2024270226' action='delete' timestamp='2020-09-22T16:25:25Z' uid='11399630' user='PerpetualHiker' visible='true' version='2' changeset='91309362' lat='3.1847676' lon='101.6108251' />
  <node id='2024270227' action='delete' timestamp='2012-11-21T04:53:28Z' uid='427807' user='Tungmar' visible='true' version='1' changeset='13953838' lat='3.1859965' lon='101.6109085' />
  <node id='2307580584' action='delete' timestamp='2026-05-05T16:33:22Z' uid='3191182' user='angys' visible='true' version='3' changeset='182258123' lat='3.1978482' lon='101.6181692' />
  <node id='2325070048' timestamp='2025-07-15T16:38:00Z' uid='17227421' user='mataharimau' visible='true' version='2' changeset='168974735' lat='3.1791037' lon='101.645845'>
    <tag k='power' v='tower' />
  </node>
  <node id='2325070055' timestamp='2013-05-30T05:02:27Z' uid='160164' user='mahau' visible='true' version='1' changeset='16346626' lat='3.1797688' lon='101.6443262'>
    <tag k='power' v='tower' />
  </node>
  <node id='2325070063' timestamp='2013-05-30T05:02:28Z' uid='160164' user='mahau' visible='true' version='1' changeset='16346626' lat='3.1804745' lon='101.6245749'>
    <tag k='power' v='tower' />
  </node>
  <node id='2325070064' timestamp='2013-05-30T05:02:28Z' uid='160164' user='mahau' visible='true' version='1' changeset='16346626' lat='3.1805354' lon='101.6423232'>
    <tag k='power' v='tower' />
  </node>
  <node id='2325070065' timestamp='2013-05-30T05:02:28Z' uid='160164' user='mahau' visible='true' version='1' changeset='16346626' lat='3.1805671' lon='101.6217015'>
    <tag k='power' v='tower' />
  </node>
  <node id='2325070066' timestamp='2013-05-30T05:02:28Z' uid='160164' user='mahau' visible='true' version='1' changeset='16346626' lat='3.1805568' lon='101.6265305'>
    <tag k='power' v='tower' />
  </node>
  <node id='2325070067' timestamp='2013-05-30T05:02:28Z' uid='160164' user='mahau' visible='true' version='1' changeset='16346626' lat='3.180587' lon='101.619609'>
    <tag k='power' v='tower' />
  </node>
  <node id='2325070068' timestamp='2013-05-30T05:02:28Z' uid='160164' user='mahau' visible='true' version='1' changeset='16346626' lat='3.1807214' lon='101.6306944'>
    <tag k='power' v='tower' />
  </node>
  <node id='2325070070' timestamp='2013-05-30T05:02:28Z' uid='160164' user='mahau' visible='true' version='1' changeset='16346626' lat='3.1809686' lon='101.6364542'>
    <tag k='power' v='tower' />
  </node>
  <node id='2325070071' timestamp='2013-05-30T05:02:28Z' uid='160164' user='mahau' visible='true' version='1' changeset='16346626' lat='3.1810646' lon='101.6385456'>
    <tag k='power' v='tower' />
  </node>
  <node id='2325070081' timestamp='2013-05-30T05:02:28Z' uid='160164' user='mahau' visible='true' version='1' changeset='16346626' lat='3.1824517' lon='101.6194712'>
    <tag k='power' v='tower' />
  </node>
  <node id='2325070100' action='delete' timestamp='2013-05-30T05:02:29Z' uid='160164' user='mahau' visible='true' version='1' changeset='16346626' lat='3.1849246' lon='101.6198209'>
    <tag k='power' v='tower' />
  </node>
  <node id='2325070107' action='delete' timestamp='2013-05-30T05:02:29Z' uid='160164' user='mahau' visible='true' version='1' changeset='16346626' lat='3.18591' lon='101.6190473'>
    <tag k='power' v='tower' />
  </node>
  <node id='2325070154' action='delete' timestamp='2013-05-30T05:02:30Z' uid='160164' user='mahau' visible='true' version='1' changeset='16346626' lat='3.1885973' lon='101.6172118'>
    <tag k='power' v='tower' />
  </node>
  <node id='2325070195' action='delete' timestamp='2013-05-30T05:02:30Z' uid='160164' user='mahau' visible='true' version='1' changeset='16346626' lat='3.1919897' lon='101.6147193'>
    <tag k='power' v='tower' />
  </node>
  <node id='2325070200' action='delete' timestamp='2013-05-30T05:02:30Z' uid='160164' user='mahau' visible='true' version='1' changeset='16346626' lat='3.1931884' lon='101.6134109'>
    <tag k='power' v='tower' />
  </node>
  <node id='2325070212' action='delete' timestamp='2013-05-30T05:02:31Z' uid='160164' user='mahau' visible='true' version='1' changeset='16346626' lat='3.1943673' lon='101.6120378'>
    <tag k='power' v='tower' />
  </node>
  <node id='2325070215' action='delete' timestamp='2013-05-30T05:02:31Z' uid='160164' user='mahau' visible='true' version='1' changeset='16346626' lat='3.1954828' lon='101.6108603'>
    <tag k='power' v='tower' />
  </node>
  <node id='2325070219' timestamp='2013-05-30T05:02:31Z' uid='160164' user='mahau' visible='true' version='1' changeset='16346626' lat='3.1964757' lon='101.6035996'>
    <tag k='power' v='tower' />
  </node>
  <node id='2325070220' action='delete' timestamp='2013-05-30T05:02:31Z' uid='160164' user='mahau' visible='true' version='1' changeset='16346626' lat='3.1966828' lon='101.609544'>
    <tag k='power' v='tower' />
  </node>
  <node id='2325070221' timestamp='2013-05-30T05:02:31Z' uid='160164' user='mahau' visible='true' version='1' changeset='16346626' lat='3.1967155' lon='101.6052575'>
    <tag k='power' v='tower' />
  </node>
  <node id='2782653143' timestamp='2016-02-18T18:54:50Z' uid='72235' user='Basstoelpel' visible='true' version='2' changeset='37294935' lat='3.1965212' lon='101.6031604'>
    <tag k='power' v='portal' />
  </node>
  <node id='3060391153' action='delete' timestamp='2014-09-05T04:11:05Z' uid='536853' user='kucai' visible='true' version='1' changeset='25240182' lat='3.1872285' lon='101.606486' />
  <node id='3060391185' action='delete' timestamp='2014-09-05T04:11:06Z' uid='536853' user='kucai' visible='true' version='1' changeset='25240182' lat='3.1887898' lon='101.6082099' />
  <node id='3785819928' timestamp='2016-02-18T18:54:51Z' uid='72235' user='Basstoelpel' visible='true' version='2' changeset='37294935' lat='3.1547249' lon='101.6446937'>
    <tag k='power' v='tower' />
  </node>
  <node id='5708283394' timestamp='2018-06-21T10:50:13Z' uid='926411' user='Marcus Loke' visible='true' version='1' changeset='60039509' lat='3.1899396' lon='101.6164988' />
  <node id='5727641250' action='delete' timestamp='2020-09-22T16:25:25Z' uid='11399630' user='PerpetualHiker' visible='true' version='3' changeset='91309362' lat='3.1931263' lon='101.6097699' />
  <node id='5727641251' action='delete' timestamp='2020-09-22T16:25:25Z' uid='11399630' user='PerpetualHiker' visible='true' version='3' changeset='91309362' lat='3.1928202' lon='101.6103537' />
  <node id='5727641252' action='delete' timestamp='2020-09-22T16:25:25Z' uid='11399630' user='PerpetualHiker' visible='true' version='3' changeset='91309362' lat='3.1930459' lon='101.6105067' />
  <node id='5727641253' action='delete' timestamp='2020-09-22T16:25:25Z' uid='11399630' user='PerpetualHiker' visible='true' version='3' changeset='91309362' lat='3.1932793' lon='101.6105893' />
  <node id='5727641254' action='delete' timestamp='2020-09-22T16:25:25Z' uid='11399630' user='PerpetualHiker' visible='true' version='3' changeset='91309362' lat='3.1938513' lon='101.6106561' />
  <node id='5727641270' action='delete' timestamp='2023-06-12T14:05:54Z' uid='10678755' user='rat_lorand_grab' visible='true' version='3' changeset='137246517' lat='3.1950743' lon='101.6102869' />
  <node id='5727696521' action='delete' timestamp='2023-06-12T14:05:54Z' uid='10678755' user='rat_lorand_grab' visible='true' version='3' changeset='137246517' lat='3.195359' lon='101.6101422' />
  <node id='5727696522' action='delete' timestamp='2020-09-22T17:33:32Z' uid='11399630' user='PerpetualHiker' visible='true' version='3' changeset='91312238' lat='3.1921812' lon='101.612862' />
  <node id='5727696523' action='delete' timestamp='2020-09-22T17:33:32Z' uid='11399630' user='PerpetualHiker' visible='true' version='3' changeset='91312238' lat='3.1924468' lon='101.61244' />
  <node id='5727696524' action='delete' timestamp='2020-09-22T17:33:32Z' uid='11399630' user='PerpetualHiker' visible='true' version='2' changeset='91312238' lat='3.1925466' lon='101.6124071' />
  <node id='5727696525' action='delete' timestamp='2020-09-22T17:33:32Z' uid='11399630' user='PerpetualHiker' visible='true' version='2' changeset='91312238' lat='3.1926703' lon='101.6124141' />
  <node id='5727696526' action='delete' timestamp='2020-09-22T17:33:32Z' uid='11399630' user='PerpetualHiker' visible='true' version='2' changeset='91312238' lat='3.1927957' lon='101.6124909' />
  <node id='5727696527' action='delete' timestamp='2018-06-29T08:36:03Z' uid='7671613' user='naik4' visible='true' version='1' changeset='60271062' lat='3.1930366' lon='101.6127446' />
  <node id='5727696528' action='delete' timestamp='2018-06-29T08:36:03Z' uid='7671613' user='naik4' visible='true' version='1' changeset='60271062' lat='3.1930044' lon='101.6129512' />
  <node id='5727696529' action='delete' timestamp='2018-06-29T08:36:03Z' uid='7671613' user='naik4' visible='true' version='1' changeset='60271062' lat='3.1929' lon='101.6130531' />
  <node id='5727696530' action='delete' timestamp='2018-06-29T08:36:03Z' uid='7671613' user='naik4' visible='true' version='1' changeset='60271062' lat='3.1927179' lon='101.6132435' />
  <node id='5727696531' timestamp='2018-06-29T08:36:03Z' uid='7671613' user='naik4' visible='true' version='1' changeset='60271062' lat='3.1921728' lon='101.6138427' />
  <node id='5727696533' action='delete' timestamp='2018-06-29T08:36:03Z' uid='7671613' user='naik4' visible='true' version='1' changeset='60271062' lat='3.1939203' lon='101.613383' />
  <node id='5727696534' action='delete' timestamp='2018-06-29T08:36:03Z' uid='7671613' user='naik4' visible='true' version='1' changeset='60271062' lat='3.1937248' lon='101.613729' />
  <node id='5727696535' action='delete' timestamp='2018-06-29T08:36:03Z' uid='7671613' user='naik4' visible='true' version='1' changeset='60271062' lat='3.1935695' lon='101.6140375' />
  <node id='5727696536' action='delete' timestamp='2018-06-29T08:36:03Z' uid='7671613' user='naik4' visible='true' version='1' changeset='60271062' lat='3.1934088' lon='101.6142467' />
  <node id='5727696537' action='delete' timestamp='2018-06-29T08:36:03Z' uid='7671613' user='naik4' visible='true' version='1' changeset='60271062' lat='3.193208' lon='101.6143003' />
  <node id='5727696538' action='delete' timestamp='2018-06-29T08:36:03Z' uid='7671613' user='naik4' visible='true' version='1' changeset='60271062' lat='3.1921674' lon='101.6111721' />
  <node id='5727696539' action='delete' timestamp='2018-06-29T08:36:03Z' uid='7671613' user='naik4' visible='true' version='1' changeset='60271062' lat='3.1916926' lon='101.6108821' />
  <node id='5727696540' action='delete' timestamp='2018-06-29T08:36:03Z' uid='7671613' user='naik4' visible='true' version='1' changeset='60271062' lat='3.1929252' lon='101.6107759' />
  <node id='5727696541' action='delete' timestamp='2018-06-29T08:36:03Z' uid='7671613' user='naik4' visible='true' version='1' changeset='60271062' lat='3.1925596' lon='101.6114009' />
  <node id='5732917740' action='delete' timestamp='2018-07-04T08:24:28Z' uid='7671617' user='Rakesh9' visible='true' version='2' changeset='60401357' lat='3.1909704' lon='101.6162369' />
  <node id='5732917741' action='delete' timestamp='2018-07-02T01:23:36Z' uid='7671613' user='naik4' visible='true' version='1' changeset='60332827' lat='3.1920618' lon='101.6164139' />
  <node id='5732917742' action='delete' timestamp='2018-07-02T01:23:36Z' uid='7671613' user='naik4' visible='true' version='1' changeset='60332827' lat='3.1922626' lon='101.6164273' />
  <node id='5732917743' action='delete' timestamp='2018-07-02T01:23:36Z' uid='7671613' user='naik4' visible='true' version='1' changeset='60332827' lat='3.1923323' lon='101.6164112' />
  <node id='5732917744' action='delete' timestamp='2018-07-02T01:23:36Z' uid='7671613' user='naik4' visible='true' version='1' changeset='60332827' lat='3.1923403' lon='101.6163656' />
  <node id='5732917745' action='delete' timestamp='2018-07-02T01:23:36Z' uid='7671613' user='naik4' visible='true' version='1' changeset='60332827' lat='3.1924036' lon='101.6149951' />
  <node id='5732917746' timestamp='2018-07-02T01:23:36Z' uid='7671613' user='naik4' visible='true' version='1' changeset='60332827' lat='3.1926643' lon='101.6169369' />
  <node id='5732917747' timestamp='2018-07-02T01:23:36Z' uid='7671613' user='naik4' visible='true' version='1' changeset='60332827' lat='3.193615' lon='101.6169664' />
  <node id='5738522588' timestamp='2018-07-04T08:24:28Z' uid='7671617' user='Rakesh9' visible='true' version='1' changeset='60401357' lat='3.1889816' lon='101.6161384' />
  <node id='5738522589' timestamp='2018-07-04T08:24:28Z' uid='7671617' user='Rakesh9' visible='true' version='1' changeset='60401357' lat='3.1893944' lon='101.6162929' />
  <node id='5738522590' timestamp='2018-07-04T08:24:28Z' uid='7671617' user='Rakesh9' visible='true' version='1' changeset='60401357' lat='3.1890362' lon='101.6160098' />
  <node id='5738522591' timestamp='2018-07-04T08:24:28Z' uid='7671617' user='Rakesh9' visible='true' version='1' changeset='60401357' lat='3.1889231' lon='101.6162704' />
  <node id='5738522592' timestamp='2018-07-04T08:24:28Z' uid='7671617' user='Rakesh9' visible='true' version='1' changeset='60401357' lat='3.1892565' lon='101.6164058' />
  <node id='5738522593' timestamp='2018-07-04T08:24:28Z' uid='7671617' user='Rakesh9' visible='true' version='1' changeset='60401357' lat='3.1894816' lon='101.6162187' />
  <node id='5738522594' action='delete' timestamp='2018-07-04T08:24:28Z' uid='7671617' user='Rakesh9' visible='true' version='1' changeset='60401357' lat='3.1912465' lon='101.6163181' />
  <node id='5738522595' action='delete' timestamp='2018-07-04T08:24:28Z' uid='7671617' user='Rakesh9' visible='true' version='1' changeset='60401357' lat='3.1912905' lon='101.6157594' />
  <node id='5738522596' action='delete' timestamp='2018-07-04T08:24:28Z' uid='7671617' user='Rakesh9' visible='true' version='1' changeset='60401357' lat='3.1919547' lon='101.6152337' />
  <node id='5740274894' action='delete' timestamp='2018-07-05T04:24:41Z' uid='7671617' user='Rakesh9' visible='true' version='1' changeset='60423484' lat='3.1868561' lon='101.6172847' />
  <node id='5740274895' action='delete' timestamp='2020-10-15T19:40:57Z' uid='9005400' user='Rippledot' visible='true' version='2' changeset='92541143' lat='3.1871359' lon='101.6158864' />
  <node id='5740274896' action='delete' timestamp='2018-07-05T04:24:41Z' uid='7671617' user='Rakesh9' visible='true' version='1' changeset='60423484' lat='3.18773' lon='101.6157058' />
  <node id='5740274897' action='delete' timestamp='2018-07-05T04:24:41Z' uid='7671617' user='Rakesh9' visible='true' version='1' changeset='60423484' lat='3.1877153' lon='101.6156441' />
  <node id='5740274898' action='delete' timestamp='2018-07-05T04:24:41Z' uid='7671617' user='Rakesh9' visible='true' version='1' changeset='60423484' lat='3.1876818' lon='101.6156025' />
  <node id='5740274899' action='delete' timestamp='2018-07-05T04:24:41Z' uid='7671617' user='Rakesh9' visible='true' version='1' changeset='60423484' lat='3.1876042' lon='101.6156079' />
  <node id='5740274900' action='delete' timestamp='2020-10-15T19:40:57Z' uid='9005400' user='Rippledot' visible='true' version='2' changeset='92541143' lat='3.1872627' lon='101.6160103' />
  <node id='5740274901' action='delete' timestamp='2018-07-05T04:24:41Z' uid='7671617' user='Rakesh9' visible='true' version='1' changeset='60423484' lat='3.1877046' lon='101.6157447' />
  <node id='5740274902' action='delete' timestamp='2018-07-05T04:24:41Z' uid='7671617' user='Rakesh9' visible='true' version='1' changeset='60423484' lat='3.1872038' lon='101.6163656' />
  <node id='5740274903' action='delete' timestamp='2018-07-05T04:24:41Z' uid='7671617' user='Rakesh9' visible='true' version='1' changeset='60423484' lat='3.187331' lon='101.6164528' />
  <node id='5740274904' action='delete' timestamp='2018-07-05T04:24:41Z' uid='7671617' user='Rakesh9' visible='true' version='1' changeset='60423484' lat='3.1878184' lon='101.6168699' />
  <node id='5740274905' action='delete' timestamp='2018-07-05T04:24:41Z' uid='7671617' user='Rakesh9' visible='true' version='1' changeset='60423484' lat='3.1878572' lon='101.6168766' />
  <node id='5740274906' action='delete' timestamp='2018-07-05T04:24:41Z' uid='7671617' user='Rakesh9' visible='true' version='1' changeset='60423484' lat='3.1879255' lon='101.616827' />
  <node id='5740274907' action='delete' timestamp='2018-07-05T04:24:41Z' uid='7671617' user='Rakesh9' visible='true' version='1' changeset='60423484' lat='3.1881933' lon='101.6164877' />
  <node id='5781685275' action='delete' timestamp='2018-07-24T12:03:42Z' uid='8594761' user='cruz72' visible='true' version='1' changeset='61020519' lat='3.1850978' lon='101.6100414' />
  <node id='6627048224' action='delete' timestamp='2019-07-18T07:31:49Z' uid='10156628' user='Nurul Hanani' visible='true' version='1' changeset='72376065' lat='3.1395206' lon='101.6545631' />
  <node id='7048003754' action='delete' timestamp='2019-12-11T00:58:31Z' uid='8072125' user='Silvia IRM-ED' visible='true' version='1' changeset='78231426' lat='3.1843222' lon='101.6098666' />
  <node id='7239548041' timestamp='2020-02-24T16:52:47Z' uid='10028118' user='OuterPace' visible='true' version='1' changeset='81415395' lat='3.1847112' lon='101.6123725' />
  <node id='7239548042' timestamp='2020-02-24T16:52:47Z' uid='10028118' user='OuterPace' visible='true' version='1' changeset='81415395' lat='3.1848712' lon='101.6124804' />
  <node id='7239548043' timestamp='2020-02-24T16:52:47Z' uid='10028118' user='OuterPace' visible='true' version='1' changeset='81415395' lat='3.1846449' lon='101.6122451' />
  <node id='7239548044' timestamp='2020-02-24T16:52:47Z' uid='10028118' user='OuterPace' visible='true' version='1' changeset='81415395' lat='3.1847272' lon='101.6120526' />
  <node id='7239569628' timestamp='2020-02-24T17:03:25Z' uid='10028118' user='OuterPace' visible='true' version='1' changeset='81415809' lat='3.1847547' lon='101.6113284' />
  <node id='7239569629' timestamp='2020-02-24T17:03:25Z' uid='10028118' user='OuterPace' visible='true' version='1' changeset='81415809' lat='3.1848498' lon='101.6112037' />
  <node id='7239569630' timestamp='2020-02-24T17:03:25Z' uid='10028118' user='OuterPace' visible='true' version='1' changeset='81415809' lat='3.184677' lon='101.6109315' />
  <node id='7239569631' timestamp='2020-02-24T17:03:25Z' uid='10028118' user='OuterPace' visible='true' version='1' changeset='81415809' lat='3.1847815' lon='101.6110615' />
  <node id='7239569636' timestamp='2020-02-24T17:03:25Z' uid='10028118' user='OuterPace' visible='true' version='1' changeset='81415809' lat='3.1845285' lon='101.6108389' />
  <node id='7239569641' timestamp='2020-02-24T17:03:25Z' uid='10028118' user='OuterPace' visible='true' version='1' changeset='81415809' lat='3.1846416' lon='101.6115285' />
  <node id='7241013380' timestamp='2020-02-24T21:50:03Z' uid='10028118' user='OuterPace' visible='true' version='1' changeset='81424652' lat='3.1922787' lon='101.6166405' />
  <node id='7241013381' timestamp='2020-02-24T21:50:03Z' uid='10028118' user='OuterPace' visible='true' version='1' changeset='81424652' lat='3.1927232' lon='101.616666' />
  <node id='7241013382' timestamp='2020-02-24T21:50:03Z' uid='10028118' user='OuterPace' visible='true' version='1' changeset='81424652' lat='3.1923924' lon='101.6168008' />
  <node id='7241013383' timestamp='2020-02-24T21:50:03Z' uid='10028118' user='OuterPace' visible='true' version='1' changeset='81424652' lat='3.1924568' lon='101.6167827' />
  <node id='7241013384' timestamp='2020-02-24T21:50:03Z' uid='10028118' user='OuterPace' visible='true' version='1' changeset='81424652' lat='3.1924903' lon='101.6167391' />
  <node id='7241032485' timestamp='2020-02-25T23:04:07Z' uid='10028118' user='OuterPace' visible='true' version='2' changeset='81475038' lat='3.1925673' lon='101.6167881' />
  <node id='7241032486' timestamp='2020-02-24T21:50:03Z' uid='10028118' user='OuterPace' visible='true' version='1' changeset='81424652' lat='3.1925271' lon='101.6167398' />
  <node id='7241032487' timestamp='2020-02-24T21:50:03Z' uid='10028118' user='OuterPace' visible='true' version='1' changeset='81424652' lat='3.1926605' lon='101.6168184' />
  <node id='7241055567' timestamp='2020-02-24T22:12:35Z' uid='10028118' user='OuterPace' visible='true' version='1' changeset='81425160' lat='3.1892903' lon='101.616371' />
  <node id='7241055568' timestamp='2020-02-24T22:12:35Z' uid='10028118' user='OuterPace' visible='true' version='1' changeset='81425160' lat='3.1890225' lon='101.6162745' />
  <node id='7241055569' timestamp='2020-02-24T22:12:35Z' uid='10028118' user='OuterPace' visible='true' version='1' changeset='81425160' lat='3.1890476' lon='101.6162047' />
  <node id='7241055570' timestamp='2020-02-24T22:12:35Z' uid='10028118' user='OuterPace' visible='true' version='1' changeset='81425160' lat='3.1893154' lon='101.6163012' />
  <node id='7243746024' timestamp='2020-02-26T00:36:52Z' uid='10028118' user='OuterPace' visible='true' version='1' changeset='81476229' lat='3.1844768' lon='101.6100597' />
  <node id='7251564392' timestamp='2020-02-28T20:07:03Z' uid='9965337' user='ReedtheRiver' visible='true' version='1' changeset='81605632' lat='3.184595' lon='101.6123407' />
  <node id='7251588316' timestamp='2020-09-18T18:58:37Z' uid='11399630' user='PerpetualHiker' visible='true' version='2' changeset='91128235' lat='3.1841468' lon='101.6123647' />
  <node id='7251588317' timestamp='2020-02-28T20:07:02Z' uid='9965337' user='ReedtheRiver' visible='true' version='1' changeset='81605632' lat='3.1842238' lon='101.6124154' />
  <node id='7251588318' timestamp='2020-09-18T18:58:37Z' uid='11399630' user='PerpetualHiker' visible='true' version='2' changeset='91128235' lat='3.1842197' lon='101.612356' />
  <node id='7251588319' timestamp='2020-02-28T20:07:02Z' uid='9965337' user='ReedtheRiver' visible='true' version='1' changeset='81605632' lat='3.1843088' lon='101.6123463' />
  <node id='7251588320' timestamp='2020-02-28T20:07:02Z' uid='9965337' user='ReedtheRiver' visible='true' version='1' changeset='81605632' lat='3.1844447' lon='101.6123839' />
  <node id='7251588321' timestamp='2020-02-28T20:07:02Z' uid='9965337' user='ReedtheRiver' visible='true' version='1' changeset='81605632' lat='3.1843081' lon='101.612414' />
  <node id='7251588322' timestamp='2020-09-18T18:58:37Z' uid='11399630' user='PerpetualHiker' visible='true' version='2' changeset='91128235' lat='3.1841548' lon='101.612409' />
  <node id='7251588323' timestamp='2020-09-18T18:58:37Z' uid='11399630' user='PerpetualHiker' visible='true' version='2' changeset='91128235' lat='3.184081' lon='101.6123822' />
  <node id='7251588324' timestamp='2020-02-28T20:07:02Z' uid='9965337' user='ReedtheRiver' visible='true' version='1' changeset='81605632' lat='3.1848463' lon='101.6122865' />
  <node id='7251588325' timestamp='2020-02-28T20:07:02Z' uid='9965337' user='ReedtheRiver' visible='true' version='1' changeset='81605632' lat='3.184929' lon='101.6122587' />
  <node id='7259035172' timestamp='2020-03-02T19:57:09Z' uid='4240913' user='Corban8' visible='true' version='1' changeset='81696461' lat='3.1931116' lon='101.6168383' />
  <node id='7259035173' timestamp='2020-03-02T19:57:09Z' uid='4240913' user='Corban8' visible='true' version='1' changeset='81696461' lat='3.1934974' lon='101.6168553' />
  <node id='7653776912' action='delete' timestamp='2024-02-20T12:05:55Z' uid='3191182' user='angys' visible='true' version='7' changeset='147689400' lat='3.1930247' lon='101.6109661'>
    <tag k='addr:country' v='MY' />
    <tag k='branch' v='Sri Damansara 2' />
    <tag k='brand' v='99 Speedmart' />
    <tag k='brand:wikidata' v='Q62075061' />
    <tag k='currency:MYR' v='yes' />
    <tag k='internet_access' v='wlan' />
    <tag k='name' v='99 Speedmart' />
    <tag k='operator' v='99 Speed Mart Sdn Berhad' />
    <tag k='payment:coins' v='yes' />
    <tag k='payment:mastercard' v='yes' />
    <tag k='payment:notes' v='yes' />
    <tag k='payment:touchngo_ewallet' v='yes' />
    <tag k='payment:visa' v='yes' />
    <tag k='phone' v='+603-3362 6863' />
    <tag k='shop' v='supermarket' />
    <tag k='smoking' v='no' />
    <tag k='source' v='https://openstreetcam.org/details/2095350/67' />
    <tag k='website' v='https://www.99speedmart.com.my/Store' />
  </node>
  <node id='7793177344' action='delete' timestamp='2020-08-07T05:28:55Z' uid='6458217' user='GrabMY_FaizDjamil' visible='true' version='1' changeset='89069540' lat='3.1936479' lon='101.608659' />
  <node id='7848630487' action='delete' timestamp='2020-08-27T07:07:00Z' uid='7131393' user='AndrewYeoh' visible='true' version='1' changeset='90008683' lat='3.1860893' lon='101.6172861' />
  <node id='7848630488' action='delete' timestamp='2020-08-27T07:07:00Z' uid='7131393' user='AndrewYeoh' visible='true' version='1' changeset='90008683' lat='3.1865276' lon='101.617628' />
  <node id='7848630489' action='delete' timestamp='2020-08-27T07:07:00Z' uid='7131393' user='AndrewYeoh' visible='true' version='1' changeset='90008683' lat='3.1866495' lon='101.6174779' />
  <node id='7848630490' action='delete' timestamp='2020-08-27T07:07:00Z' uid='7131393' user='AndrewYeoh' visible='true' version='1' changeset='90008683' lat='3.1862173' lon='101.6171401' />
  <node id='7848630491' action='delete' timestamp='2020-08-27T07:07:00Z' uid='7131393' user='AndrewYeoh' visible='true' version='1' changeset='90008683' lat='3.1862314' lon='101.6171214' />
  <node id='7848630492' action='delete' timestamp='2020-08-27T07:07:00Z' uid='7131393' user='AndrewYeoh' visible='true' version='1' changeset='90008683' lat='3.1866697' lon='101.6174633' />
  <node id='7848630493' action='delete' timestamp='2020-08-27T07:07:00Z' uid='7131393' user='AndrewYeoh' visible='true' version='1' changeset='90008683' lat='3.1867916' lon='101.6173132' />
  <node id='7848630494' action='delete' timestamp='2020-08-27T07:07:00Z' uid='7131393' user='AndrewYeoh' visible='true' version='1' changeset='90008683' lat='3.1863594' lon='101.6169754' />
  <node id='7848630523' action='delete' timestamp='2021-04-15T10:44:21Z' uid='11516262' user='chi_lam' visible='true' version='3' changeset='102987972' lat='3.1852475' lon='101.6170761' />
  <node id='7848630524' action='delete' timestamp='2021-04-15T10:44:21Z' uid='11516262' user='chi_lam' visible='true' version='3' changeset='102987972' lat='3.1848406' lon='101.6175575' />
  <node id='7848630525' action='delete' timestamp='2021-04-15T10:44:21Z' uid='11516262' user='chi_lam' visible='true' version='3' changeset='102987972' lat='3.1846999' lon='101.6174432' />
  <node id='7848630526' action='delete' timestamp='2021-04-15T10:44:21Z' uid='11516262' user='chi_lam' visible='true' version='3' changeset='102987972' lat='3.1851077' lon='101.6169634' />
  <node id='7848630531' action='delete' timestamp='2021-04-15T10:44:21Z' uid='11516262' user='chi_lam' visible='true' version='3' changeset='102987972' lat='3.1850723' lon='101.6169389' />
  <node id='7848630532' action='delete' timestamp='2021-04-15T10:44:21Z' uid='11516262' user='chi_lam' visible='true' version='2' changeset='102987972' lat='3.1846647' lon='101.6174196' />
  <node id='7848630533' action='delete' timestamp='2021-04-15T10:44:21Z' uid='11516262' user='chi_lam' visible='true' version='3' changeset='102987972' lat='3.1845302' lon='101.6173051' />
  <node id='7848630534' action='delete' timestamp='2021-04-15T10:44:21Z' uid='11516262' user='chi_lam' visible='true' version='3' changeset='102987972' lat='3.1849431' lon='101.6168295' />
  <node id='7852141281' action='delete' timestamp='2020-08-28T06:13:15Z' uid='7131393' user='AndrewYeoh' visible='true' version='1' changeset='90060199' lat='3.1916428' lon='101.6138394' />
  <node id='7852141282' action='delete' timestamp='2020-08-28T06:13:15Z' uid='7131393' user='AndrewYeoh' visible='true' version='1' changeset='90060199' lat='3.1916271' lon='101.6138811' />
  <node id='7852141283' action='delete' timestamp='2020-08-28T06:13:15Z' uid='7131393' user='AndrewYeoh' visible='true' version='1' changeset='90060199' lat='3.1913683' lon='101.6137774' />
  <node id='7852141284' action='delete' timestamp='2020-08-28T06:13:15Z' uid='7131393' user='AndrewYeoh' visible='true' version='1' changeset='90060199' lat='3.1912648' lon='101.6140346' />
  <node id='7852151085' action='delete' timestamp='2020-08-28T06:13:15Z' uid='7131393' user='AndrewYeoh' visible='true' version='1' changeset='90060199' lat='3.1915246' lon='101.6141392' />
  <node id='7852172164' action='delete' timestamp='2020-09-30T18:40:38Z' uid='11399679' user='MaptainPhasma' visible='true' version='2' changeset='91784395' lat='3.1913747' lon='101.6139322' />
  <node id='7852172165' action='delete' timestamp='2020-09-30T18:40:38Z' uid='11399679' user='MaptainPhasma' visible='true' version='2' changeset='91784395' lat='3.1913646' lon='101.6139582' />
  <node id='7852172166' action='delete' timestamp='2020-09-30T18:40:38Z' uid='11399679' user='MaptainPhasma' visible='true' version='2' changeset='91784395' lat='3.1913631' lon='101.613986' />
  <node id='7852172167' action='delete' timestamp='2020-09-30T18:40:38Z' uid='11399679' user='MaptainPhasma' visible='true' version='2' changeset='91784395' lat='3.1913701' lon='101.6140129' />
  <node id='7852172168' action='delete' timestamp='2020-09-30T18:40:38Z' uid='11399679' user='MaptainPhasma' visible='true' version='2' changeset='91784395' lat='3.1913851' lon='101.6140364' />
  <node id='7852172169' action='delete' timestamp='2020-09-30T18:40:38Z' uid='11399679' user='MaptainPhasma' visible='true' version='2' changeset='91784395' lat='3.1915107' lon='101.614044' />
  <node id='7852172170' action='delete' timestamp='2020-09-30T18:40:38Z' uid='11399679' user='MaptainPhasma' visible='true' version='2' changeset='91784395' lat='3.1915298' lon='101.61402' />
  <node id='7852172171' action='delete' timestamp='2020-09-30T18:40:38Z' uid='11399679' user='MaptainPhasma' visible='true' version='2' changeset='91784395' lat='3.1915397' lon='101.6139909' />
  <node id='7852172172' action='delete' timestamp='2020-09-30T18:40:38Z' uid='11399679' user='MaptainPhasma' visible='true' version='2' changeset='91784395' lat='3.1915392' lon='101.6139601' />
  <node id='7852172173' action='delete' timestamp='2020-09-30T18:40:38Z' uid='11399679' user='MaptainPhasma' visible='true' version='2' changeset='91784395' lat='3.1915282' lon='101.6139314' />
  <node id='7852172174' action='delete' timestamp='2020-09-30T18:40:38Z' uid='11399679' user='MaptainPhasma' visible='true' version='2' changeset='91784395' lat='3.1915082' lon='101.6139081' />
  <node id='7852172175' action='delete' timestamp='2020-09-30T18:40:38Z' uid='11399679' user='MaptainPhasma' visible='true' version='2' changeset='91784395' lat='3.1914066' lon='101.614054' />
  <node id='7852172176' action='delete' timestamp='2020-09-30T18:40:38Z' uid='11399679' user='MaptainPhasma' visible='true' version='2' changeset='91784395' lat='3.1914325' lon='101.6140642' />
  <node id='7852172177' action='delete' timestamp='2020-09-30T18:40:38Z' uid='11399679' user='MaptainPhasma' visible='true' version='2' changeset='91784395' lat='3.1914603' lon='101.6140659' />
  <node id='7852172178' action='delete' timestamp='2020-09-30T18:40:38Z' uid='11399679' user='MaptainPhasma' visible='true' version='2' changeset='91784395' lat='3.1914872' lon='101.6140589' />
  <node id='7852172179' action='delete' timestamp='2020-09-30T18:40:38Z' uid='11399679' user='MaptainPhasma' visible='true' version='2' changeset='91784395' lat='3.1914815' lon='101.613893' />
  <node id='7852172180' action='delete' timestamp='2020-09-30T18:40:38Z' uid='11399679' user='MaptainPhasma' visible='true' version='2' changeset='91784395' lat='3.1914512' lon='101.6138879' />
  <node id='7852172181' action='delete' timestamp='2020-09-30T18:40:38Z' uid='11399679' user='MaptainPhasma' visible='true' version='2' changeset='91784395' lat='3.191421' lon='101.6138933' />
  <node id='7852172182' action='delete' timestamp='2020-09-30T18:40:38Z' uid='11399679' user='MaptainPhasma' visible='true' version='2' changeset='91784395' lat='3.1913945' lon='101.6139087' />
  <node id='7856613795' action='delete' timestamp='2020-08-29T13:25:05Z' uid='7131393' user='AndrewYeoh' visible='true' version='1' changeset='90119907' lat='3.1843605' lon='101.6172635' />
  <node id='7856613796' action='delete' timestamp='2020-08-29T13:25:05Z' uid='7131393' user='AndrewYeoh' visible='true' version='1' changeset='90119907' lat='3.1840397' lon='101.6176417' />
  <node id='7856613797' action='delete' timestamp='2020-08-29T13:25:05Z' uid='7131393' user='AndrewYeoh' visible='true' version='1' changeset='90119907' lat='3.1839041' lon='101.6175326' />
  <node id='7856613798' action='delete' timestamp='2020-08-29T13:25:05Z' uid='7131393' user='AndrewYeoh' visible='true' version='1' changeset='90119907' lat='3.1842251' lon='101.6171548' />
  <node id='7856613799' action='delete' timestamp='2021-04-15T12:46:57Z' uid='11516262' user='chi_lam' visible='true' version='2' changeset='102996310' lat='3.1848366' lon='101.6166978' />
  <node id='7856613800' action='delete' timestamp='2021-04-15T12:46:57Z' uid='11516262' user='chi_lam' visible='true' version='2' changeset='102996310' lat='3.184429' lon='101.6171785' />
  <node id='7856613801' action='delete' timestamp='2021-04-15T12:46:57Z' uid='11516262' user='chi_lam' visible='true' version='2' changeset='102996310' lat='3.1842945' lon='101.617064' />
  <node id='7856613802' action='delete' timestamp='2021-04-15T12:46:57Z' uid='11516262' user='chi_lam' visible='true' version='2' changeset='102996310' lat='3.1847074' lon='101.6165884' />
  <node id='7856613807' action='delete' timestamp='2021-04-15T12:46:57Z' uid='11516262' user='chi_lam' visible='true' version='2' changeset='102996310' lat='3.1846817' lon='101.6165577' />
  <node id='7856613808' action='delete' timestamp='2021-04-15T12:46:57Z' uid='11516262' user='chi_lam' visible='true' version='2' changeset='102996310' lat='3.1842741' lon='101.6170384' />
  <node id='7856613809' action='delete' timestamp='2021-04-15T12:46:57Z' uid='11516262' user='chi_lam' visible='true' version='2' changeset='102996310' lat='3.1841396' lon='101.6169239' />
  <node id='7856613810' action='delete' timestamp='2021-04-15T12:46:57Z' uid='11516262' user='chi_lam' visible='true' version='2' changeset='102996310' lat='3.1845525' lon='101.6164483' />
  <node id='7856613811' action='delete' timestamp='2020-08-29T13:25:05Z' uid='7131393' user='AndrewYeoh' visible='true' version='1' changeset='90119907' lat='3.1843696' lon='101.6164005' />
  <node id='7856613812' action='delete' timestamp='2020-08-29T13:25:05Z' uid='7131393' user='AndrewYeoh' visible='true' version='1' changeset='90119907' lat='3.1837367' lon='101.6171149' />
  <node id='7856613813' action='delete' timestamp='2020-08-29T13:25:05Z' uid='7131393' user='AndrewYeoh' visible='true' version='1' changeset='90119907' lat='3.1836164' lon='101.6170167' />
  <node id='7856613814' action='delete' timestamp='2020-08-29T13:25:05Z' uid='7131393' user='AndrewYeoh' visible='true' version='1' changeset='90119907' lat='3.1842404' lon='101.6162911' />
  <node id='7856613815' action='delete' timestamp='2020-08-29T13:25:05Z' uid='7131393' user='AndrewYeoh' visible='true' version='1' changeset='90119907' lat='3.1842194' lon='101.6162785' />
  <node id='7856613816' action='delete' timestamp='2020-08-29T13:25:05Z' uid='7131393' user='AndrewYeoh' visible='true' version='1' changeset='90119907' lat='3.1836636' lon='101.6169137' />
  <node id='7856613817' action='delete' timestamp='2020-08-29T13:25:05Z' uid='7131393' user='AndrewYeoh' visible='true' version='1' changeset='90119907' lat='3.1835441' lon='101.6168067' />
  <node id='7856613818' action='delete' timestamp='2020-08-29T13:25:05Z' uid='7131393' user='AndrewYeoh' visible='true' version='1' changeset='90119907' lat='3.1840902' lon='101.6161691' />
  <node id='7856613831' action='delete' timestamp='2020-08-29T13:25:05Z' uid='7131393' user='AndrewYeoh' visible='true' version='1' changeset='90119907' lat='3.1851281' lon='101.6167425' />
  <node id='7856613832' action='delete' timestamp='2020-08-29T13:25:05Z' uid='7131393' user='AndrewYeoh' visible='true' version='1' changeset='90119907' lat='3.1845282' lon='101.6162302' />
  <node id='7856613833' action='delete' timestamp='2020-08-29T13:25:05Z' uid='7131393' user='AndrewYeoh' visible='true' version='1' changeset='90119907' lat='3.1846487' lon='101.6160894' />
  <node id='7856613834' action='delete' timestamp='2020-08-29T13:25:05Z' uid='7131393' user='AndrewYeoh' visible='true' version='1' changeset='90119907' lat='3.1852513' lon='101.6166031' />
  <node id='7856613835' action='delete' timestamp='2020-08-29T13:25:05Z' uid='7131393' user='AndrewYeoh' visible='true' version='1' changeset='90119907' lat='3.185262' lon='101.6165883' />
  <node id='7856613836' action='delete' timestamp='2020-08-29T13:25:05Z' uid='7131393' user='AndrewYeoh' visible='true' version='1' changeset='90119907' lat='3.1846608' lon='101.616072' />
  <node id='7856613837' action='delete' timestamp='2020-08-29T13:25:05Z' uid='7131393' user='AndrewYeoh' visible='true' version='1' changeset='90119907' lat='3.1847773' lon='101.61595' />
  <node id='7856613838' action='delete' timestamp='2020-08-29T13:25:05Z' uid='7131393' user='AndrewYeoh' visible='true' version='1' changeset='90119907' lat='3.1853772' lon='101.6164502' />
  <node id='7856613839' action='delete' timestamp='2020-08-29T13:25:05Z' uid='7131393' user='AndrewYeoh' visible='true' version='1' changeset='90119907' lat='3.1854883' lon='101.6163255' />
  <node id='7856613840' action='delete' timestamp='2020-08-29T13:25:05Z' uid='7131393' user='AndrewYeoh' visible='true' version='1' changeset='90119907' lat='3.1848884' lon='101.6158132' />
  <node id='7856613841' action='delete' timestamp='2020-08-29T13:25:05Z' uid='7131393' user='AndrewYeoh' visible='true' version='1' changeset='90119907' lat='3.1850089' lon='101.6156723' />
  <node id='7856613842' action='delete' timestamp='2020-08-29T13:25:05Z' uid='7131393' user='AndrewYeoh' visible='true' version='1' changeset='90119907' lat='3.1856115' lon='101.616186' />
  <node id='7856613843' action='delete' timestamp='2020-08-29T13:25:05Z' uid='7131393' user='AndrewYeoh' visible='true' version='1' changeset='90119907' lat='3.1856222' lon='101.6161712' />
  <node id='7856613844' action='delete' timestamp='2020-08-29T13:25:05Z' uid='7131393' user='AndrewYeoh' visible='true' version='1' changeset='90119907' lat='3.185021' lon='101.6156549' />
  <node id='7856613845' action='delete' timestamp='2020-08-29T13:25:05Z' uid='7131393' user='AndrewYeoh' visible='true' version='1' changeset='90119907' lat='3.1851375' lon='101.6155329' />
  <node id='7856613846' action='delete' timestamp='2020-08-29T13:25:05Z' uid='7131393' user='AndrewYeoh' visible='true' version='1' changeset='90119907' lat='3.1857374' lon='101.6160331' />
  <node id='7856613847' action='delete' timestamp='2020-08-29T13:25:05Z' uid='7131393' user='AndrewYeoh' visible='true' version='1' changeset='90119907' lat='3.1858378' lon='101.6159151' />
  <node id='7856613848' action='delete' timestamp='2020-08-29T13:25:05Z' uid='7131393' user='AndrewYeoh' visible='true' version='1' changeset='90119907' lat='3.1852379' lon='101.6154028' />
  <node id='7856613849' action='delete' timestamp='2020-08-29T13:25:05Z' uid='7131393' user='AndrewYeoh' visible='true' version='1' changeset='90119907' lat='3.1853584' lon='101.615262' />
  <node id='7856613850' action='delete' timestamp='2020-08-29T13:25:05Z' uid='7131393' user='AndrewYeoh' visible='true' version='1' changeset='90119907' lat='3.185961' lon='101.6157756' />
  <node id='7856613851' action='delete' timestamp='2020-08-29T13:25:05Z' uid='7131393' user='AndrewYeoh' visible='true' version='1' changeset='90119907' lat='3.1859717' lon='101.6157609' />
  <node id='7856613852' action='delete' timestamp='2020-08-29T13:25:05Z' uid='7131393' user='AndrewYeoh' visible='true' version='1' changeset='90119907' lat='3.1853705' lon='101.6152445' />
  <node id='7856613853' action='delete' timestamp='2020-08-29T13:25:05Z' uid='7131393' user='AndrewYeoh' visible='true' version='1' changeset='90119907' lat='3.185487' lon='101.6151225' />
  <node id='7856613854' action='delete' timestamp='2020-08-29T13:25:05Z' uid='7131393' user='AndrewYeoh' visible='true' version='1' changeset='90119907' lat='3.1860868' lon='101.6156227' />
  <node id='7856613855' action='delete' timestamp='2020-08-29T13:25:05Z' uid='7131393' user='AndrewYeoh' visible='true' version='1' changeset='90119907' lat='3.1864926' lon='101.6164515' />
  <node id='7856613856' action='delete' timestamp='2020-08-29T13:25:05Z' uid='7131393' user='AndrewYeoh' visible='true' version='1' changeset='90119907' lat='3.1858927' lon='101.6159392' />
  <node id='7856613857' action='delete' timestamp='2020-08-29T13:25:05Z' uid='7131393' user='AndrewYeoh' visible='true' version='1' changeset='90119907' lat='3.1860132' lon='101.6157984' />
  <node id='7856613858' action='delete' timestamp='2020-08-29T13:25:05Z' uid='7131393' user='AndrewYeoh' visible='true' version='1' changeset='90119907' lat='3.1866158' lon='101.616312' />
  <node id='7856613859' action='delete' timestamp='2020-08-29T13:25:05Z' uid='7131393' user='AndrewYeoh' visible='true' version='1' changeset='90119907' lat='3.1866265' lon='101.6162973' />
  <node id='7856613860' action='delete' timestamp='2020-08-29T13:25:05Z' uid='7131393' user='AndrewYeoh' visible='true' version='1' changeset='90119907' lat='3.1860252' lon='101.615781' />
  <node id='7856613861' action='delete' timestamp='2020-08-29T13:25:05Z' uid='7131393' user='AndrewYeoh' visible='true' version='1' changeset='90119907' lat='3.1861417' lon='101.6156589' />
  <node id='7856613862' action='delete' timestamp='2020-08-29T13:25:05Z' uid='7131393' user='AndrewYeoh' visible='true' version='1' changeset='90119907' lat='3.1867416' lon='101.6161592' />
  <node id='7856613863' action='delete' timestamp='2020-08-29T13:25:05Z' uid='7131393' user='AndrewYeoh' visible='true' version='1' changeset='90119907' lat='3.186131' lon='101.616882' />
  <node id='7856613864' action='delete' timestamp='2020-08-29T13:25:05Z' uid='7131393' user='AndrewYeoh' visible='true' version='1' changeset='90119907' lat='3.1855311' lon='101.6163697' />
  <node id='7856613865' action='delete' timestamp='2020-08-29T13:25:05Z' uid='7131393' user='AndrewYeoh' visible='true' version='1' changeset='90119907' lat='3.1856517' lon='101.6162289' />
  <node id='7856613866' action='delete' timestamp='2020-08-29T13:25:05Z' uid='7131393' user='AndrewYeoh' visible='true' version='1' changeset='90119907' lat='3.1862542' lon='101.6167425' />
  <node id='7856613867' action='delete' timestamp='2020-08-29T13:25:05Z' uid='7131393' user='AndrewYeoh' visible='true' version='1' changeset='90119907' lat='3.1862649' lon='101.6167278' />
  <node id='7856613868' action='delete' timestamp='2020-08-29T13:25:05Z' uid='7131393' user='AndrewYeoh' visible='true' version='1' changeset='90119907' lat='3.1856637' lon='101.6162115' />
  <node id='7856613869' action='delete' timestamp='2020-08-29T13:25:05Z' uid='7131393' user='AndrewYeoh' visible='true' version='1' changeset='90119907' lat='3.1857802' lon='101.6160894' />
  <node id='7856613870' action='delete' timestamp='2020-08-29T13:25:05Z' uid='7131393' user='AndrewYeoh' visible='true' version='1' changeset='90119907' lat='3.1863801' lon='101.6165897' />
  <node id='7856613871' action='delete' timestamp='2020-08-29T13:25:05Z' uid='7131393' user='AndrewYeoh' visible='true' version='1' changeset='90119907' lat='3.1857748' lon='101.6172884' />
  <node id='7856613872' action='delete' timestamp='2020-08-29T13:25:05Z' uid='7131393' user='AndrewYeoh' visible='true' version='1' changeset='90119907' lat='3.185175' lon='101.6167761' />
  <node id='7856613873' action='delete' timestamp='2020-08-29T13:25:05Z' uid='7131393' user='AndrewYeoh' visible='true' version='1' changeset='90119907' lat='3.1852955' lon='101.6166353' />
  <node id='7856613874' action='delete' timestamp='2020-08-29T13:25:05Z' uid='7131393' user='AndrewYeoh' visible='true' version='1' changeset='90119907' lat='3.185898' lon='101.6171489' />
  <node id='7856613875' action='delete' timestamp='2020-08-29T13:25:05Z' uid='7131393' user='AndrewYeoh' visible='true' version='1' changeset='90119907' lat='3.1859088' lon='101.6171341' />
  <node id='7856613876' action='delete' timestamp='2020-08-29T13:25:05Z' uid='7131393' user='AndrewYeoh' visible='true' version='1' changeset='90119907' lat='3.1853075' lon='101.6166178' />
  <node id='7856613877' action='delete' timestamp='2020-08-29T13:25:05Z' uid='7131393' user='AndrewYeoh' visible='true' version='1' changeset='90119907' lat='3.185424' lon='101.6164958' />
  <node id='7856613878' action='delete' timestamp='2020-08-29T13:25:05Z' uid='7131393' user='AndrewYeoh' visible='true' version='1' changeset='90119907' lat='3.1860239' lon='101.616996' />
  <node id='7856613879' action='delete' timestamp='2020-08-29T13:25:05Z' uid='7131393' user='AndrewYeoh' visible='true' version='1' changeset='90119907' lat='3.1848389' lon='101.6157783' />
  <node id='7856613880' action='delete' timestamp='2020-08-29T13:25:05Z' uid='7131393' user='AndrewYeoh' visible='true' version='1' changeset='90119907' lat='3.184239' lon='101.615266' />
  <node id='7856613881' action='delete' timestamp='2020-08-29T13:25:05Z' uid='7131393' user='AndrewYeoh' visible='true' version='1' changeset='90119907' lat='3.1843595' lon='101.6151252' />
  <node id='7856613882' action='delete' timestamp='2020-08-29T13:25:05Z' uid='7131393' user='AndrewYeoh' visible='true' version='1' changeset='90119907' lat='3.1849621' lon='101.6156388' />
  <node id='7856613883' action='delete' timestamp='2020-08-29T13:25:05Z' uid='7131393' user='AndrewYeoh' visible='true' version='1' changeset='90119907' lat='3.1849728' lon='101.6156241' />
  <node id='7856613884' action='delete' timestamp='2020-08-29T13:25:05Z' uid='7131393' user='AndrewYeoh' visible='true' version='1' changeset='90119907' lat='3.1843715' lon='101.6151077' />
  <node id='7856619085' action='delete' timestamp='2020-08-29T13:25:05Z' uid='7131393' user='AndrewYeoh' visible='true' version='1' changeset='90119907' lat='3.184488' lon='101.6149857' />
  <node id='7856619086' action='delete' timestamp='2020-08-29T13:25:05Z' uid='7131393' user='AndrewYeoh' visible='true' version='1' changeset='90119907' lat='3.1850879' lon='101.6154859' />
  <node id='7856619087' action='delete' timestamp='2020-08-29T13:25:05Z' uid='7131393' user='AndrewYeoh' visible='true' version='1' changeset='90119907' lat='3.1844854' lon='101.61619' />
  <node id='7856619088' action='delete' timestamp='2020-08-29T13:25:05Z' uid='7131393' user='AndrewYeoh' visible='true' version='1' changeset='90119907' lat='3.1838801' lon='101.6156549' />
  <node id='7856619089' action='delete' timestamp='2020-08-29T13:25:05Z' uid='7131393' user='AndrewYeoh' visible='true' version='1' changeset='90119907' lat='3.1839899' lon='101.6155235' />
  <node id='7856619090' action='delete' timestamp='2020-08-29T13:25:05Z' uid='7131393' user='AndrewYeoh' visible='true' version='1' changeset='90119907' lat='3.1846085' lon='101.6160505' />
  <node id='7856619091' action='delete' timestamp='2020-08-29T13:25:05Z' uid='7131393' user='AndrewYeoh' visible='true' version='1' changeset='90119907' lat='3.1846193' lon='101.6160358' />
  <node id='7856619092' action='delete' timestamp='2020-08-29T13:25:05Z' uid='7131393' user='AndrewYeoh' visible='true' version='1' changeset='90119907' lat='3.1840006' lon='101.6155074' />
  <node id='7856619093' action='delete' timestamp='2020-08-29T13:25:05Z' uid='7131393' user='AndrewYeoh' visible='true' version='1' changeset='90119907' lat='3.1841104' lon='101.615384' />
  <node id='7856619094' action='delete' timestamp='2020-08-29T13:25:05Z' uid='7131393' user='AndrewYeoh' visible='true' version='1' changeset='90119907' lat='3.1847344' lon='101.6158976' />
  <node id='7856619095' action='delete' timestamp='2020-08-29T13:25:05Z' uid='7131393' user='AndrewYeoh' visible='true' version='1' changeset='90119907' lat='3.1852031' lon='101.6153572' />
  <node id='7856619096' action='delete' timestamp='2020-08-29T13:25:05Z' uid='7131393' user='AndrewYeoh' visible='true' version='1' changeset='90119907' lat='3.1845925' lon='101.6148355' />
  <node id='7856619097' action='delete' timestamp='2020-08-29T13:25:05Z' uid='7131393' user='AndrewYeoh' visible='true' version='1' changeset='90119907' lat='3.1847063' lon='101.6147027' />
  <node id='7856619098' action='delete' timestamp='2020-08-29T13:25:05Z' uid='7131393' user='AndrewYeoh' visible='true' version='1' changeset='90119907' lat='3.1853263' lon='101.6152177' />
  <node id='7856619099' action='delete' timestamp='2020-08-29T13:25:05Z' uid='7131393' user='AndrewYeoh' visible='true' version='1' changeset='90119907' lat='3.185337' lon='101.615203' />
  <node id='7856619100' action='delete' timestamp='2020-08-29T13:25:05Z' uid='7131393' user='AndrewYeoh' visible='true' version='1' changeset='90119907' lat='3.1847237' lon='101.6146746' />
  <node id='7856619101' action='delete' timestamp='2020-08-29T13:25:05Z' uid='7131393' user='AndrewYeoh' visible='true' version='1' changeset='90119907' lat='3.1848308' lon='101.6145458' />
  <node id='7856619102' action='delete' timestamp='2020-08-29T13:25:05Z' uid='7131393' user='AndrewYeoh' visible='true' version='1' changeset='90119907' lat='3.1854521' lon='101.6150648' />
  <node id='7856619103' action='delete' timestamp='2020-08-29T13:25:05Z' uid='7131393' user='AndrewYeoh' visible='true' version='1' changeset='90119907' lat='3.1843589' lon='101.6147683' />
  <node id='7856619104' action='delete' timestamp='2020-08-29T13:25:05Z' uid='7131393' user='AndrewYeoh' visible='true' version='1' changeset='90119907' lat='3.1837483' lon='101.6142466' />
  <node id='7856619105' action='delete' timestamp='2020-08-29T13:25:05Z' uid='7131393' user='AndrewYeoh' visible='true' version='1' changeset='90119907' lat='3.1838621' lon='101.6141139' />
  <node id='7856619106' action='delete' timestamp='2020-08-29T13:25:05Z' uid='7131393' user='AndrewYeoh' visible='true' version='1' changeset='90119907' lat='3.1844821' lon='101.6146288' />
  <node id='7856619107' action='delete' timestamp='2020-08-29T13:25:05Z' uid='7131393' user='AndrewYeoh' visible='true' version='1' changeset='90119907' lat='3.1844963' lon='101.614598' />
  <node id='7856619108' action='delete' timestamp='2020-08-29T13:25:05Z' uid='7131393' user='AndrewYeoh' visible='true' version='1' changeset='90119907' lat='3.1838857' lon='101.6140763' />
  <node id='7856619109' action='delete' timestamp='2020-08-29T13:25:05Z' uid='7131393' user='AndrewYeoh' visible='true' version='1' changeset='90119907' lat='3.1839995' lon='101.6139435' />
  <node id='7856619110' action='delete' timestamp='2020-08-29T13:25:05Z' uid='7131393' user='AndrewYeoh' visible='true' version='1' changeset='90119907' lat='3.1846195' lon='101.6144585' />
  <node id='7856619111' action='delete' timestamp='2020-08-29T13:25:05Z' uid='7131393' user='AndrewYeoh' visible='true' version='1' changeset='90119907' lat='3.1841466' lon='101.6150194' />
  <node id='7856619112' action='delete' timestamp='2020-08-29T13:25:05Z' uid='7131393' user='AndrewYeoh' visible='true' version='1' changeset='90119907' lat='3.1836199' lon='101.6145725' />
  <node id='7856619113' action='delete' timestamp='2020-08-29T13:25:05Z' uid='7131393' user='AndrewYeoh' visible='true' version='1' changeset='90119907' lat='3.1837337' lon='101.6144397' />
  <node id='7856619114' action='delete' timestamp='2020-08-29T13:25:05Z' uid='7131393' user='AndrewYeoh' visible='true' version='1' changeset='90119907' lat='3.1842639' lon='101.6148881' />
  <node id='7856619119' action='delete' timestamp='2020-08-29T13:25:05Z' uid='7131393' user='AndrewYeoh' visible='true' version='1' changeset='90119907' lat='3.1847476' lon='101.6143547' />
  <node id='7856619120' action='delete' timestamp='2020-08-29T13:25:05Z' uid='7131393' user='AndrewYeoh' visible='true' version='1' changeset='90119907' lat='3.1846024' lon='101.6142404' />
  <node id='7856619121' action='delete' timestamp='2020-08-29T13:25:05Z' uid='7131393' user='AndrewYeoh' visible='true' version='1' changeset='90119907' lat='3.1851688' lon='101.6135565' />
  <node id='7856619122' action='delete' timestamp='2020-08-29T13:25:05Z' uid='7131393' user='AndrewYeoh' visible='true' version='1' changeset='90119907' lat='3.1853147' lon='101.6136732' />
  <node id='7856619123' action='delete' timestamp='2020-08-29T13:25:05Z' uid='7131393' user='AndrewYeoh' visible='true' version='1' changeset='90119907' lat='3.1845974' lon='101.6142126' />
  <node id='7856619124' action='delete' timestamp='2020-08-29T13:25:05Z' uid='7131393' user='AndrewYeoh' visible='true' version='1' changeset='90119907' lat='3.1844521' lon='101.6140983' />
  <node id='7856619125' action='delete' timestamp='2020-08-29T13:25:05Z' uid='7131393' user='AndrewYeoh' visible='true' version='1' changeset='90119907' lat='3.185056' lon='101.6133942' />
  <node id='7856619126' action='delete' timestamp='2020-08-29T13:25:05Z' uid='7131393' user='AndrewYeoh' visible='true' version='1' changeset='90119907' lat='3.1851846' lon='101.6135055' />
  <node id='7856619127' action='delete' timestamp='2020-08-29T13:25:05Z' uid='7131393' user='AndrewYeoh' visible='true' version='1' changeset='90119907' lat='3.1843503' lon='101.6139705' />
  <node id='7856619128' action='delete' timestamp='2020-08-29T13:25:05Z' uid='7131393' user='AndrewYeoh' visible='true' version='1' changeset='90119907' lat='3.1842051' lon='101.6138562' />
  <node id='7856619129' action='delete' timestamp='2020-08-29T13:25:05Z' uid='7131393' user='AndrewYeoh' visible='true' version='1' changeset='90119907' lat='3.1848304' lon='101.6131133' />
  <node id='7856619130' action='delete' timestamp='2020-08-29T13:25:05Z' uid='7131393' user='AndrewYeoh' visible='true' version='1' changeset='90119907' lat='3.1849643' lon='101.6132246' />
  <node id='7856619131' action='delete' timestamp='2020-08-29T13:25:05Z' uid='7131393' user='AndrewYeoh' visible='true' version='1' changeset='90119907' lat='3.1843383' lon='101.6136621' />
  <node id='7856619132' action='delete' timestamp='2020-08-29T13:25:05Z' uid='7131393' user='AndrewYeoh' visible='true' version='1' changeset='90119907' lat='3.1841863' lon='101.6135384' />
  <node id='7856619133' action='delete' timestamp='2020-08-29T13:25:05Z' uid='7131393' user='AndrewYeoh' visible='true' version='1' changeset='90119907' lat='3.1847608' lon='101.6128652' />
  <node id='7856619134' action='delete' timestamp='2020-08-29T13:25:05Z' uid='7131393' user='AndrewYeoh' visible='true' version='1' changeset='90119907' lat='3.1849067' lon='101.6129912' />
  <node id='7856619135' action='delete' timestamp='2020-08-29T13:25:05Z' uid='7131393' user='AndrewYeoh' visible='true' version='1' changeset='90119907' lat='3.1839613' lon='101.6139035' />
  <node id='7856619136' action='delete' timestamp='2020-08-29T13:25:05Z' uid='7131393' user='AndrewYeoh' visible='true' version='1' changeset='90119907' lat='3.1837913' lon='101.6138671' />
  <node id='7856619137' action='delete' timestamp='2020-08-29T13:25:05Z' uid='7131393' user='AndrewYeoh' visible='true' version='1' changeset='90119907' lat='3.1840984' lon='101.6125968' />
  <node id='7856619138' action='delete' timestamp='2020-08-29T13:25:05Z' uid='7131393' user='AndrewYeoh' visible='true' version='1' changeset='90119907' lat='3.1842835' lon='101.6126444' />
  <node id='7856619139' action='delete' timestamp='2020-08-29T13:25:05Z' uid='7131393' user='AndrewYeoh' visible='true' version='1' changeset='90119907' lat='3.1843728' lon='101.6118234' />
  <node id='7856619140' action='delete' timestamp='2020-08-29T13:25:05Z' uid='7131393' user='AndrewYeoh' visible='true' version='1' changeset='90119907' lat='3.1840621' lon='101.6118496' />
  <node id='7856619141' action='delete' timestamp='2020-08-29T13:25:05Z' uid='7131393' user='AndrewYeoh' visible='true' version='1' changeset='90119907' lat='3.1840436' lon='101.6116417' />
  <node id='7856619142' action='delete' timestamp='2020-08-29T13:25:05Z' uid='7131393' user='AndrewYeoh' visible='true' version='1' changeset='90119907' lat='3.1843589' lon='101.6116155' />
  <node id='7856619143' action='delete' timestamp='2020-08-29T13:25:05Z' uid='7131393' user='AndrewYeoh' visible='true' version='1' changeset='90119907' lat='3.1843497' lon='101.6115877' />
  <node id='7856619144' action='delete' timestamp='2020-08-29T13:25:05Z' uid='7131393' user='AndrewYeoh' visible='true' version='1' changeset='90119907' lat='3.184039' lon='101.6116139' />
  <node id='7856619145' action='delete' timestamp='2020-08-29T13:25:05Z' uid='7131393' user='AndrewYeoh' visible='true' version='1' changeset='90119907' lat='3.1840205' lon='101.611406' />
  <node id='7856619146' action='delete' timestamp='2020-08-29T13:25:05Z' uid='7131393' user='AndrewYeoh' visible='true' version='1' changeset='90119907' lat='3.1843359' lon='101.6113798' />
  <node id='7856619147' action='delete' timestamp='2020-08-29T13:25:05Z' uid='7131393' user='AndrewYeoh' visible='true' version='1' changeset='90119907' lat='3.1843236' lon='101.6113428' />
  <node id='7856619148' action='delete' timestamp='2020-08-29T13:25:05Z' uid='7131393' user='AndrewYeoh' visible='true' version='1' changeset='90119907' lat='3.1840128' lon='101.611369' />
  <node id='7856619149' action='delete' timestamp='2020-08-29T13:25:05Z' uid='7131393' user='AndrewYeoh' visible='true' version='1' changeset='90119907' lat='3.1839944' lon='101.611161' />
  <node id='7856619150' action='delete' timestamp='2020-08-29T13:25:05Z' uid='7131393' user='AndrewYeoh' visible='true' version='1' changeset='90119907' lat='3.1843097' lon='101.6111348' />
  <node id='7856619151' action='delete' timestamp='2020-08-29T13:25:05Z' uid='7131393' user='AndrewYeoh' visible='true' version='1' changeset='90119907' lat='3.1843005' lon='101.6110886' />
  <node id='7856619152' action='delete' timestamp='2020-08-29T13:25:05Z' uid='7131393' user='AndrewYeoh' visible='true' version='1' changeset='90119907' lat='3.1839898' lon='101.6111148' />
  <node id='7856619153' action='delete' timestamp='2020-08-29T13:25:05Z' uid='7131393' user='AndrewYeoh' visible='true' version='1' changeset='90119907' lat='3.1839713' lon='101.6109068' />
  <node id='7856619154' action='delete' timestamp='2020-08-29T13:25:05Z' uid='7131393' user='AndrewYeoh' visible='true' version='1' changeset='90119907' lat='3.1842866' lon='101.6108806' />
  <node id='7856619155' action='delete' timestamp='2020-08-29T13:25:05Z' uid='7131393' user='AndrewYeoh' visible='true' version='1' changeset='90119907' lat='3.1842682' lon='101.6108483' />
  <node id='7856619156' action='delete' timestamp='2020-08-29T13:25:05Z' uid='7131393' user='AndrewYeoh' visible='true' version='1' changeset='90119907' lat='3.1839575' lon='101.6108745' />
  <node id='7856619157' action='delete' timestamp='2020-08-29T13:25:05Z' uid='7131393' user='AndrewYeoh' visible='true' version='1' changeset='90119907' lat='3.183939' lon='101.6106665' />
  <node id='7856619158' action='delete' timestamp='2020-08-29T13:25:05Z' uid='7131393' user='AndrewYeoh' visible='true' version='1' changeset='90119907' lat='3.1842543' lon='101.6106403' />
  <node id='7856619159' action='delete' timestamp='2020-08-29T13:25:05Z' uid='7131393' user='AndrewYeoh' visible='true' version='1' changeset='90119907' lat='3.184239' lon='101.6106049' />
  <node id='7856619160' action='delete' timestamp='2020-08-29T13:25:05Z' uid='7131393' user='AndrewYeoh' visible='true' version='1' changeset='90119907' lat='3.1839282' lon='101.6106311' />
  <node id='7856619161' action='delete' timestamp='2020-08-29T13:25:05Z' uid='7131393' user='AndrewYeoh' visible='true' version='1' changeset='90119907' lat='3.1839098' lon='101.6104231' />
  <node id='7856619162' action='delete' timestamp='2020-08-29T13:25:05Z' uid='7131393' user='AndrewYeoh' visible='true' version='1' changeset='90119907' lat='3.1842251' lon='101.6103969' />
  <node id='7856619163' action='delete' timestamp='2020-08-29T13:25:05Z' uid='7131393' user='AndrewYeoh' visible='true' version='1' changeset='90119907' lat='3.184219' lon='101.6103599' />
  <node id='7856619164' action='delete' timestamp='2020-08-29T13:25:05Z' uid='7131393' user='AndrewYeoh' visible='true' version='1' changeset='90119907' lat='3.1839083' lon='101.6103861' />
  <node id='7856619165' action='delete' timestamp='2020-08-29T13:25:05Z' uid='7131393' user='AndrewYeoh' visible='true' version='1' changeset='90119907' lat='3.1838898' lon='101.6101782' />
  <node id='7856619166' action='delete' timestamp='2020-08-29T13:25:05Z' uid='7131393' user='AndrewYeoh' visible='true' version='1' changeset='90119907' lat='3.1842051' lon='101.610152' />
  <node id='7858076649' action='delete' timestamp='2020-08-30T07:00:26Z' uid='7131393' user='AndrewYeoh' visible='true' version='1' changeset='90136942' lat='3.188356' lon='101.6154274' />
  <node id='7858076650' action='delete' timestamp='2020-08-30T07:00:26Z' uid='7131393' user='AndrewYeoh' visible='true' version='1' changeset='90136942' lat='3.1885093' lon='101.6155138' />
  <node id='7858076651' action='delete' timestamp='2020-08-30T07:00:26Z' uid='7131393' user='AndrewYeoh' visible='true' version='1' changeset='90136942' lat='3.1887711' lon='101.6150828' />
  <node id='7858076652' action='delete' timestamp='2020-08-30T07:00:26Z' uid='7131393' user='AndrewYeoh' visible='true' version='1' changeset='90136942' lat='3.1886128' lon='101.6149965' />
  <node id='7858076653' action='delete' timestamp='2020-08-30T07:00:26Z' uid='7131393' user='AndrewYeoh' visible='true' version='1' changeset='90136942' lat='3.188183' lon='101.6153303' />
  <node id='7858076654' action='delete' timestamp='2020-08-30T07:00:26Z' uid='7131393' user='AndrewYeoh' visible='true' version='1' changeset='90136942' lat='3.1883362' lon='101.6154167' />
  <node id='7858076655' action='delete' timestamp='2020-08-30T07:00:26Z' uid='7131393' user='AndrewYeoh' visible='true' version='1' changeset='90136942' lat='3.1885981' lon='101.6149858' />
  <node id='7858076656' action='delete' timestamp='2020-08-30T07:00:26Z' uid='7131393' user='AndrewYeoh' visible='true' version='1' changeset='90136942' lat='3.1884398' lon='101.6148994' />
  <node id='7858076657' action='delete' timestamp='2020-08-30T07:00:26Z' uid='7131393' user='AndrewYeoh' visible='true' version='1' changeset='90136942' lat='3.1877098' lon='101.6150453' />
  <node id='7858076658' action='delete' timestamp='2020-08-30T07:00:26Z' uid='7131393' user='AndrewYeoh' visible='true' version='1' changeset='90136942' lat='3.187863' lon='101.6151317' />
  <node id='7858076659' action='delete' timestamp='2020-08-30T07:00:26Z' uid='7131393' user='AndrewYeoh' visible='true' version='1' changeset='90136942' lat='3.1881249' lon='101.6147007' />
  <node id='7858076660' action='delete' timestamp='2020-08-30T07:00:26Z' uid='7131393' user='AndrewYeoh' visible='true' version='1' changeset='90136942' lat='3.1879665' lon='101.6146144' />
  <node id='7858076661' action='delete' timestamp='2020-08-30T07:00:26Z' uid='7131393' user='AndrewYeoh' visible='true' version='1' changeset='90136942' lat='3.1878828' lon='101.6151424' />
  <node id='7858076662' action='delete' timestamp='2020-08-30T07:00:26Z' uid='7131393' user='AndrewYeoh' visible='true' version='1' changeset='90136942' lat='3.1880361' lon='101.6152287' />
  <node id='7858076663' action='delete' timestamp='2020-08-30T07:00:26Z' uid='7131393' user='AndrewYeoh' visible='true' version='1' changeset='90136942' lat='3.1882979' lon='101.6147978' />
  <node id='7858076664' action='delete' timestamp='2020-08-30T07:00:26Z' uid='7131393' user='AndrewYeoh' visible='true' version='1' changeset='90136942' lat='3.1881396' lon='101.6147114' />
  <node id='7858076665' action='delete' timestamp='2020-08-30T07:00:26Z' uid='7131393' user='AndrewYeoh' visible='true' version='1' changeset='90136942' lat='3.1872484' lon='101.6147372' />
  <node id='7858076666' action='delete' timestamp='2020-08-30T07:00:26Z' uid='7131393' user='AndrewYeoh' visible='true' version='1' changeset='90136942' lat='3.1874016' lon='101.6148236' />
  <node id='7858076667' action='delete' timestamp='2020-08-30T07:00:26Z' uid='7131393' user='AndrewYeoh' visible='true' version='1' changeset='90136942' lat='3.1876634' lon='101.6143926' />
  <node id='7858076668' action='delete' timestamp='2020-08-30T07:00:26Z' uid='7131393' user='AndrewYeoh' visible='true' version='1' changeset='90136942' lat='3.1875051' lon='101.6143063' />
  <node id='7858076669' action='delete' timestamp='2020-08-30T07:00:26Z' uid='7131393' user='AndrewYeoh' visible='true' version='1' changeset='90136942' lat='3.1874214' lon='101.6148343' />
  <node id='7858076670' action='delete' timestamp='2020-08-30T07:00:26Z' uid='7131393' user='AndrewYeoh' visible='true' version='1' changeset='90136942' lat='3.1875746' lon='101.6149206' />
  <node id='7858076671' action='delete' timestamp='2020-08-30T07:00:26Z' uid='7131393' user='AndrewYeoh' visible='true' version='1' changeset='90136942' lat='3.1878364' lon='101.6144897' />
  <node id='7858076672' action='delete' timestamp='2020-08-30T07:00:26Z' uid='7131393' user='AndrewYeoh' visible='true' version='1' changeset='90136942' lat='3.1876781' lon='101.6144033' />
  <node id='7858076673' action='delete' timestamp='2020-08-30T07:00:26Z' uid='7131393' user='AndrewYeoh' visible='true' version='1' changeset='90136942' lat='3.1868284' lon='101.614399' />
  <node id='7858076674' action='delete' timestamp='2020-08-30T07:00:26Z' uid='7131393' user='AndrewYeoh' visible='true' version='1' changeset='90136942' lat='3.1869755' lon='101.6144854' />
  <node id='7858076675' action='delete' timestamp='2020-08-30T07:00:26Z' uid='7131393' user='AndrewYeoh' visible='true' version='1' changeset='90136942' lat='3.1871697' lon='101.6141585' />
  <node id='7858076676' action='delete' timestamp='2020-08-30T07:00:26Z' uid='7131393' user='AndrewYeoh' visible='true' version='1' changeset='90136942' lat='3.1870206' lon='101.6140698' />
  <node id='7858076677' action='delete' timestamp='2020-08-30T07:00:26Z' uid='7131393' user='AndrewYeoh' visible='true' version='1' changeset='90136942' lat='3.186963' lon='101.6145369' />
  <node id='7858076678' action='delete' timestamp='2020-08-30T07:00:26Z' uid='7131393' user='AndrewYeoh' visible='true' version='1' changeset='90136942' lat='3.1871055' lon='101.6146434' />
  <node id='7858076679' action='delete' timestamp='2020-08-30T07:00:26Z' uid='7131393' user='AndrewYeoh' visible='true' version='1' changeset='90136942' lat='3.1873427' lon='101.6142555' />
  <node id='7858076680' action='delete' timestamp='2020-08-30T07:00:26Z' uid='7131393' user='AndrewYeoh' visible='true' version='1' changeset='90136942' lat='3.1871844' lon='101.6141692' />
  <node id='7858076681' action='delete' timestamp='2020-08-30T07:00:26Z' uid='7131393' user='AndrewYeoh' visible='true' version='1' changeset='90136942' lat='3.1863685' lon='101.6140594' />
  <node id='7858076682' action='delete' timestamp='2020-08-30T07:00:26Z' uid='7131393' user='AndrewYeoh' visible='true' version='1' changeset='90136942' lat='3.186531' lon='101.6141535' />
  <node id='7858076683' action='delete' timestamp='2020-08-30T07:00:26Z' uid='7131393' user='AndrewYeoh' visible='true' version='1' changeset='90136942' lat='3.1867098' lon='101.6138442' />
  <node id='7858076684' action='delete' timestamp='2020-08-30T07:00:26Z' uid='7131393' user='AndrewYeoh' visible='true' version='1' changeset='90136942' lat='3.1865515' lon='101.6137578' />
  <node id='7858081185' action='delete' timestamp='2020-08-30T07:00:26Z' uid='7131393' user='AndrewYeoh' visible='true' version='1' changeset='90136942' lat='3.186517' lon='101.6142134' />
  <node id='7858081186' action='delete' timestamp='2020-08-30T07:00:26Z' uid='7131393' user='AndrewYeoh' visible='true' version='1' changeset='90136942' lat='3.1866563' lon='101.6142906' />
  <node id='7858081187' action='delete' timestamp='2020-08-30T07:00:26Z' uid='7131393' user='AndrewYeoh' visible='true' version='1' changeset='90136942' lat='3.1868413' lon='101.6139675' />
  <node id='7858081188' action='delete' timestamp='2020-08-30T07:00:26Z' uid='7131393' user='AndrewYeoh' visible='true' version='1' changeset='90136942' lat='3.1867029' lon='101.6138888' />
  <node id='7858081189' action='delete' timestamp='2020-08-30T07:00:26Z' uid='7131393' user='AndrewYeoh' visible='true' version='1' changeset='90136942' lat='3.1888606' lon='101.6156628' />
  <node id='7858081190' action='delete' timestamp='2020-08-30T07:00:26Z' uid='7131393' user='AndrewYeoh' visible='true' version='1' changeset='90136942' lat='3.1890138' lon='101.6157492' />
  <node id='7858081191' action='delete' timestamp='2020-08-30T07:00:26Z' uid='7131393' user='AndrewYeoh' visible='true' version='1' changeset='90136942' lat='3.1892756' lon='101.6153183' />
  <node id='7858081192' action='delete' timestamp='2020-08-30T07:00:26Z' uid='7131393' user='AndrewYeoh' visible='true' version='1' changeset='90136942' lat='3.1891173' lon='101.6152319' />
  <node id='7858081193' action='delete' timestamp='2020-08-30T07:00:26Z' uid='7131393' user='AndrewYeoh' visible='true' version='1' changeset='90136942' lat='3.1886876' lon='101.6155657' />
  <node id='7858081194' action='delete' timestamp='2020-08-30T07:00:26Z' uid='7131393' user='AndrewYeoh' visible='true' version='1' changeset='90136942' lat='3.1888408' lon='101.6156521' />
  <node id='7858081195' action='delete' timestamp='2020-08-30T07:00:26Z' uid='7131393' user='AndrewYeoh' visible='true' version='1' changeset='90136942' lat='3.1891026' lon='101.6152212' />
  <node id='7858081196' action='delete' timestamp='2020-08-30T07:00:26Z' uid='7131393' user='AndrewYeoh' visible='true' version='1' changeset='90136942' lat='3.1889443' lon='101.6151348' />
  <node id='7858081197' action='delete' timestamp='2020-08-30T07:00:26Z' uid='7131393' user='AndrewYeoh' visible='true' version='1' changeset='90136942' lat='3.1882915' lon='101.6143363' />
  <node id='7858081198' action='delete' timestamp='2020-08-30T07:00:26Z' uid='7131393' user='AndrewYeoh' visible='true' version='1' changeset='90136942' lat='3.1875532' lon='101.613905' />
  <node id='7858081199' action='delete' timestamp='2020-08-30T07:00:26Z' uid='7131393' user='AndrewYeoh' visible='true' version='1' changeset='90136942' lat='3.1876486' lon='101.6137447' />
  <node id='7858081200' action='delete' timestamp='2020-08-30T07:00:26Z' uid='7131393' user='AndrewYeoh' visible='true' version='1' changeset='90136942' lat='3.1883777' lon='101.6141884' />
  <node id='7858081201' action='delete' timestamp='2020-08-30T07:00:26Z' uid='7131393' user='AndrewYeoh' visible='true' version='1' changeset='90136942' lat='3.1881839' lon='101.6145165' />
  <node id='7858081202' action='delete' timestamp='2020-08-30T07:00:26Z' uid='7131393' user='AndrewYeoh' visible='true' version='1' changeset='90136942' lat='3.1874455' lon='101.6140852' />
  <node id='7858081203' action='delete' timestamp='2020-08-30T07:00:26Z' uid='7131393' user='AndrewYeoh' visible='true' version='1' changeset='90136942' lat='3.1875409' lon='101.613925' />
  <node id='7858081204' action='delete' timestamp='2020-08-30T07:00:26Z' uid='7131393' user='AndrewYeoh' visible='true' version='1' changeset='90136942' lat='3.18827' lon='101.6143687' />
  <node id='7858081205' action='delete' timestamp='2020-08-30T07:00:26Z' uid='7131393' user='AndrewYeoh' visible='true' version='1' changeset='90136942' lat='3.1884546' lon='101.6140505' />
  <node id='7858081206' action='delete' timestamp='2020-08-30T07:00:26Z' uid='7131393' user='AndrewYeoh' visible='true' version='1' changeset='90136942' lat='3.1877163' lon='101.6136192' />
  <node id='7858081207' action='delete' timestamp='2020-08-30T07:00:26Z' uid='7131393' user='AndrewYeoh' visible='true' version='1' changeset='90136942' lat='3.1878116' lon='101.613459' />
  <node id='7858081208' action='delete' timestamp='2020-08-30T07:00:26Z' uid='7131393' user='AndrewYeoh' visible='true' version='1' changeset='90136942' lat='3.1885407' lon='101.6139026' />
  <node id='7858081209' action='delete' timestamp='2020-08-30T07:00:26Z' uid='7131393' user='AndrewYeoh' visible='true' version='1' changeset='90136942' lat='3.1885622' lon='101.6138703' />
  <node id='7858081210' action='delete' timestamp='2020-08-30T07:00:26Z' uid='7131393' user='AndrewYeoh' visible='true' version='1' changeset='90136942' lat='3.1878239' lon='101.6134389' />
  <node id='7858081211' action='delete' timestamp='2020-08-30T07:00:26Z' uid='7131393' user='AndrewYeoh' visible='true' version='1' changeset='90136942' lat='3.1879193' lon='101.6132787' />
  <node id='7858081212' action='delete' timestamp='2020-08-30T07:00:26Z' uid='7131393' user='AndrewYeoh' visible='true' version='1' changeset='90136942' lat='3.1886484' lon='101.6137224' />
  <node id='7858081213' action='delete' timestamp='2020-08-30T07:00:26Z' uid='7131393' user='AndrewYeoh' visible='true' version='1' changeset='90136942' lat='3.1887491' lon='101.6135617' />
  <node id='7858081214' action='delete' timestamp='2020-08-30T07:00:26Z' uid='7131393' user='AndrewYeoh' visible='true' version='1' changeset='90136942' lat='3.1880108' lon='101.6131304' />
  <node id='7858081215' action='delete' timestamp='2020-08-30T07:00:26Z' uid='7131393' user='AndrewYeoh' visible='true' version='1' changeset='90136942' lat='3.1881062' lon='101.6129702' />
  <node id='7858081216' action='delete' timestamp='2020-08-30T07:00:26Z' uid='7131393' user='AndrewYeoh' visible='true' version='1' changeset='90136942' lat='3.1888353' lon='101.6134138' />
  <node id='7858081217' action='delete' timestamp='2020-08-30T07:00:26Z' uid='7131393' user='AndrewYeoh' visible='true' version='1' changeset='90136942' lat='3.1888568' lon='101.6133815' />
  <node id='7858081218' action='delete' timestamp='2020-08-30T07:00:26Z' uid='7131393' user='AndrewYeoh' visible='true' version='1' changeset='90136942' lat='3.1881185' lon='101.6129501' />
  <node id='7858081219' action='delete' timestamp='2020-08-30T07:00:26Z' uid='7131393' user='AndrewYeoh' visible='true' version='1' changeset='90136942' lat='3.1882139' lon='101.6127899' />
  <node id='7858081220' action='delete' timestamp='2020-08-30T07:00:26Z' uid='7131393' user='AndrewYeoh' visible='true' version='1' changeset='90136942' lat='3.1889429' lon='101.6132336' />
  <node id='7858081221' action='delete' timestamp='2020-08-30T07:00:26Z' uid='7131393' user='AndrewYeoh' visible='true' version='1' changeset='90136942' lat='3.1879637' lon='101.6130983' />
  <node id='7858081222' action='delete' timestamp='2020-08-30T07:00:26Z' uid='7131393' user='AndrewYeoh' visible='true' version='1' changeset='90136942' lat='3.1872254' lon='101.6126669' />
  <node id='7858081223' action='delete' timestamp='2020-08-30T07:00:26Z' uid='7131393' user='AndrewYeoh' visible='true' version='1' changeset='90136942' lat='3.1873207' lon='101.6125067' />
  <node id='7858081224' action='delete' timestamp='2020-08-30T07:00:26Z' uid='7131393' user='AndrewYeoh' visible='true' version='1' changeset='90136942' lat='3.1880498' lon='101.6129504' />
  <node id='7858081225' action='delete' timestamp='2020-08-30T07:00:26Z' uid='7131393' user='AndrewYeoh' visible='true' version='1' changeset='90136942' lat='3.1880713' lon='101.612918' />
  <node id='7858081226' action='delete' timestamp='2020-08-30T07:00:26Z' uid='7131393' user='AndrewYeoh' visible='true' version='1' changeset='90136942' lat='3.187333' lon='101.6124867' />
  <node id='7858081227' action='delete' timestamp='2020-08-30T07:00:26Z' uid='7131393' user='AndrewYeoh' visible='true' version='1' changeset='90136942' lat='3.1874284' lon='101.6123264' />
  <node id='7858081228' action='delete' timestamp='2020-08-30T07:00:26Z' uid='7131393' user='AndrewYeoh' visible='true' version='1' changeset='90136942' lat='3.1881575' lon='101.6127701' />
  <node id='7858081229' action='delete' timestamp='2020-08-30T07:00:26Z' uid='7131393' user='AndrewYeoh' visible='true' version='1' changeset='90136942' lat='3.1876694' lon='101.6135698' />
  <node id='7858081230' action='delete' timestamp='2020-08-30T07:00:26Z' uid='7131393' user='AndrewYeoh' visible='true' version='1' changeset='90136942' lat='3.1869311' lon='101.6131385' />
  <node id='7858081231' action='delete' timestamp='2020-08-30T07:00:26Z' uid='7131393' user='AndrewYeoh' visible='true' version='1' changeset='90136942' lat='3.1870264' lon='101.6129783' />
  <node id='7858081232' action='delete' timestamp='2020-08-30T07:00:26Z' uid='7131393' user='AndrewYeoh' visible='true' version='1' changeset='90136942' lat='3.1877555' lon='101.613422' />
  <node id='7858081233' action='delete' timestamp='2020-08-30T07:00:26Z' uid='7131393' user='AndrewYeoh' visible='true' version='1' changeset='90136942' lat='3.1877771' lon='101.6133896' />
  <node id='7858081234' action='delete' timestamp='2020-08-30T07:00:26Z' uid='7131393' user='AndrewYeoh' visible='true' version='1' changeset='90136942' lat='3.1870387' lon='101.6129583' />
  <node id='7858081235' action='delete' timestamp='2020-08-30T07:00:26Z' uid='7131393' user='AndrewYeoh' visible='true' version='1' changeset='90136942' lat='3.1871341' lon='101.612798' />
  <node id='7858081236' action='delete' timestamp='2020-08-30T07:00:26Z' uid='7131393' user='AndrewYeoh' visible='true' version='1' changeset='90136942' lat='3.1878632' lon='101.6132417' />
  <node id='7858081237' action='delete' timestamp='2020-08-30T07:00:26Z' uid='7131393' user='AndrewYeoh' visible='true' version='1' changeset='90136942' lat='3.1873995' lon='101.6140536' />
  <node id='7858081238' action='delete' timestamp='2020-08-30T07:00:26Z' uid='7131393' user='AndrewYeoh' visible='true' version='1' changeset='90136942' lat='3.1866611' lon='101.6136223' />
  <node id='7858081239' action='delete' timestamp='2020-08-30T07:00:26Z' uid='7131393' user='AndrewYeoh' visible='true' version='1' changeset='90136942' lat='3.1867565' lon='101.6134621' />
  <node id='7858081240' action='delete' timestamp='2020-08-30T07:00:26Z' uid='7131393' user='AndrewYeoh' visible='true' version='1' changeset='90136942' lat='3.1874856' lon='101.6139057' />
  <node id='7858081241' action='delete' timestamp='2020-08-30T07:00:26Z' uid='7131393' user='AndrewYeoh' visible='true' version='1' changeset='90136942' lat='3.1875071' lon='101.6138734' />
  <node id='7858081242' action='delete' timestamp='2020-08-30T07:00:26Z' uid='7131393' user='AndrewYeoh' visible='true' version='1' changeset='90136942' lat='3.1867688' lon='101.613442' />
  <node id='7858081243' action='delete' timestamp='2020-08-30T07:00:26Z' uid='7131393' user='AndrewYeoh' visible='true' version='1' changeset='90136942' lat='3.1868642' lon='101.6132818' />
  <node id='7858081244' action='delete' timestamp='2020-08-30T07:00:26Z' uid='7131393' user='AndrewYeoh' visible='true' version='1' changeset='90136942' lat='3.1875933' lon='101.6137255' />
  <node id='7858081245' action='delete' timestamp='2020-08-30T07:00:26Z' uid='7131393' user='AndrewYeoh' visible='true' version='1' changeset='90136942' lat='3.1895439' lon='101.6140178' />
  <node id='7858081246' action='delete' timestamp='2020-08-30T07:00:26Z' uid='7131393' user='AndrewYeoh' visible='true' version='1' changeset='90136942' lat='3.1888056' lon='101.6135865' />
  <node id='7858081247' action='delete' timestamp='2020-08-30T07:00:26Z' uid='7131393' user='AndrewYeoh' visible='true' version='1' changeset='90136942' lat='3.188901' lon='101.6134263' />
  <node id='7858081248' action='delete' timestamp='2020-08-30T07:00:26Z' uid='7131393' user='AndrewYeoh' visible='true' version='1' changeset='90136942' lat='3.1896301' lon='101.61387' />
  <node id='7858081249' action='delete' timestamp='2020-08-30T07:00:26Z' uid='7131393' user='AndrewYeoh' visible='true' version='1' changeset='90136942' lat='3.1896516' lon='101.6138376' />
  <node id='7858081250' action='delete' timestamp='2020-08-30T07:00:26Z' uid='7131393' user='AndrewYeoh' visible='true' version='1' changeset='90136942' lat='3.1889133' lon='101.6134063' />
  <node id='7858081251' action='delete' timestamp='2020-08-30T07:00:26Z' uid='7131393' user='AndrewYeoh' visible='true' version='1' changeset='90136942' lat='3.1890087' lon='101.613246' />
  <node id='7858081252' action='delete' timestamp='2020-08-30T07:00:26Z' uid='7131393' user='AndrewYeoh' visible='true' version='1' changeset='90136942' lat='3.1897377' lon='101.6136897' />
  <node id='7858081253' action='delete' timestamp='2020-08-30T07:00:26Z' uid='7131393' user='AndrewYeoh' visible='true' version='1' changeset='90136942' lat='3.1903591' lon='101.6145108' />
  <node id='7858081254' action='delete' timestamp='2020-08-30T07:00:26Z' uid='7131393' user='AndrewYeoh' visible='true' version='1' changeset='90136942' lat='3.1895672' lon='101.6140515' />
  <node id='7858081255' action='delete' timestamp='2020-08-30T07:00:26Z' uid='7131393' user='AndrewYeoh' visible='true' version='1' changeset='90136942' lat='3.1896672' lon='101.6138912' />
  <node id='7858081256' action='delete' timestamp='2020-08-30T07:00:26Z' uid='7131393' user='AndrewYeoh' visible='true' version='1' changeset='90136942' lat='3.1904453' lon='101.6143629' />
  <node id='7858081257' action='delete' timestamp='2020-08-30T07:00:26Z' uid='7131393' user='AndrewYeoh' visible='true' version='1' changeset='90136942' lat='3.1904668' lon='101.6143306' />
  <node id='7858081258' action='delete' timestamp='2020-08-30T07:00:26Z' uid='7131393' user='AndrewYeoh' visible='true' version='1' changeset='90136942' lat='3.1896795' lon='101.6138689' />
  <node id='7858081259' action='delete' timestamp='2020-08-30T07:00:26Z' uid='7131393' user='AndrewYeoh' visible='true' version='1' changeset='90136942' lat='3.1897749' lon='101.613711' />
  <node id='7858081260' action='delete' timestamp='2020-08-30T07:00:26Z' uid='7131393' user='AndrewYeoh' visible='true' version='1' changeset='90136942' lat='3.1905529' lon='101.6141827' />
  <node id='7858081261' action='delete' timestamp='2020-08-30T07:00:26Z' uid='7131393' user='AndrewYeoh' visible='true' version='1' changeset='90136942' lat='3.1900957' lon='101.615015' />
  <node id='7858081262' action='delete' timestamp='2020-08-30T07:00:26Z' uid='7131393' user='AndrewYeoh' visible='true' version='1' changeset='90136942' lat='3.1895101' lon='101.6146525' />
  <node id='7858081263' action='delete' timestamp='2020-08-30T07:00:26Z' uid='7131393' user='AndrewYeoh' visible='true' version='1' changeset='90136942' lat='3.1896054' lon='101.6144923' />
  <node id='7858081264' action='delete' timestamp='2020-08-30T07:00:26Z' uid='7131393' user='AndrewYeoh' visible='true' version='1' changeset='90136942' lat='3.190197' lon='101.6148484' />
  <node id='7858081265' action='delete' timestamp='2020-08-30T07:00:26Z' uid='7131393' user='AndrewYeoh' visible='true' version='1' changeset='90136942' lat='3.1902115' lon='101.6148243' />
  <node id='7858081266' action='delete' timestamp='2020-08-30T07:00:26Z' uid='7131393' user='AndrewYeoh' visible='true' version='1' changeset='90136942' lat='3.1896178' lon='101.6144723' />
  <node id='7858081267' action='delete' timestamp='2020-08-30T07:00:26Z' uid='7131393' user='AndrewYeoh' visible='true' version='1' changeset='90136942' lat='3.1897131' lon='101.6143121' />
  <node id='7858081268' action='delete' timestamp='2020-08-30T07:00:26Z' uid='7131393' user='AndrewYeoh' visible='true' version='1' changeset='90136942' lat='3.1903011' lon='101.6146577' />
  <node id='7858081269' action='delete' timestamp='2020-08-30T07:00:26Z' uid='7131393' user='AndrewYeoh' visible='true' version='1' changeset='90136942' lat='3.1898454' lon='101.6154783' />
  <node id='7858081270' action='delete' timestamp='2020-08-30T07:00:26Z' uid='7131393' user='AndrewYeoh' visible='true' version='1' changeset='90136942' lat='3.1890133' lon='101.6150115' />
  <node id='7858081271' action='delete' timestamp='2020-08-30T07:00:26Z' uid='7131393' user='AndrewYeoh' visible='true' version='1' changeset='90136942' lat='3.1891163' lon='101.6148467' />
  <node id='7858081272' action='delete' timestamp='2020-08-30T07:00:26Z' uid='7131393' user='AndrewYeoh' visible='true' version='1' changeset='90136942' lat='3.1899315' lon='101.6153304' />
  <node id='7858081273' action='delete' timestamp='2020-08-30T07:00:26Z' uid='7131393' user='AndrewYeoh' visible='true' version='1' changeset='90136942' lat='3.1899531' lon='101.615298' />
  <node id='7858081274' action='delete' timestamp='2020-08-30T07:00:26Z' uid='7131393' user='AndrewYeoh' visible='true' version='1' changeset='90136942' lat='3.1891209' lon='101.6148174' />
  <node id='7858081275' action='delete' timestamp='2020-08-30T07:00:26Z' uid='7131393' user='AndrewYeoh' visible='true' version='1' changeset='90136942' lat='3.1892148' lon='101.6146572' />
  <node id='7858081276' action='delete' timestamp='2020-08-30T07:00:26Z' uid='7131393' user='AndrewYeoh' visible='true' version='1' changeset='90136942' lat='3.1900392' lon='101.6151501' />
  <node id='7858081277' action='delete' timestamp='2020-08-30T07:00:26Z' uid='7131393' user='AndrewYeoh' visible='true' version='1' changeset='90136942' lat='3.1889548' lon='101.6149853' />
  <node id='7858081278' action='delete' timestamp='2020-08-30T07:00:26Z' uid='7131393' user='AndrewYeoh' visible='true' version='1' changeset='90136942' lat='3.1882396' lon='101.614557' />
  <node id='7858081279' action='delete' timestamp='2020-08-30T07:00:26Z' uid='7131393' user='AndrewYeoh' visible='true' version='1' changeset='90136942' lat='3.1883349' lon='101.6143968' />
  <node id='7858081280' action='delete' timestamp='2020-08-30T07:00:26Z' uid='7131393' user='AndrewYeoh' visible='true' version='1' changeset='90136942' lat='3.1890502' lon='101.6148297' />
  <node id='7858081281' action='delete' timestamp='2020-08-30T07:00:26Z' uid='7131393' user='AndrewYeoh' visible='true' version='1' changeset='90136942' lat='3.1890717' lon='101.6147958' />
  <node id='7858081282' action='delete' timestamp='2020-08-30T07:00:26Z' uid='7131393' user='AndrewYeoh' visible='true' version='1' changeset='90136942' lat='3.1883473' lon='101.6143768' />
  <node id='7858081283' action='delete' timestamp='2020-08-30T07:00:26Z' uid='7131393' user='AndrewYeoh' visible='true' version='1' changeset='90136942' lat='3.1884426' lon='101.6142166' />
  <node id='7858081284' action='delete' timestamp='2020-08-30T07:00:26Z' uid='7131393' user='AndrewYeoh' visible='true' version='1' changeset='90136942' lat='3.1891578' lon='101.6146464' />
  <node id='7858081285' action='delete' timestamp='2020-08-30T07:00:26Z' uid='7131393' user='AndrewYeoh' visible='true' version='1' changeset='90136942' lat='3.1882513' lon='101.6115703' />
  <node id='7858081286' action='delete' timestamp='2020-08-30T07:00:26Z' uid='7131393' user='AndrewYeoh' visible='true' version='1' changeset='90136942' lat='3.1881294' lon='101.611496' />
  <node id='7858081287' action='delete' timestamp='2020-08-30T07:00:26Z' uid='7131393' user='AndrewYeoh' visible='true' version='1' changeset='90136942' lat='3.1876753' lon='101.6122622' />
  <node id='7858081288' action='delete' timestamp='2020-08-30T07:00:26Z' uid='7131393' user='AndrewYeoh' visible='true' version='1' changeset='90136942' lat='3.1878079' lon='101.6123471' />
  <node id='7858081289' action='delete' timestamp='2020-08-30T07:00:26Z' uid='7131393' user='AndrewYeoh' visible='true' version='1' changeset='90136942' lat='3.1880906' lon='101.6114756' />
  <node id='7858081290' timestamp='2020-08-30T07:00:26Z' uid='7131393' user='AndrewYeoh' visible='true' version='1' changeset='90136942' lat='3.1879686' lon='101.6114013' />
  <node id='7858081291' action='delete' timestamp='2020-08-30T07:00:26Z' uid='7131393' user='AndrewYeoh' visible='true' version='1' changeset='90136942' lat='3.1875146' lon='101.6121675' />
  <node id='7858081292' action='delete' timestamp='2020-08-30T07:00:26Z' uid='7131393' user='AndrewYeoh' visible='true' version='1' changeset='90136942' lat='3.1876471' lon='101.6122525' />
  <node id='7858081293' action='delete' timestamp='2020-08-30T07:00:26Z' uid='7131393' user='AndrewYeoh' visible='true' version='1' changeset='90136942' lat='3.1885749' lon='101.6117521' />
  <node id='7858081294' action='delete' timestamp='2020-08-30T07:00:26Z' uid='7131393' user='AndrewYeoh' visible='true' version='1' changeset='90136942' lat='3.188453' lon='101.6116778' />
  <node id='7858081295' action='delete' timestamp='2020-08-30T07:00:26Z' uid='7131393' user='AndrewYeoh' visible='true' version='1' changeset='90136942' lat='3.1879989' lon='101.612444' />
  <node id='7858081296' action='delete' timestamp='2020-08-30T07:00:26Z' uid='7131393' user='AndrewYeoh' visible='true' version='1' changeset='90136942' lat='3.1881314' lon='101.612529' />
  <node id='7858081297' action='delete' timestamp='2020-08-30T07:00:26Z' uid='7131393' user='AndrewYeoh' visible='true' version='1' changeset='90136942' lat='3.1887357' lon='101.6118468' />
  <node id='7858081298' action='delete' timestamp='2020-08-30T07:00:26Z' uid='7131393' user='AndrewYeoh' visible='true' version='1' changeset='90136942' lat='3.1886138' lon='101.6117725' />
  <node id='7858081299' action='delete' timestamp='2020-08-30T07:00:26Z' uid='7131393' user='AndrewYeoh' visible='true' version='1' changeset='90136942' lat='3.1881597' lon='101.6125387' />
  <node id='7858081300' action='delete' timestamp='2020-08-30T07:00:26Z' uid='7131393' user='AndrewYeoh' visible='true' version='1' changeset='90136942' lat='3.1882922' lon='101.6126236' />
  <node id='7858081301' action='delete' timestamp='2020-08-30T07:00:26Z' uid='7131393' user='AndrewYeoh' visible='true' version='1' changeset='90136942' lat='3.1890431' lon='101.6120335' />
  <node id='7858081302' action='delete' timestamp='2020-08-30T07:00:26Z' uid='7131393' user='AndrewYeoh' visible='true' version='1' changeset='90136942' lat='3.1889212' lon='101.6119592' />
  <node id='7858081303' action='delete' timestamp='2020-08-30T07:00:26Z' uid='7131393' user='AndrewYeoh' visible='true' version='1' changeset='90136942' lat='3.1884671' lon='101.6127254' />
  <node id='7858081304' action='delete' timestamp='2020-08-30T07:00:26Z' uid='7131393' user='AndrewYeoh' visible='true' version='1' changeset='90136942' lat='3.1885996' lon='101.6128103' />
  <node id='7858081305' action='delete' timestamp='2020-08-30T07:00:26Z' uid='7131393' user='AndrewYeoh' visible='true' version='1' changeset='90136942' lat='3.1892039' lon='101.6121282' />
  <node id='7858081306' action='delete' timestamp='2020-08-30T07:00:26Z' uid='7131393' user='AndrewYeoh' visible='true' version='1' changeset='90136942' lat='3.189082' lon='101.6120538' />
  <node id='7858081307' action='delete' timestamp='2020-08-30T07:00:26Z' uid='7131393' user='AndrewYeoh' visible='true' version='1' changeset='90136942' lat='3.1886279' lon='101.6128201' />
  <node id='7858081308' action='delete' timestamp='2020-08-30T07:00:26Z' uid='7131393' user='AndrewYeoh' visible='true' version='1' changeset='90136942' lat='3.1887604' lon='101.612905' />
  <node id='7858081309' action='delete' timestamp='2020-08-30T07:00:26Z' uid='7131393' user='AndrewYeoh' visible='true' version='1' changeset='90136942' lat='3.1895237' lon='101.612306' />
  <node id='7858081310' action='delete' timestamp='2020-08-30T07:00:26Z' uid='7131393' user='AndrewYeoh' visible='true' version='1' changeset='90136942' lat='3.1894018' lon='101.6122317' />
  <node id='7858081311' action='delete' timestamp='2020-08-30T07:00:26Z' uid='7131393' user='AndrewYeoh' visible='true' version='1' changeset='90136942' lat='3.1889477' lon='101.6129979' />
  <node id='7858081312' action='delete' timestamp='2020-08-30T07:00:26Z' uid='7131393' user='AndrewYeoh' visible='true' version='1' changeset='90136942' lat='3.1890802' lon='101.6130829' />
  <node id='7858081313' action='delete' timestamp='2020-08-30T07:00:26Z' uid='7131393' user='AndrewYeoh' visible='true' version='1' changeset='90136942' lat='3.1896845' lon='101.6124007' />
  <node id='7858081314' action='delete' timestamp='2020-08-30T07:00:26Z' uid='7131393' user='AndrewYeoh' visible='true' version='1' changeset='90136942' lat='3.1895626' lon='101.6123264' />
  <node id='7858081315' action='delete' timestamp='2020-08-30T07:00:26Z' uid='7131393' user='AndrewYeoh' visible='true' version='1' changeset='90136942' lat='3.1891085' lon='101.6130926' />
  <node id='7858081316' action='delete' timestamp='2020-08-30T07:00:26Z' uid='7131393' user='AndrewYeoh' visible='true' version='1' changeset='90136942' lat='3.189241' lon='101.6131775' />
  <node id='7858081317' action='delete' timestamp='2020-08-30T07:00:26Z' uid='7131393' user='AndrewYeoh' visible='true' version='1' changeset='90136942' lat='3.1899955' lon='101.6125909' />
  <node id='7858081318' action='delete' timestamp='2020-08-30T07:00:26Z' uid='7131393' user='AndrewYeoh' visible='true' version='1' changeset='90136942' lat='3.1898735' lon='101.6125166' />
  <node id='7858081319' action='delete' timestamp='2020-08-30T07:00:26Z' uid='7131393' user='AndrewYeoh' visible='true' version='1' changeset='90136942' lat='3.1894195' lon='101.6132828' />
  <node id='7858081320' action='delete' timestamp='2020-08-30T07:00:26Z' uid='7131393' user='AndrewYeoh' visible='true' version='1' changeset='90136942' lat='3.189552' lon='101.6133678' />
  <node id='7858081321' action='delete' timestamp='2020-08-30T07:00:26Z' uid='7131393' user='AndrewYeoh' visible='true' version='1' changeset='90136942' lat='3.1901562' lon='101.6126856' />
  <node id='7858081322' action='delete' timestamp='2020-08-30T07:00:26Z' uid='7131393' user='AndrewYeoh' visible='true' version='1' changeset='90136942' lat='3.1900343' lon='101.6126113' />
  <node id='7858081323' action='delete' timestamp='2020-08-30T07:00:26Z' uid='7131393' user='AndrewYeoh' visible='true' version='1' changeset='90136942' lat='3.1895802' lon='101.6133775' />
  <node id='7858081324' action='delete' timestamp='2020-08-30T07:00:26Z' uid='7131393' user='AndrewYeoh' visible='true' version='1' changeset='90136942' lat='3.1897128' lon='101.6134624' />
  <node id='7858081325' action='delete' timestamp='2020-08-30T07:00:26Z' uid='7131393' user='AndrewYeoh' visible='true' version='1' changeset='90136942' lat='3.1904743' lon='101.6128652' />
  <node id='7858081326' action='delete' timestamp='2020-08-30T07:00:26Z' uid='7131393' user='AndrewYeoh' visible='true' version='1' changeset='90136942' lat='3.1903524' lon='101.6127909' />
  <node id='7858081327' action='delete' timestamp='2020-08-30T07:00:26Z' uid='7131393' user='AndrewYeoh' visible='true' version='1' changeset='90136942' lat='3.1898983' lon='101.6135571' />
  <node id='7858081328' action='delete' timestamp='2020-08-30T07:00:26Z' uid='7131393' user='AndrewYeoh' visible='true' version='1' changeset='90136942' lat='3.1900308' lon='101.6136421' />
  <node id='7858081329' action='delete' timestamp='2020-08-30T07:00:26Z' uid='7131393' user='AndrewYeoh' visible='true' version='1' changeset='90136942' lat='3.1906351' lon='101.6129599' />
  <node id='7858081330' action='delete' timestamp='2020-08-30T07:00:26Z' uid='7131393' user='AndrewYeoh' visible='true' version='1' changeset='90136942' lat='3.1905131' lon='101.6128855' />
  <node id='7858081331' action='delete' timestamp='2020-08-30T07:00:26Z' uid='7131393' user='AndrewYeoh' visible='true' version='1' changeset='90136942' lat='3.1900591' lon='101.6136518' />
  <node id='7858081332' action='delete' timestamp='2020-08-30T07:00:26Z' uid='7131393' user='AndrewYeoh' visible='true' version='1' changeset='90136942' lat='3.1901916' lon='101.6137367' />
  <node id='7858081333' action='delete' timestamp='2020-08-30T07:00:26Z' uid='7131393' user='AndrewYeoh' visible='true' version='1' changeset='90136942' lat='3.1909513' lon='101.6131501' />
  <node id='7858081334' action='delete' timestamp='2020-08-30T07:00:26Z' uid='7131393' user='AndrewYeoh' visible='true' version='1' changeset='90136942' lat='3.1908294' lon='101.6130758' />
  <node id='7858081335' action='delete' timestamp='2020-08-30T07:00:26Z' uid='7131393' user='AndrewYeoh' visible='true' version='1' changeset='90136942' lat='3.1903753' lon='101.613842' />
  <node id='7858081336' action='delete' timestamp='2020-08-30T07:00:26Z' uid='7131393' user='AndrewYeoh' visible='true' version='1' changeset='90136942' lat='3.1905078' lon='101.613927' />
  <node id='7858081337' action='delete' timestamp='2020-08-30T07:00:26Z' uid='7131393' user='AndrewYeoh' visible='true' version='1' changeset='90136942' lat='3.1911121' lon='101.6132448' />
  <node id='7858081338' action='delete' timestamp='2020-08-30T07:00:26Z' uid='7131393' user='AndrewYeoh' visible='true' version='1' changeset='90136942' lat='3.1909902' lon='101.6131705' />
  <node id='7858081339' action='delete' timestamp='2020-08-30T07:00:26Z' uid='7131393' user='AndrewYeoh' visible='true' version='1' changeset='90136942' lat='3.1905361' lon='101.6139367' />
  <node id='7858081340' action='delete' timestamp='2020-08-30T07:00:26Z' uid='7131393' user='AndrewYeoh' visible='true' version='1' changeset='90136942' lat='3.1906686' lon='101.6140216' />
  <node id='7921152359' action='delete' timestamp='2023-06-12T14:05:54Z' uid='10678755' user='rat_lorand_grab' visible='true' version='2' changeset='137246517' lat='3.1936394' lon='101.610773' />
  <node id='7921152360' action='delete' timestamp='2023-06-12T14:05:54Z' uid='10678755' user='rat_lorand_grab' visible='true' version='2' changeset='137246517' lat='3.1940024' lon='101.6107489' />
  <node id='7921658611' action='delete' timestamp='2020-09-19T00:27:44Z' uid='11399630' user='PerpetualHiker' visible='true' version='1' changeset='91136942' lat='3.1845177' lon='101.6116852' />
  <node id='7931881612' action='delete' timestamp='2020-09-22T16:25:25Z' uid='11399630' user='PerpetualHiker' visible='true' version='1' changeset='91309362' lat='3.1931511' lon='101.6097486' />
  <node id='7931881613' action='delete' timestamp='2020-09-22T16:25:25Z' uid='11399630' user='PerpetualHiker' visible='true' version='1' changeset='91309362' lat='3.1931363' lon='101.609755' />
  <node id='7931881614' action='delete' timestamp='2020-09-22T16:25:25Z' uid='11399630' user='PerpetualHiker' visible='true' version='1' changeset='91309362' lat='3.1931928' lon='101.6097368' />
  <node id='7931881647' action='delete' timestamp='2020-09-22T16:25:25Z' uid='11399630' user='PerpetualHiker' visible='true' version='1' changeset='91309362' lat='3.1934927' lon='101.6106221' />
  <node id='7931881649' action='delete' timestamp='2020-09-22T16:25:25Z' uid='11399630' user='PerpetualHiker' visible='true' version='1' changeset='91309362' lat='3.1938499' lon='101.6105943' />
  <node id='7931881650' action='delete' timestamp='2020-09-22T16:25:25Z' uid='11399630' user='PerpetualHiker' visible='true' version='1' changeset='91309362' lat='3.1938445' lon='101.6105666' />
  <node id='7931881651' action='delete' timestamp='2020-09-22T16:25:25Z' uid='11399630' user='PerpetualHiker' visible='true' version='1' changeset='91309362' lat='3.1938276' lon='101.6105434' />
  <node id='7931881652' action='delete' timestamp='2020-09-22T16:25:25Z' uid='11399630' user='PerpetualHiker' visible='true' version='1' changeset='91309362' lat='3.1933801' lon='101.6102824' />
  <node id='7931881653' action='delete' timestamp='2020-09-22T16:25:25Z' uid='11399630' user='PerpetualHiker' visible='true' version='1' changeset='91309362' lat='3.1933557' lon='101.6102686' />
  <node id='7931881654' action='delete' timestamp='2020-09-22T16:25:25Z' uid='11399630' user='PerpetualHiker' visible='true' version='1' changeset='91309362' lat='3.1933376' lon='101.6102654' />
  <node id='7931881655' action='delete' timestamp='2020-09-22T16:25:25Z' uid='11399630' user='PerpetualHiker' visible='true' version='1' changeset='91309362' lat='3.1932058' lon='101.6102697' />
  <node id='7931881656' action='delete' timestamp='2020-09-22T16:25:25Z' uid='11399630' user='PerpetualHiker' visible='true' version='1' changeset='91309362' lat='3.1931867' lon='101.6102782' />
  <node id='7931881657' action='delete' timestamp='2020-09-22T16:25:25Z' uid='11399630' user='PerpetualHiker' visible='true' version='1' changeset='91309362' lat='3.1931715' lon='101.6102964' />
  <node id='7931881658' action='delete' timestamp='2020-09-22T16:25:25Z' uid='11399630' user='PerpetualHiker' visible='true' version='1' changeset='91309362' lat='3.1932334' lon='101.6105783' />
  <node id='7931881659' action='delete' timestamp='2020-09-22T16:25:25Z' uid='11399630' user='PerpetualHiker' visible='true' version='1' changeset='91309362' lat='3.1931909' lon='101.6105666' />
  <node id='7931881660' action='delete' timestamp='2020-09-22T16:25:25Z' uid='11399630' user='PerpetualHiker' visible='true' version='1' changeset='91309362' lat='3.1928795' lon='101.6104261' />
  <node id='7931881661' action='delete' timestamp='2020-09-22T16:25:25Z' uid='11399630' user='PerpetualHiker' visible='true' version='1' changeset='91309362' lat='3.1928423' lon='101.6103974' />
  <node id='7931881662' action='delete' timestamp='2020-09-22T16:25:25Z' uid='11399630' user='PerpetualHiker' visible='true' version='1' changeset='91309362' lat='3.1929231' lon='101.6104495' />
  <node id='7931881663' action='delete' timestamp='2020-09-22T16:25:25Z' uid='11399630' user='PerpetualHiker' visible='true' version='1' changeset='91309362' lat='3.1928179' lon='101.6103133' />
  <node id='7931881664' action='delete' timestamp='2020-09-22T16:25:25Z' uid='11399630' user='PerpetualHiker' visible='true' version='1' changeset='91309362' lat='3.192837' lon='101.6102654' />
  <node id='7931881665' action='delete' timestamp='2020-09-22T16:25:25Z' uid='11399630' user='PerpetualHiker' visible='true' version='1' changeset='91309362' lat='3.1928742' lon='101.6101962' />
  <node id='7931881666' action='delete' timestamp='2023-10-20T03:54:57Z' uid='9658463' user='GrabMY_ainayusof' visible='true' version='2' changeset='142847813' lat='3.1918382' lon='101.6116489'>
    <tag k='access' v='no' />
    <tag k='barrier' v='gate' />
  </node>
  <node id='7931881667' action='delete' timestamp='2020-09-22T16:25:25Z' uid='11399630' user='PerpetualHiker' visible='true' version='1' changeset='91309362' lat='3.1919011' lon='101.6116248' />
  <node id='7931881676' action='delete' timestamp='2020-09-22T16:25:25Z' uid='11399630' user='PerpetualHiker' visible='true' version='1' changeset='91309362' lat='3.1859842' lon='101.6107359' />
  <node id='7931881677' action='delete' timestamp='2020-09-22T16:25:25Z' uid='11399630' user='PerpetualHiker' visible='true' version='1' changeset='91309362' lat='3.1859959' lon='101.6106635' />
  <node id='7931881678' action='delete' timestamp='2020-09-22T16:25:25Z' uid='11399630' user='PerpetualHiker' visible='true' version='1' changeset='91309362' lat='3.1878623' lon='101.6097574' />
  <node id='7931881679' action='delete' timestamp='2020-09-22T16:25:25Z' uid='11399630' user='PerpetualHiker' visible='true' version='1' changeset='91309362' lat='3.1879366' lon='101.6097405' />
  <node id='7931881680' action='delete' timestamp='2020-09-22T16:25:25Z' uid='11399630' user='PerpetualHiker' visible='true' version='1' changeset='91309362' lat='3.1866695' lon='101.6086476' />
  <node id='7931881682' action='delete' timestamp='2020-09-22T16:25:25Z' uid='11399630' user='PerpetualHiker' visible='true' version='1' changeset='91309362' lat='3.1874569' lon='101.6073494' />
  <node id='7931881683' action='delete' timestamp='2020-09-22T16:25:25Z' uid='11399630' user='PerpetualHiker' visible='true' version='1' changeset='91309362' lat='3.1875586' lon='101.607352' />
  <node id='7931891088' action='delete' timestamp='2020-09-22T16:25:25Z' uid='11399630' user='PerpetualHiker' visible='true' version='1' changeset='91309362' lat='3.1870026' lon='101.610561' />
  <node id='7931891089' action='delete' timestamp='2020-09-22T16:25:25Z' uid='11399630' user='PerpetualHiker' visible='true' version='1' changeset='91309362' lat='3.1869685' lon='101.6105566' />
  <node id='7931891090' action='delete' timestamp='2020-09-22T16:25:25Z' uid='11399630' user='PerpetualHiker' visible='true' version='1' changeset='91309362' lat='3.1869852' lon='101.6105622' />
  <node id='7931891091' action='delete' timestamp='2020-09-22T16:25:25Z' uid='11399630' user='PerpetualHiker' visible='true' version='1' changeset='91309362' lat='3.1870183' lon='101.6105532' />
  <node id='7931891092' action='delete' timestamp='2020-09-22T16:25:25Z' uid='11399630' user='PerpetualHiker' visible='true' version='1' changeset='91309362' lat='3.1866534' lon='101.6106565' />
  <node id='7931891093' action='delete' timestamp='2020-09-22T16:25:25Z' uid='11399630' user='PerpetualHiker' visible='true' version='1' changeset='91309362' lat='3.1866816' lon='101.6105948' />
  <node id='7931891098' action='delete' timestamp='2020-09-22T16:25:25Z' uid='11399630' user='PerpetualHiker' visible='true' version='1' changeset='91309362' lat='3.1853419' lon='101.6106941' />
  <node id='7931891099' action='delete' timestamp='2020-09-22T16:25:25Z' uid='11399630' user='PerpetualHiker' visible='true' version='1' changeset='91309362' lat='3.1853412' lon='101.6107344' />
  <node id='7931891100' action='delete' timestamp='2020-09-22T16:25:25Z' uid='11399630' user='PerpetualHiker' visible='true' version='1' changeset='91309362' lat='3.1849761' lon='101.6109887' />
  <node id='7931891101' action='delete' timestamp='2020-09-22T16:25:25Z' uid='11399630' user='PerpetualHiker' visible='true' version='1' changeset='91309362' lat='3.1849469' lon='101.6109775' />
  <node id='7931891102' action='delete' timestamp='2020-09-22T16:25:25Z' uid='11399630' user='PerpetualHiker' visible='true' version='1' changeset='91309362' lat='3.184745' lon='101.6107859' />
  <node id='7931891103' action='delete' timestamp='2020-09-22T16:25:25Z' uid='11399630' user='PerpetualHiker' visible='true' version='1' changeset='91309362' lat='3.184728' lon='101.610722' />
  <node id='7931891104' action='delete' timestamp='2020-09-22T16:25:25Z' uid='11399630' user='PerpetualHiker' visible='true' version='1' changeset='91309362' lat='3.1847503' lon='101.6106167' />
  <node id='7931992122' action='delete' timestamp='2020-09-22T17:33:32Z' uid='11399630' user='PerpetualHiker' visible='true' version='1' changeset='91312238' lat='3.19238' lon='101.6125124' />
  <node id='7931992123' action='delete' timestamp='2020-09-22T17:33:32Z' uid='11399630' user='PerpetualHiker' visible='true' version='1' changeset='91312238' lat='3.1926096' lon='101.6124038' />
  <node id='7932008987' action='delete' timestamp='2020-09-22T17:33:32Z' uid='11399630' user='PerpetualHiker' visible='true' version='1' changeset='91312238' lat='3.1938679' lon='101.6121463' />
  <node id='7932008988' action='delete' timestamp='2020-09-22T17:33:32Z' uid='11399630' user='PerpetualHiker' visible='true' version='1' changeset='91312238' lat='3.1938438' lon='101.6121415' />
  <node id='7932008992' action='delete' timestamp='2020-09-22T17:33:32Z' uid='11399630' user='PerpetualHiker' visible='true' version='1' changeset='91312238' lat='3.1942076' lon='101.6115054' />
  <node id='7932008994' action='delete' timestamp='2020-09-22T17:33:32Z' uid='11399630' user='PerpetualHiker' visible='true' version='1' changeset='91312238' lat='3.1941868' lon='101.611481' />
  <node id='7932170402' action='delete' timestamp='2021-02-18T05:51:12Z' uid='10892549' user='NanMadol' visible='true' version='2' changeset='99493661' lat='3.1937049' lon='101.6086919'>
    <tag k='barrier' v='sliding_gate' />
  </node>
  <node id='7932324630' timestamp='2020-09-22T19:58:08Z' uid='11399630' user='PerpetualHiker' visible='true' version='1' changeset='91317413' lat='3.1877847' lon='101.6111243' />
  <node id='7932324631' timestamp='2020-09-22T19:58:08Z' uid='11399630' user='PerpetualHiker' visible='true' version='1' changeset='91317413' lat='3.1873225' lon='101.6110027' />
  <node id='7960878039' timestamp='2025-01-07T04:16:25Z' uid='9658463' user='GrabMY_ainayusof' visible='true' version='2' changeset='161081876' lat='3.1926829' lon='101.6147712'>
    <tag k='access' v='private' />
    <tag k='barrier' v='lift_gate' />
  </node>
  <node id='7986194627' action='delete' timestamp='2023-10-19T04:26:47Z' uid='9658463' user='GrabMY_ainayusof' visible='true' version='2' changeset='142792196' lat='3.1924608' lon='101.610513'>
    <tag k='access' v='no' />
    <tag k='barrier' v='gate' />
  </node>
  <node id='7986194629' action='delete' timestamp='2020-10-07T21:44:11Z' uid='11399630' user='PerpetualHiker' visible='true' version='1' changeset='92133606' lat='3.1932778' lon='101.6108531'>
    <tag k='barrier' v='lift_gate' />
  </node>
  <node id='7986194630' action='delete' timestamp='2023-10-19T04:26:47Z' uid='9658463' user='GrabMY_ainayusof' visible='true' version='2' changeset='142792196' lat='3.1925673' lon='101.6104733' />
  <node id='7986205621' action='delete' timestamp='2021-02-18T05:51:12Z' uid='10892549' user='NanMadol' visible='true' version='2' changeset='99493661' lat='3.1950426' lon='101.6102509'>
    <tag k='barrier' v='sliding_gate' />
  </node>
  <node id='7986229928' action='delete' timestamp='2021-02-18T05:51:12Z' uid='10892549' user='NanMadol' visible='true' version='2' changeset='99493661' lat='3.1934891' lon='101.6106713'>
    <tag k='barrier' v='sliding_gate' />
  </node>
  <node id='8010943710' timestamp='2020-10-15T19:28:10Z' uid='9005400' user='Rippledot' visible='true' version='1' changeset='92540615' lat='3.1902398' lon='101.6163738' />
  <node id='8010943711' timestamp='2020-10-15T19:28:10Z' uid='9005400' user='Rippledot' visible='true' version='1' changeset='92540615' lat='3.1900823' lon='101.6164788'>
    <tag k='highway' v='traffic_signals' />
  </node>
  <node id='8010943712' timestamp='2020-10-15T19:28:10Z' uid='9005400' user='Rippledot' visible='true' version='1' changeset='92540615' lat='3.1902305' lon='101.6164705'>
    <tag k='highway' v='traffic_signals' />
  </node>
  <node id='8010943713' timestamp='2020-10-15T19:28:10Z' uid='9005400' user='Rippledot' visible='true' version='1' changeset='92540615' lat='3.1898067' lon='101.6162371' />
  <node id='8010943714' timestamp='2020-10-15T19:28:10Z' uid='9005400' user='Rippledot' visible='true' version='1' changeset='92540615' lat='3.1901421' lon='101.6163799' />
  <node id='8010943715' timestamp='2020-10-15T19:28:10Z' uid='9005400' user='Rippledot' visible='true' version='1' changeset='92540615' lat='3.1905586' lon='101.6164526' />
  <node id='8010943716' timestamp='2020-10-15T19:28:10Z' uid='9005400' user='Rippledot' visible='true' version='1' changeset='92540615' lat='3.1904019' lon='101.6164098' />
  <node id='8010943717' timestamp='2020-10-15T19:28:10Z' uid='9005400' user='Rippledot' visible='true' version='1' changeset='92540615' lat='3.1908978' lon='101.6164976' />
  <node id='8010943718' timestamp='2020-10-15T19:28:10Z' uid='9005400' user='Rippledot' visible='true' version='1' changeset='92540615' lat='3.1899695' lon='101.616298'>
    <tag k='highway' v='traffic_signals' />
  </node>
  <node id='8010976054' action='delete' timestamp='2026-03-25T11:21:54Z' uid='21901233' user='infrevdev' visible='true' version='3' changeset='180402341' lat='3.1869835' lon='101.6160693'>
    <tag k='access' v='private' />
    <tag k='barrier' v='lift_gate' />
    <tag k='lift_gate:type' v='single' />
    <tag k='name' v='ARA Residences Guardhouse' />
    <tag k='name:en' v='ARA Residences Guardhouse' />
  </node>
  <node id='8010982924' timestamp='2020-10-15T19:46:30Z' uid='9005400' user='Rippledot' visible='true' version='1' changeset='92541373' lat='3.1877631' lon='101.6152556' />
  <node id='8010982925' timestamp='2020-10-15T19:46:30Z' uid='9005400' user='Rippledot' visible='true' version='1' changeset='92541373' lat='3.1873205' lon='101.6148989' />
  <node id='8010982926' timestamp='2020-10-15T19:46:30Z' uid='9005400' user='Rippledot' visible='true' version='1' changeset='92541373' lat='3.1875154' lon='101.615092' />
  <node id='8010982927' timestamp='2020-10-15T19:46:30Z' uid='9005400' user='Rippledot' visible='true' version='1' changeset='92541373' lat='3.1876415' lon='101.6151799' />
  <node id='8010982928' timestamp='2020-10-15T19:46:30Z' uid='9005400' user='Rippledot' visible='true' version='1' changeset='92541373' lat='3.1879244' lon='101.6153404' />
  <node id='8010982929' timestamp='2020-10-15T19:46:30Z' uid='9005400' user='Rippledot' visible='true' version='1' changeset='92541373' lat='3.1874427' lon='101.6150417' />
  <node id='8010982930' timestamp='2020-10-15T19:46:30Z' uid='9005400' user='Rippledot' visible='true' version='1' changeset='92541373' lat='3.1878306' lon='101.6152924' />
  <node id='8010982931' timestamp='2020-10-15T19:46:30Z' uid='9005400' user='Rippledot' visible='true' version='1' changeset='92541373' lat='3.188101' lon='101.6153848' />
  <node id='8010982932' timestamp='2020-10-15T19:46:30Z' uid='9005400' user='Rippledot' visible='true' version='1' changeset='92541373' lat='3.187589' lon='101.6151401' />
  <node id='8121446632' timestamp='2023-04-21T21:17:03Z' uid='3191182' user='angys' visible='true' version='5' changeset='135210005' lat='3.1922498' lon='101.6169953' />
  <node id='8121446633' timestamp='2023-04-21T21:17:03Z' uid='3191182' user='angys' visible='true' version='5' changeset='135210005' lat='3.1922228' lon='101.6173633' />
  <node id='8121446634' timestamp='2023-04-21T21:17:03Z' uid='3191182' user='angys' visible='true' version='5' changeset='135210005' lat='3.1918001' lon='101.6173323' />
  <node id='8168087804' timestamp='2020-11-26T14:14:25Z' uid='3191182' user='angys' visible='true' version='1' changeset='94845775' lat='3.1932363' lon='101.6172071' />
  <node id='8236485122' timestamp='2023-04-21T21:17:03Z' uid='3191182' user='angys' visible='true' version='4' changeset='135210005' lat='3.1918271' lon='101.6169642' />
  <node id='8344723392' action='delete' timestamp='2021-01-21T09:27:53Z' uid='257555' user='rene78' visible='true' version='1' changeset='97892518' lat='3.190586' lon='101.6181595' />
  <node id='8344723393' action='delete' timestamp='2021-01-21T09:27:53Z' uid='257555' user='rene78' visible='true' version='1' changeset='97892518' lat='3.1906037' lon='101.6188001' />
  <node id='8344723394' action='delete' timestamp='2021-01-21T09:27:53Z' uid='257555' user='rene78' visible='true' version='1' changeset='97892518' lat='3.1911691' lon='101.618977' />
  <node id='8344723395' action='delete' timestamp='2021-01-21T09:27:53Z' uid='257555' user='rene78' visible='true' version='1' changeset='97892518' lat='3.1930737' lon='101.6180922' />
  <node id='8344723396' action='delete' timestamp='2021-01-21T09:27:53Z' uid='257555' user='rene78' visible='true' version='1' changeset='97892518' lat='3.1936391' lon='101.6181701' />
  <node id='8344723397' action='delete' timestamp='2021-01-21T09:27:53Z' uid='257555' user='rene78' visible='true' version='1' changeset='97892518' lat='3.1942452' lon='101.6184055' />
  <node id='8344723398' action='delete' timestamp='2021-01-21T09:27:53Z' uid='257555' user='rene78' visible='true' version='1' changeset='97892518' lat='3.1947275' lon='101.6186408' />
  <node id='8344723399' action='delete' timestamp='2021-01-21T09:27:53Z' uid='257555' user='rene78' visible='true' version='1' changeset='97892518' lat='3.1946886' lon='101.6187275' />
  <node id='8344723400' action='delete' timestamp='2021-01-21T09:27:53Z' uid='257555' user='rene78' visible='true' version='1' changeset='97892518' lat='3.1939254' lon='101.6184869' />
  <node id='8344723401' action='delete' timestamp='2021-01-21T09:27:53Z' uid='257555' user='rene78' visible='true' version='1' changeset='97892518' lat='3.1936568' lon='101.6184975' />
  <node id='8344723402' action='delete' timestamp='2021-01-21T09:27:53Z' uid='257555' user='rene78' visible='true' version='1' changeset='97892518' lat='3.1930437' lon='101.6185382' />
  <node id='8344723403' action='delete' timestamp='2021-01-21T09:27:53Z' uid='257555' user='rene78' visible='true' version='1' changeset='97892518' lat='3.1929448' lon='101.6186426' />
  <node id='8344723404' action='delete' timestamp='2021-05-29T11:37:22Z' uid='6825548' user='Non Zero Racing' visible='true' version='2' changeset='105530796' lat='3.1921248' lon='101.6189279' />
  <node id='8344723406' action='delete' timestamp='2021-05-29T11:37:22Z' uid='6825548' user='Non Zero Racing' visible='true' version='2' changeset='105530796' lat='3.1915927' lon='101.6191007' />
  <node id='8344723407' action='delete' timestamp='2021-01-21T09:27:53Z' uid='257555' user='rene78' visible='true' version='1' changeset='97892518' lat='3.1913475' lon='101.6191735' />
  <node id='8344723408' action='delete' timestamp='2021-01-21T09:27:53Z' uid='257555' user='rene78' visible='true' version='1' changeset='97892518' lat='3.1906584' lon='101.6192973' />
  <node id='8344723409' action='delete' timestamp='2021-01-21T09:27:53Z' uid='257555' user='rene78' visible='true' version='1' changeset='97892518' lat='3.1902962' lon='101.6192903' />
  <node id='8344723410' action='delete' timestamp='2021-01-21T09:27:53Z' uid='257555' user='rene78' visible='true' version='1' changeset='97892518' lat='3.1902334' lon='101.6178518' />
  <node id='8344723411' action='delete' timestamp='2021-01-21T09:27:53Z' uid='257555' user='rene78' visible='true' version='1' changeset='97892518' lat='3.1902078' lon='101.6169692' />
  <node id='8344723412' action='delete' timestamp='2021-01-21T09:27:53Z' uid='257555' user='rene78' visible='true' version='1' changeset='97892518' lat='3.1903244' lon='101.6169645' />
  <node id='8344723413' action='delete' timestamp='2021-01-21T09:27:53Z' uid='257555' user='rene78' visible='true' version='1' changeset='97892518' lat='3.1903733' lon='101.6174502' />
  <node id='8344723414' action='delete' timestamp='2021-01-21T09:27:53Z' uid='257555' user='rene78' visible='true' version='1' changeset='97892518' lat='3.1905598' lon='101.6175039' />
  <node id='8344723415' action='delete' timestamp='2021-01-21T09:27:53Z' uid='257555' user='rene78' visible='true' version='1' changeset='97892518' lat='3.1905808' lon='101.6179545' />
  <node id='8344723416' action='delete' timestamp='2021-01-21T09:27:53Z' uid='257555' user='rene78' visible='true' version='1' changeset='97892518' lat='3.1903547' lon='101.6179569' />
  <node id='8344727217' action='delete' timestamp='2021-01-21T09:27:53Z' uid='257555' user='rene78' visible='true' version='1' changeset='97892518' lat='3.190364' lon='101.6181577' />
  <node id='8344727223' timestamp='2021-01-21T09:27:53Z' uid='257555' user='rene78' visible='true' version='1' changeset='97892518' lat='3.1929821' lon='101.6172159' />
  <node id='8344727224' timestamp='2021-01-21T09:27:53Z' uid='257555' user='rene78' visible='true' version='1' changeset='97892518' lat='3.1929618' lon='101.6170939' />
  <node id='8344727225' timestamp='2021-01-21T09:27:53Z' uid='257555' user='rene78' visible='true' version='1' changeset='97892518' lat='3.1932297' lon='101.6170675' />
  <node id='8344727226' timestamp='2021-01-21T09:27:53Z' uid='257555' user='rene78' visible='true' version='1' changeset='97892518' lat='3.1932236' lon='101.6169882' />
  <node id='8344727227' timestamp='2021-01-21T09:27:53Z' uid='257555' user='rene78' visible='true' version='1' changeset='97892518' lat='3.1933454' lon='101.616974' />
  <node id='8344727228' timestamp='2021-01-21T09:27:53Z' uid='257555' user='rene78' visible='true' version='1' changeset='97892518' lat='3.1933494' lon='101.6170004' />
  <node id='8344727229' timestamp='2021-01-21T09:27:53Z' uid='257555' user='rene78' visible='true' version='1' changeset='97892518' lat='3.1933109' lon='101.6170166' />
  <node id='8344727230' timestamp='2021-01-21T09:27:53Z' uid='257555' user='rene78' visible='true' version='1' changeset='97892518' lat='3.1933027' lon='101.6172342' />
  <node id='8344727231' timestamp='2021-01-21T09:27:53Z' uid='257555' user='rene78' visible='true' version='1' changeset='97892518' lat='3.1932374' lon='101.6172383' />
  <node id='8344727232' timestamp='2021-01-21T09:27:53Z' uid='257555' user='rene78' visible='true' version='1' changeset='97892518' lat='3.1933066' lon='101.6171303' />
  <node id='8344727235' timestamp='2026-03-25T11:21:54Z' uid='21901233' user='infrevdev' visible='true' version='2' changeset='180402341' lat='3.1932621' lon='101.6170065'>
    <tag k='name' v='Damansara Avenue Sales Gallery' />
    <tag k='name:en' v='Damansara Avenue Sales Gallery' />
    <tag k='office' v='estate_agent' />
  </node>
  <node id='8344727236' action='delete' timestamp='2021-01-21T09:27:53Z' uid='257555' user='rene78' visible='true' version='1' changeset='97892518' lat='3.1937303' lon='101.6169048' />
  <node id='8344727237' action='delete' timestamp='2021-01-21T09:27:53Z' uid='257555' user='rene78' visible='true' version='1' changeset='97892518' lat='3.193721' lon='101.6175819' />
  <node id='8344727238' action='delete' timestamp='2021-01-21T09:27:53Z' uid='257555' user='rene78' visible='true' version='1' changeset='97892518' lat='3.1933107' lon='101.6175772' />
  <node id='8344727239' action='delete' timestamp='2021-01-21T09:27:53Z' uid='257555' user='rene78' visible='true' version='1' changeset='97892518' lat='3.1931382' lon='101.6176823' />
  <node id='8344727240' action='delete' timestamp='2021-01-21T09:27:53Z' uid='257555' user='rene78' visible='true' version='1' changeset='97892518' lat='3.1929074' lon='101.6175889' />
  <node id='8344727241' action='delete' timestamp='2021-01-21T09:27:53Z' uid='257555' user='rene78' visible='true' version='1' changeset='97892518' lat='3.192609' lon='101.6176169' />
  <node id='8344727242' action='delete' timestamp='2021-01-21T09:27:53Z' uid='257555' user='rene78' visible='true' version='1' changeset='97892518' lat='3.1924481' lon='101.6176683' />
  <node id='8344727243' action='delete' timestamp='2021-01-21T09:27:53Z' uid='257555' user='rene78' visible='true' version='1' changeset='97892518' lat='3.1924411' lon='101.6175983' />
  <node id='8344727244' action='delete' timestamp='2021-01-21T09:27:53Z' uid='257555' user='rene78' visible='true' version='1' changeset='97892518' lat='3.1926393' lon='101.6174628' />
  <node id='8344727245' action='delete' timestamp='2022-04-29T09:20:49Z' uid='3191182' user='angys' visible='true' version='2' changeset='120339515' lat='3.192595' lon='101.6171917' />
  <node id='8344727246' action='delete' timestamp='2021-01-21T09:27:53Z' uid='257555' user='rene78' visible='true' version='1' changeset='97892518' lat='3.1928631' lon='101.6171102' />
  <node id='8344727247' action='delete' timestamp='2021-01-21T09:27:53Z' uid='257555' user='rene78' visible='true' version='1' changeset='97892518' lat='3.192933' lon='101.6175142' />
  <node id='8344727248' action='delete' timestamp='2021-01-21T09:27:53Z' uid='257555' user='rene78' visible='true' version='1' changeset='97892518' lat='3.1930449' lon='101.6175492' />
  <node id='8344727249' action='delete' timestamp='2021-01-21T09:27:53Z' uid='257555' user='rene78' visible='true' version='1' changeset='97892518' lat='3.1932501' lon='101.6174161' />
  <node id='8344727250' action='delete' timestamp='2021-01-21T09:27:53Z' uid='257555' user='rene78' visible='true' version='1' changeset='97892518' lat='3.1932617' lon='101.6172784' />
  <node id='8344727251' action='delete' timestamp='2021-01-21T09:27:53Z' uid='257555' user='rene78' visible='true' version='1' changeset='97892518' lat='3.1933736' lon='101.6172106' />
  <node id='8344727252' action='delete' timestamp='2021-01-21T09:27:53Z' uid='257555' user='rene78' visible='true' version='1' changeset='97892518' lat='3.1935019' lon='101.6171593' />
  <node id='8344727253' action='delete' timestamp='2021-01-21T09:27:53Z' uid='257555' user='rene78' visible='true' version='1' changeset='97892518' lat='3.1936511' lon='101.6171756' />
  <node id='8344727254' action='delete' timestamp='2021-01-21T09:27:53Z' uid='257555' user='rene78' visible='true' version='1' changeset='97892518' lat='3.1936744' lon='101.6168954' />
  <node id='8344727343' timestamp='2022-04-29T09:20:49Z' uid='3191182' user='angys' visible='true' version='2' changeset='120339515' lat='3.1916388' lon='101.6170967'>
    <tag k='amenity' v='cafe' />
    <tag k='brand' v='Starbucks' />
    <tag k='brand:wikidata' v='Q37158' />
    <tag k='brand:wikipedia' v='en:Starbucks' />
    <tag k='cuisine' v='coffee_shop' />
    <tag k='drive_through' v='yes' />
    <tag k='name' v='Starbucks' />
    <tag k='official_name' v='Starbucks Coffee' />
    <tag k='takeaway' v='yes' />
  </node>
  <node id='8433791501' action='delete' timestamp='2021-02-18T05:51:12Z' uid='10892549' user='NanMadol' visible='true' version='1' changeset='99493661' lat='3.1952245' lon='101.6087019' />
  <node id='8433791502' action='delete' timestamp='2021-02-18T05:51:12Z' uid='10892549' user='NanMadol' visible='true' version='1' changeset='99493661' lat='3.1941967' lon='101.6078528' />
  <node id='8433791503' action='delete' timestamp='2021-02-18T05:51:12Z' uid='10892549' user='NanMadol' visible='true' version='1' changeset='99493661' lat='3.1942149' lon='101.6078593' />
  <node id='8433791504' action='delete' timestamp='2021-02-18T05:51:12Z' uid='10892549' user='NanMadol' visible='true' version='1' changeset='99493661' lat='3.1941373' lon='101.6106559' />
  <node id='8433791505' action='delete' timestamp='2021-02-18T05:51:12Z' uid='10892549' user='NanMadol' visible='true' version='1' changeset='99493661' lat='3.1932348' lon='101.610619' />
  <node id='8433791506' action='delete' timestamp='2021-02-18T05:51:12Z' uid='10892549' user='NanMadol' visible='true' version='1' changeset='99493661' lat='3.1934523' lon='101.6106686' />
  <node id='8433791507' action='delete' timestamp='2021-02-18T05:51:12Z' uid='10892549' user='NanMadol' visible='true' version='1' changeset='99493661' lat='3.1937088' lon='101.6106874' />
  <node id='8433791508' action='delete' timestamp='2021-02-18T05:51:12Z' uid='10892549' user='NanMadol' visible='true' version='1' changeset='99493661' lat='3.1945738' lon='101.6104949' />
  <node id='8433791509' action='delete' timestamp='2021-02-18T05:51:12Z' uid='10892549' user='NanMadol' visible='true' version='1' changeset='99493661' lat='3.1958258' lon='101.6096903' />
  <node id='8433791510' action='delete' timestamp='2021-02-18T05:51:12Z' uid='10892549' user='NanMadol' visible='true' version='1' changeset='99493661' lat='3.1957956' lon='101.6097828' />
  <node id='8433791511' action='delete' timestamp='2021-02-18T05:51:12Z' uid='10892549' user='NanMadol' visible='true' version='1' changeset='99493661' lat='3.1956758' lon='101.6093369' />
  <node id='8433791512' action='delete' timestamp='2021-02-18T05:51:12Z' uid='10892549' user='NanMadol' visible='true' version='1' changeset='99493661' lat='3.194772' lon='101.6082519' />
  <node id='8433791513' action='delete' timestamp='2021-02-18T05:51:12Z' uid='10892549' user='NanMadol' visible='true' version='1' changeset='99493661' lat='3.1954274' lon='101.6089446' />
  <node id='8631869170' action='delete' timestamp='2021-04-15T10:44:21Z' uid='11516262' user='chi_lam' visible='true' version='1' changeset='102987972' lat='3.1853197' lon='101.6179983' />
  <node id='8631869171' action='delete' timestamp='2022-12-23T02:17:18Z' uid='3191182' user='angys' visible='true' version='2' changeset='130398443' lat='3.1848845' lon='101.617632' />
  <node id='8631869172' action='delete' timestamp='2022-12-23T02:17:18Z' uid='3191182' user='angys' visible='true' version='2' changeset='130398443' lat='3.1844603' lon='101.617275' />
  <node id='8631973416' action='delete' timestamp='2021-04-15T11:26:49Z' uid='11516262' user='chi_lam' visible='true' version='1' changeset='102991057' lat='3.1856173' lon='101.6102262' />
  <node id='8632000017' action='delete' timestamp='2021-04-15T11:26:49Z' uid='11516262' user='chi_lam' visible='true' version='1' changeset='102991057' lat='3.1851402' lon='101.6099665' />
  <node id='8632000018' action='delete' timestamp='2021-04-15T11:26:49Z' uid='11516262' user='chi_lam' visible='true' version='1' changeset='102991057' lat='3.1859821' lon='101.6096209' />
  <node id='8632000019' action='delete' timestamp='2021-04-15T11:26:49Z' uid='11516262' user='chi_lam' visible='true' version='1' changeset='102991057' lat='3.1855138' lon='101.6093304' />
  <node id='8632000022' action='delete' timestamp='2021-04-15T11:26:49Z' uid='11516262' user='chi_lam' visible='true' version='1' changeset='102991057' lat='3.1859169' lon='101.6097291' />
  <node id='8632201227' action='delete' timestamp='2022-12-23T02:17:18Z' uid='3191182' user='angys' visible='true' version='2' changeset='130398443' lat='3.1840418' lon='101.6169228' />
  <node id='9065980175' action='delete' timestamp='2021-09-06T08:52:22Z' uid='9940138' user='Zh9567' visible='true' version='1' changeset='110787746' lat='3.18671215572' lon='101.616204159' />
  <node id='9065980176' action='delete' timestamp='2021-09-06T08:52:22Z' uid='9940138' user='Zh9567' visible='true' version='1' changeset='110787746' lat='3.186879' lon='101.6160516' />
  <node id='9065980177' action='delete' timestamp='2021-09-06T08:52:22Z' uid='9940138' user='Zh9567' visible='true' version='1' changeset='110787746' lat='3.1849042' lon='101.6143854' />
  <node id='9065980178' action='delete' timestamp='2021-09-06T08:52:22Z' uid='9940138' user='Zh9567' visible='true' version='1' changeset='110787746' lat='3.18474935444' lon='101.614498059' />
  <node id='9352590000' action='delete' timestamp='2021-12-20T12:10:02Z' uid='10353513' user='EmbarcaderoPier' visible='true' version='1' changeset='115163696' lat='3.186634' lon='101.6107323' />
  <node id='9359913653' action='delete' timestamp='2023-10-09T01:07:33Z' uid='18064850' user='LakeArendsee' visible='true' version='2' changeset='142325340' lat='3.1848745' lon='101.6143472'>
    <tag k='access' v='private' />
    <tag k='barrier' v='lift_gate' />
  </node>
  <node id='9378265122' action='delete' timestamp='2021-12-30T06:08:57Z' uid='11931359' user='Prima Sari' visible='true' version='1' changeset='115548483' lat='3.1869221' lon='101.6105299' />
  <node id='9465938131' action='delete' timestamp='2022-02-01T12:02:44Z' uid='11516268' user='ravali_123' visible='true' version='1' changeset='116865512' lat='3.1870801' lon='101.6157692' />
  <node id='9465938132' timestamp='2022-02-01T12:02:44Z' uid='11516268' user='ravali_123' visible='true' version='1' changeset='116865512' lat='3.1864793' lon='101.6152297' />
  <node id='9465938133' action='delete' timestamp='2022-02-01T12:02:44Z' uid='11516268' user='ravali_123' visible='true' version='1' changeset='116865512' lat='3.1858305' lon='101.6146832' />
  <node id='9465938134' action='delete' timestamp='2022-02-01T12:02:44Z' uid='11516268' user='ravali_123' visible='true' version='1' changeset='116865512' lat='3.1852228' lon='101.6141563' />
  <node id='9467741342' timestamp='2022-02-02T06:28:03Z' uid='11516268' user='ravali_123' visible='true' version='1' changeset='116897073' lat='3.1901787' lon='101.6180206' />
  <node id='9568024796' timestamp='2026-03-25T11:21:54Z' uid='21901233' user='infrevdev' visible='true' version='3' changeset='180402341' lat='3.1853425' lon='101.6133343'>
    <tag k='bench' v='no' />
    <tag k='bin' v='no' />
    <tag k='bus' v='yes' />
    <tag k='departures_board' v='no' />
    <tag k='highway' v='bus_stop' />
    <tag k='name' v='Komersial Bandar Sri Damansara 7' />
    <tag k='name:ms' v='Komersial Bandar Sri Damansara 7' />
    <tag k='network' v='Smart Selangor Bus' />
    <tag k='not:network:wikidata' v='Q4259055' />
    <tag k='operator' v='Rapid Bus' />
    <tag k='public_transport' v='platform' />
    <tag k='ref' v='PJ22' />
    <tag k='shelter' v='no' />
    <tag k='tactile_paving' v='no' />
    <tag k='wheelchair' v='no' />
  </node>
  <node id='9568024797' timestamp='2025-03-04T06:31:30Z' uid='3191182' user='angys' visible='true' version='2' changeset='163187752' lat='3.1854169' lon='101.6132966'>
    <tag k='bus' v='yes' />
    <tag k='name' v='Komersial Bandar Sri Damansara 7' />
    <tag k='name:ms' v='Komersial Bandar Sri Damansara 7' />
    <tag k='network' v='Smart Selangor Bus' />
    <tag k='operator' v='Rapid Bus' />
    <tag k='public_transport' v='stop_position' />
    <tag k='ref' v='PJ22' />
  </node>
  <node id='9568024798' timestamp='2026-03-25T11:21:54Z' uid='21901233' user='infrevdev' visible='true' version='3' changeset='180402341' lat='3.1855327' lon='101.6132446'>
    <tag k='bench' v='yes' />
    <tag k='bin' v='yes' />
    <tag k='bus' v='yes' />
    <tag k='departures_board' v='no' />
    <tag k='highway' v='bus_stop' />
    <tag k='name' v='Bandar Sri Damansara 7' />
    <tag k='name:ms' v='Bandar Sri Damansara 7' />
    <tag k='network' v='Smart Selangor Bus' />
    <tag k='not:network:wikidata' v='Q4259055' />
    <tag k='operator' v='Rapid Bus' />
    <tag k='public_transport' v='platform' />
    <tag k='ref' v='PJ37' />
    <tag k='shelter' v='yes' />
    <tag k='tactile_paving' v='no' />
    <tag k='wheelchair' v='no' />
  </node>
  <node id='9568024799' timestamp='2025-03-04T06:31:30Z' uid='3191182' user='angys' visible='true' version='2' changeset='163187752' lat='3.1855118' lon='101.6132732'>
    <tag k='bus' v='yes' />
    <tag k='name' v='Bandar Sri Damansara 7' />
    <tag k='name:ms' v='Bandar Sri Damansara 7' />
    <tag k='network' v='Smart Selangor Bus' />
    <tag k='operator' v='Rapid Bus' />
    <tag k='public_transport' v='stop_position' />
    <tag k='ref' v='PJ37' />
  </node>
  <node id='9568024800' timestamp='2026-05-24T18:09:54Z' uid='3191182' user='angys' visible='true' version='5' changeset='183120902' lat='3.1872584' lon='101.6150937'>
    <tag k='bench' v='no' />
    <tag k='bin' v='no' />
    <tag k='bus' v='yes' />
    <tag k='departures_board' v='no' />
    <tag k='highway' v='bus_stop' />
    <tag k='name' v='Komersial Sri Damansara' />
    <tag k='name:ms' v='Komersial Sri Damansara' />
    <tag k='network' v='Smart Selangor Bus' />
    <tag k='not:network:wikidata' v='Q4259055' />
    <tag k='operator' v='Rapid Bus' />
    <tag k='public_transport' v='platform' />
    <tag k='route_ref' v='801;PJ06' />
    <tag k='shelter' v='no' />
    <tag k='tactile_paving' v='no' />
    <tag k='wheelchair' v='no' />
  </node>
  <node id='9568024801' timestamp='2025-03-04T06:31:30Z' uid='3191182' user='angys' visible='true' version='2' changeset='163187752' lat='3.1873322' lon='101.6150149'>
    <tag k='bus' v='yes' />
    <tag k='name' v='Komersial Sri Damansara' />
    <tag k='name:ms' v='Komersial Sri Damansara' />
    <tag k='network' v='Smart Selangor Bus' />
    <tag k='operator' v='Rapid Bus' />
    <tag k='public_transport' v='stop_position' />
    <tag k='ref' v='PJ21' />
  </node>
  <node id='9568024802' timestamp='2026-03-25T11:21:54Z' uid='21901233' user='infrevdev' visible='true' version='4' changeset='180402341' lat='3.1874041' lon='101.6149138'>
    <tag k='bench' v='no' />
    <tag k='bin' v='no' />
    <tag k='bus' v='yes' />
    <tag k='departures_board' v='no' />
    <tag k='highway' v='bus_stop' />
    <tag k='name' v='Komersial Sri Damansara (Opp)' />
    <tag k='name:ms' v='Komersial Sri Damansara (Opp)' />
    <tag k='network' v='Smart Selangor Bus' />
    <tag k='not:network:wikidata' v='Q4259055' />
    <tag k='operator' v='Rapid Bus' />
    <tag k='public_transport' v='platform' />
    <tag k='route_ref' v='PJ06' />
    <tag k='shelter' v='no' />
    <tag k='tactile_paving' v='no' />
    <tag k='wheelchair' v='no' />
  </node>
  <node id='9568024803' timestamp='2025-03-04T06:31:30Z' uid='3191182' user='angys' visible='true' version='2' changeset='163187752' lat='3.1873881' lon='101.6149474'>
    <tag k='bus' v='yes' />
    <tag k='name' v='Komersial Sri Damansara (Opp)' />
    <tag k='name:ms' v='Komersial Sri Damansara (Opp)' />
    <tag k='network' v='Smart Selangor Bus' />
    <tag k='operator' v='Rapid Bus' />
    <tag k='public_transport' v='stop_position' />
  </node>
  <node id='9568024804' timestamp='2026-05-24T18:05:42Z' uid='3191182' user='angys' visible='true' version='4' changeset='183120731' lat='3.1892373' lon='101.6161628'>
    <tag k='bench' v='no' />
    <tag k='bin' v='no' />
    <tag k='bus' v='yes' />
    <tag k='departures_board' v='no' />
    <tag k='highway' v='bus_stop' />
    <tag k='name' v='Bandar Sri Damansara 8' />
    <tag k='name:ms' v='Bandar Sri Damansara 8' />
    <tag k='network' v='PJ City Bus' />
    <tag k='not:network:wikidata' v='Q4259055' />
    <tag k='operator' v='Rapid Bus' />
    <tag k='public_transport' v='platform' />
    <tag k='ref' v='PJ21' />
    <tag k='shelter' v='no' />
    <tag k='tactile_paving' v='no' />
    <tag k='wheelchair' v='no' />
  </node>
  <node id='9568024805' timestamp='2026-05-24T18:16:42Z' uid='3191182' user='angys' visible='true' version='3' changeset='183121140' lat='3.1892646' lon='101.6161169'>
    <tag k='bus' v='yes' />
    <tag k='name' v='Bandar Sri Damansara 8' />
    <tag k='name:ms' v='Bandar Sri Damansara 8' />
    <tag k='network' v='Smart Selangor Bus' />
    <tag k='operator' v='Rapid Bus' />
    <tag k='public_transport' v='stop_position' />
    <tag k='ref' v='PJ21' />
  </node>
  <node id='9568024806' timestamp='2026-03-25T11:21:54Z' uid='21901233' user='infrevdev' visible='true' version='3' changeset='180402341' lat='3.1892984' lon='101.615968'>
    <tag k='bench' v='no' />
    <tag k='bin' v='no' />
    <tag k='bus' v='yes' />
    <tag k='departures_board' v='no' />
    <tag k='highway' v='bus_stop' />
    <tag k='name' v='Bandar Sri Damansara 8' />
    <tag k='name:ms' v='Bandar Sri Damansara 8' />
    <tag k='network' v='Smart Selangor Bus' />
    <tag k='not:network:wikidata' v='Q4259055' />
    <tag k='operator' v='Rapid Bus' />
    <tag k='public_transport' v='platform' />
    <tag k='ref' v='PJ38' />
    <tag k='shelter' v='no' />
    <tag k='tactile_paving' v='no' />
    <tag k='wheelchair' v='no' />
  </node>
  <node id='9568024807' timestamp='2025-03-04T06:31:30Z' uid='3191182' user='angys' visible='true' version='2' changeset='163187752' lat='3.189288' lon='101.6160172'>
    <tag k='bus' v='yes' />
    <tag k='name' v='Bandar Sri Damansara 8' />
    <tag k='name:ms' v='Bandar Sri Damansara 8' />
    <tag k='network' v='Smart Selangor Bus' />
    <tag k='operator' v='Rapid Bus' />
    <tag k='public_transport' v='stop_position' />
    <tag k='ref' v='PJ38' />
  </node>
  <node id='9568024809' timestamp='2025-03-04T06:31:30Z' uid='3191182' user='angys' visible='true' version='2' changeset='163187752' lat='3.1901696' lon='101.6172856'>
    <tag k='bus' v='yes' />
    <tag k='name' v='Sophea Residence (Opp)' />
    <tag k='name:en' v='Sophea Residence (Opp)' />
    <tag k='network' v='Smart Selangor Bus' />
    <tag k='operator' v='Rapid Bus' />
    <tag k='public_transport' v='stop_position' />
    <tag k='ref' v='PJ643' />
  </node>
  <node id='9568024811' timestamp='2025-03-04T06:31:30Z' uid='3191182' user='angys' visible='true' version='2' changeset='163187752' lat='3.190075' lon='101.6175878'>
    <tag k='bus' v='yes' />
    <tag k='name' v='Sophea Residence' />
    <tag k='name:en' v='Sophea Residence' />
    <tag k='network' v='Smart Selangor Bus' />
    <tag k='operator' v='Rapid Bus' />
    <tag k='public_transport' v='stop_position' />
    <tag k='ref' v='PJ644' />
  </node>
  <node id='9702466991' timestamp='2022-04-29T09:20:49Z' uid='3191182' user='angys' visible='true' version='1' changeset='120339515' lat='3.1926308' lon='101.6169027' />
  <node id='9702466992' timestamp='2022-04-29T09:20:49Z' uid='3191182' user='angys' visible='true' version='1' changeset='120339515' lat='3.1925759' lon='101.6171208' />
  <node id='9702466993' timestamp='2022-04-29T09:20:49Z' uid='3191182' user='angys' visible='true' version='1' changeset='120339515' lat='3.1925475' lon='101.6174622' />
  <node id='9702466994' timestamp='2022-04-29T09:20:49Z' uid='3191182' user='angys' visible='true' version='1' changeset='120339515' lat='3.1911234' lon='101.6174584' />
  <node id='9702466995' timestamp='2022-04-29T09:20:49Z' uid='3191182' user='angys' visible='true' version='1' changeset='120339515' lat='3.1911575' lon='101.6167472' />
  <node id='9702466996' timestamp='2023-04-21T21:17:03Z' uid='3191182' user='angys' visible='true' version='2' changeset='135210005' lat='3.1917049' lon='101.6170474' />
  <node id='9702466997' timestamp='2023-04-21T21:17:03Z' uid='3191182' user='angys' visible='true' version='2' changeset='135210005' lat='3.1916835' lon='101.617247' />
  <node id='9702466998' timestamp='2023-04-21T21:17:03Z' uid='3191182' user='angys' visible='true' version='2' changeset='135210005' lat='3.1912993' lon='101.6172056' />
  <node id='9702466999' timestamp='2023-04-21T21:17:03Z' uid='3191182' user='angys' visible='true' version='2' changeset='135210005' lat='3.1913207' lon='101.617006' />
  <node id='9702467000' timestamp='2022-04-29T09:20:49Z' uid='3191182' user='angys' visible='true' version='1' changeset='120339515' lat='3.1915391' lon='101.6170989'>
    <tag k='brand' v='7-Eleven' />
    <tag k='brand:wikidata' v='Q259340' />
    <tag k='name' v='7-Eleven' />
    <tag k='shop' v='convenience' />
  </node>
  <node id='9702467002' timestamp='2022-04-29T09:20:49Z' uid='3191182' user='angys' visible='true' version='1' changeset='120339515' lat='3.1913409' lon='101.6170868'>
    <tag k='amenity' v='biergarten' />
    <tag k='name' v='The Brew House' />
  </node>
  <node id='9702467003' timestamp='2022-04-29T09:20:49Z' uid='3191182' user='angys' visible='true' version='1' changeset='120339515' lat='3.1913075' lon='101.6170573'>
    <tag k='amenity' v='cafe' />
    <tag k='brand' v='Chatime' />
    <tag k='brand:wikidata' v='Q16829306' />
    <tag k='cuisine' v='bubble_tea' />
    <tag k='name' v='Chatime' />
    <tag k='takeaway' v='yes' />
  </node>
  <node id='9784706153' action='delete' timestamp='2022-05-31T07:44:33Z' uid='16152454' user='fairuzdalila' visible='true' version='1' changeset='121752781' lat='3.191354' lon='101.6127888' />
  <node id='9784706154' action='delete' timestamp='2022-05-31T07:44:33Z' uid='16152454' user='fairuzdalila' visible='true' version='1' changeset='121752781' lat='3.1914105' lon='101.612793' />
  <node id='9784706155' action='delete' timestamp='2025-07-16T08:48:33Z' uid='257555' user='rene78' visible='true' version='2' changeset='169001647' lat='3.191395' lon='101.6128386'>
    <tag k='name' v='Bio Jinjang Laundry' />
    <tag k='shop' v='laundry' />
  </node>
  <node id='10039462320' action='delete' timestamp='2025-01-15T06:49:40Z' uid='9658463' user='GrabMY_ainayusof' visible='true' version='3' changeset='161368567' lat='3.1904033' lon='101.6145889'>
    <tag k='access' v='no' />
    <tag k='barrier' v='swing_gate' />
  </node>
  <node id='10059975297' action='delete' timestamp='2022-09-29T02:47:17Z' uid='17196702' user='sharafuddin kaus' visible='true' version='1' changeset='126759858' lat='3.1878758' lon='101.6096666' />
  <node id='10059975298' action='delete' timestamp='2022-09-29T02:47:17Z' uid='17196702' user='sharafuddin kaus' visible='true' version='1' changeset='126759858' lat='3.1872494' lon='101.6107895' />
  <node id='10059975299' action='delete' timestamp='2022-09-29T02:47:17Z' uid='17196702' user='sharafuddin kaus' visible='true' version='1' changeset='126759858' lat='3.1917012' lon='101.6123341'>
    <tag k='name' v='Dobi Self-service' />
    <tag k='self_service' v='yes' />
    <tag k='shop' v='laundry' />
  </node>
  <node id='10127799681' action='delete' timestamp='2022-10-25T10:11:57Z' uid='17484044' user='Wilton Lee' visible='true' version='1' changeset='128032118' lat='3.1863' lon='101.61089'>
    <tag k='barrier' v='lift_gate' />
  </node>
  <node id='10281515498' action='delete' timestamp='2022-12-23T02:17:18Z' uid='3191182' user='angys' visible='true' version='1' changeset='130398443' lat='3.18913785731' lon='101.617201559' />
  <node id='10281515499' action='delete' timestamp='2022-12-23T02:17:18Z' uid='3191182' user='angys' visible='true' version='1' changeset='130398443' lat='3.18928615741' lon='101.617524059' />
  <node id='10281515500' action='delete' timestamp='2022-12-23T02:17:18Z' uid='3191182' user='angys' visible='true' version='1' changeset='130398443' lat='3.1892839574' lon='101.618059659' />
  <node id='10281515501' action='delete' timestamp='2022-12-23T02:17:18Z' uid='3191182' user='angys' visible='true' version='1' changeset='130398443' lat='3.18862205697' lon='101.618081259' />
  <node id='10281515502' action='delete' timestamp='2022-12-23T02:17:18Z' uid='3191182' user='angys' visible='true' version='1' changeset='130398443' lat='3.18915895732' lon='101.617601859' />
  <node id='10281515503' action='delete' timestamp='2022-12-23T02:17:18Z' uid='3191182' user='angys' visible='true' version='1' changeset='130398443' lat='3.1922714' lon='101.6141217' />
  <node id='10281515504' action='delete' timestamp='2022-12-23T02:17:18Z' uid='3191182' user='angys' visible='true' version='1' changeset='130398443' lat='3.1924124' lon='101.6144118' />
  <node id='10281515505' action='delete' timestamp='2022-12-23T02:17:18Z' uid='3191182' user='angys' visible='true' version='1' changeset='130398443' lat='3.1920689' lon='101.6147688' />
  <node id='10281515506' action='delete' timestamp='2022-12-23T02:17:18Z' uid='3191182' user='angys' visible='true' version='1' changeset='130398443' lat='3.1902828' lon='101.6161455' />
  <node id='10281515507' action='delete' timestamp='2022-12-23T02:17:18Z' uid='3191182' user='angys' visible='true' version='1' changeset='130398443' lat='3.1899126' lon='101.6160425' />
  <node id='10281515508' action='delete' timestamp='2022-12-23T02:17:18Z' uid='3191182' user='angys' visible='true' version='1' changeset='130398443' lat='3.1914228' lon='101.614833' />
  <node id='10830754181' action='delete' timestamp='2023-04-21T21:17:03Z' uid='3191182' user='angys' visible='true' version='1' changeset='135210005' lat='3.1973143' lon='101.6185014' />
  <node id='10923632033' action='delete' timestamp='2025-01-15T06:49:40Z' uid='9658463' user='GrabMY_ainayusof' visible='true' version='3' changeset='161368567' lat='3.1905741' lon='101.6140612'>
    <tag k='access' v='private' />
    <tag k='barrier' v='lift_gate' />
  </node>
  <node id='10923632034' action='delete' timestamp='2025-01-15T06:49:40Z' uid='9658463' user='GrabMY_ainayusof' visible='true' version='2' changeset='161368567' lat='3.1901181' lon='101.6150801'>
    <tag k='access' v='no' />
    <tag k='barrier' v='gate' />
  </node>
  <node id='10923632035' action='delete' timestamp='2023-11-28T03:45:11Z' uid='9658463' user='GrabMY_ainayusof' visible='true' version='2' changeset='144530484' lat='3.1897999' lon='101.6155427'>
    <tag k='access' v='no' />
    <tag k='barrier' v='lift_gate' />
  </node>
  <node id='10923632036' timestamp='2025-08-19T16:56:25Z' uid='22220231' user='HaweaLake' visible='true' version='5' changeset='170681612' lat='3.1879396' lon='101.6112725'>
    <tag k='access' v='private' />
    <tag k='barrier' v='lift_gate' />
  </node>
  <node id='10971169726' timestamp='2023-06-12T13:47:20Z' uid='10678755' user='rat_lorand_grab' visible='true' version='1' changeset='137245821' lat='3.1901875' lon='101.6187259' />
  <node id='10971227718' action='delete' timestamp='2023-06-12T14:05:54Z' uid='10678755' user='rat_lorand_grab' visible='true' version='1' changeset='137246517' lat='3.1928867' lon='101.6105504' />
  <node id='10971227719' action='delete' timestamp='2023-06-12T14:05:54Z' uid='10678755' user='rat_lorand_grab' visible='true' version='1' changeset='137246517' lat='3.1930165' lon='101.6106968' />
  <node id='10971227720' action='delete' timestamp='2023-06-12T14:05:54Z' uid='10678755' user='rat_lorand_grab' visible='true' version='1' changeset='137246517' lat='3.1932959' lon='101.6107927' />
  <node id='10971227721' action='delete' timestamp='2023-06-12T14:05:54Z' uid='10678755' user='rat_lorand_grab' visible='true' version='1' changeset='137246517' lat='3.193534' lon='101.6108289' />
  <node id='10971227722' action='delete' timestamp='2023-06-12T14:05:54Z' uid='10678755' user='rat_lorand_grab' visible='true' version='1' changeset='137246517' lat='3.1937724' lon='101.6108476' />
  <node id='10971227723' action='delete' timestamp='2023-06-12T14:05:54Z' uid='10678755' user='rat_lorand_grab' visible='true' version='1' changeset='137246517' lat='3.1939398' lon='101.6108396' />
  <node id='10971227724' action='delete' timestamp='2023-06-12T14:05:54Z' uid='10678755' user='rat_lorand_grab' visible='true' version='1' changeset='137246517' lat='3.1941332' lon='101.6108134' />
  <node id='10971227725' action='delete' timestamp='2023-06-12T14:05:54Z' uid='10678755' user='rat_lorand_grab' visible='true' version='1' changeset='137246517' lat='3.1942959' lon='101.6107578' />
  <node id='10971227726' action='delete' timestamp='2023-06-12T14:05:54Z' uid='10678755' user='rat_lorand_grab' visible='true' version='1' changeset='137246517' lat='3.1945044' lon='101.6106867' />
  <node id='10971227730' action='delete' timestamp='2023-10-19T04:26:47Z' uid='9658463' user='GrabMY_ainayusof' visible='true' version='2' changeset='142792196' lat='3.1925533' lon='101.6104252' />
  <node id='11088037860' timestamp='2023-08-04T02:17:10Z' uid='9658463' user='GrabMY_ainayusof' visible='true' version='1' changeset='139418798' lat='3.187911' lon='101.6113208' />
  <node id='11245164788' action='delete' timestamp='2024-05-21T04:05:16Z' uid='9658463' user='GrabMY_ainayusof' visible='true' version='3' changeset='151607115' lat='3.1852758' lon='101.6133823'>
    <tag k='access' v='no' />
    <tag k='barrier' v='lift_gate' />
  </node>
  <node id='11273577868' action='delete' timestamp='2023-10-19T04:26:47Z' uid='9658463' user='GrabMY_ainayusof' visible='true' version='1' changeset='142792196' lat='3.1925482' lon='101.6105122'>
    <tag k='barrier' v='gate' />
  </node>
  <node id='11273579969' action='delete' timestamp='2023-10-19T04:26:47Z' uid='9658463' user='GrabMY_ainayusof' visible='true' version='1' changeset='142792196' lat='3.1932712' lon='101.6109726'>
    <tag k='access' v='private' />
    <tag k='barrier' v='lift_gate' />
  </node>
  <node id='11273579970' action='delete' timestamp='2023-10-19T04:26:47Z' uid='9658463' user='GrabMY_ainayusof' visible='true' version='1' changeset='142792196' lat='3.1928825' lon='101.6115798'>
    <tag k='access' v='no' />
    <tag k='barrier' v='gate' />
  </node>
  <node id='11331676724' action='delete' timestamp='2023-11-07T19:07:05Z' uid='20026515' user='rayth' visible='true' version='1' changeset='143750171' lat='3.185818' lon='101.610834' />
  <node id='11331676725' action='delete' timestamp='2023-11-07T19:07:05Z' uid='20026515' user='rayth' visible='true' version='1' changeset='143750171' lat='3.1856525' lon='101.6107362' />
  <node id='11331676726' action='delete' timestamp='2023-11-07T19:07:05Z' uid='20026515' user='rayth' visible='true' version='1' changeset='143750171' lat='3.1861445' lon='101.6099013' />
  <node id='11331676727' action='delete' timestamp='2023-11-07T19:07:05Z' uid='20026515' user='rayth' visible='true' version='1' changeset='143750171' lat='3.18631' lon='101.6099992' />
  <node id='11331676728' action='delete' timestamp='2023-11-07T19:07:05Z' uid='20026515' user='rayth' visible='true' version='1' changeset='143750171' lat='3.1849213' lon='101.6107977' />
  <node id='11331676729' action='delete' timestamp='2023-11-07T19:07:05Z' uid='20026515' user='rayth' visible='true' version='1' changeset='143750171' lat='3.1847549' lon='101.6107015' />
  <node id='11331676730' action='delete' timestamp='2023-11-07T19:07:05Z' uid='20026515' user='rayth' visible='true' version='1' changeset='143750171' lat='3.1851568' lon='101.6100044' />
  <node id='11331676731' action='delete' timestamp='2023-11-07T19:07:05Z' uid='20026515' user='rayth' visible='true' version='1' changeset='143750171' lat='3.1853232' lon='101.6101007' />
  <node id='11331676732' action='delete' timestamp='2023-11-07T19:07:05Z' uid='20026515' user='rayth' visible='true' version='1' changeset='143750171' lat='3.1851229' lon='101.6109095' />
  <node id='11331676733' action='delete' timestamp='2023-11-07T19:07:05Z' uid='20026515' user='rayth' visible='true' version='1' changeset='143750171' lat='3.1849565' lon='101.6108133' />
  <node id='11331676734' action='delete' timestamp='2023-11-07T19:07:05Z' uid='20026515' user='rayth' visible='true' version='1' changeset='143750171' lat='3.1853584' lon='101.6101162' />
  <node id='11331676735' action='delete' timestamp='2023-11-07T19:07:05Z' uid='20026515' user='rayth' visible='true' version='1' changeset='143750171' lat='3.1855249' lon='101.6102125' />
  <node id='11331676736' action='delete' timestamp='2023-11-07T19:07:05Z' uid='20026515' user='rayth' visible='true' version='1' changeset='143750171' lat='3.1856206' lon='101.6107306' />
  <node id='11331676737' action='delete' timestamp='2023-11-07T19:07:05Z' uid='20026515' user='rayth' visible='true' version='1' changeset='143750171' lat='3.1854551' lon='101.6106327' />
  <node id='11331676738' action='delete' timestamp='2023-11-07T19:07:05Z' uid='20026515' user='rayth' visible='true' version='1' changeset='143750171' lat='3.1859471' lon='101.6097979' />
  <node id='11331676739' action='delete' timestamp='2023-11-07T19:07:05Z' uid='20026515' user='rayth' visible='true' version='1' changeset='143750171' lat='3.1861126' lon='101.6098957' />
  <node id='11331676756' action='delete' timestamp='2023-11-07T19:07:05Z' uid='20026515' user='rayth' visible='true' version='1' changeset='143750171' lat='3.1864996' lon='101.6099613' />
  <node id='11331676757' action='delete' timestamp='2023-11-07T19:07:05Z' uid='20026515' user='rayth' visible='true' version='1' changeset='143750171' lat='3.1866' lon='101.6097972' />
  <node id='11331676758' action='delete' timestamp='2023-11-07T19:07:05Z' uid='20026515' user='rayth' visible='true' version='1' changeset='143750171' lat='3.1871908' lon='101.61016' />
  <node id='11331676759' action='delete' timestamp='2023-11-07T19:07:05Z' uid='20026515' user='rayth' visible='true' version='1' changeset='143750171' lat='3.1870904' lon='101.610324' />
  <node id='11331676760' action='delete' timestamp='2023-11-07T19:07:05Z' uid='20026515' user='rayth' visible='true' version='1' changeset='143750171' lat='3.1863896' lon='101.6101315' />
  <node id='11331676761' action='delete' timestamp='2023-11-07T19:07:05Z' uid='20026515' user='rayth' visible='true' version='1' changeset='143750171' lat='3.18649' lon='101.6099674' />
  <node id='11331676762' action='delete' timestamp='2023-11-07T19:07:05Z' uid='20026515' user='rayth' visible='true' version='1' changeset='143750171' lat='3.1870809' lon='101.6103302' />
  <node id='11331676763' action='delete' timestamp='2023-11-07T19:07:05Z' uid='20026515' user='rayth' visible='true' version='1' changeset='143750171' lat='3.1869804' lon='101.6104943' />
  <node id='11331676764' action='delete' timestamp='2023-11-07T19:07:05Z' uid='20026515' user='rayth' visible='true' version='1' changeset='143750171' lat='3.1863136' lon='101.6102767' />
  <node id='11331676765' action='delete' timestamp='2023-11-07T19:07:05Z' uid='20026515' user='rayth' visible='true' version='1' changeset='143750171' lat='3.1864827' lon='101.6103682' />
  <node id='11331676766' action='delete' timestamp='2023-11-07T19:07:05Z' uid='20026515' user='rayth' visible='true' version='1' changeset='143750171' lat='3.1862304' lon='101.6108358' />
  <node id='11331676767' action='delete' timestamp='2023-11-07T19:07:05Z' uid='20026515' user='rayth' visible='true' version='1' changeset='143750171' lat='3.1860614' lon='101.6107443' />
  <node id='11331676768' action='delete' timestamp='2023-11-07T19:07:05Z' uid='20026515' user='rayth' visible='true' version='1' changeset='143750171' lat='3.1864898' lon='101.6103787' />
  <node id='11331681269' action='delete' timestamp='2023-11-07T19:07:05Z' uid='20026515' user='rayth' visible='true' version='1' changeset='143750171' lat='3.1866583' lon='101.6104719' />
  <node id='11331681270' action='delete' timestamp='2023-11-07T19:07:05Z' uid='20026515' user='rayth' visible='true' version='1' changeset='143750171' lat='3.1864728' lon='101.6108083' />
  <node id='11331681271' action='delete' timestamp='2023-11-07T19:07:05Z' uid='20026515' user='rayth' visible='true' version='1' changeset='143750171' lat='3.1863043' lon='101.6107151' />
  <node id='11331681272' action='delete' timestamp='2023-11-07T19:07:05Z' uid='20026515' user='rayth' visible='true' version='1' changeset='143750171' lat='3.1882569' lon='101.6099771' />
  <node id='11331681273' action='delete' timestamp='2023-11-07T19:07:05Z' uid='20026515' user='rayth' visible='true' version='1' changeset='143750171' lat='3.1881169' lon='101.6098951' />
  <node id='11331681274' action='delete' timestamp='2023-11-07T19:07:05Z' uid='20026515' user='rayth' visible='true' version='1' changeset='143750171' lat='3.1878755' lon='101.6103089' />
  <node id='11331681275' action='delete' timestamp='2023-11-07T19:07:05Z' uid='20026515' user='rayth' visible='true' version='1' changeset='143750171' lat='3.1880154' lon='101.6103909' />
  <node id='11331681280' action='delete' timestamp='2023-11-07T19:07:05Z' uid='20026515' user='rayth' visible='true' version='1' changeset='143750171' lat='3.1879901' lon='101.6104341' />
  <node id='11331681281' action='delete' timestamp='2023-11-07T19:07:05Z' uid='20026515' user='rayth' visible='true' version='1' changeset='143750171' lat='3.1878513' lon='101.6103514' />
  <node id='11331681282' action='delete' timestamp='2023-11-07T19:07:05Z' uid='20026515' user='rayth' visible='true' version='1' changeset='143750171' lat='3.1875748' lon='101.6108169' />
  <node id='11331681283' action='delete' timestamp='2023-11-07T19:07:05Z' uid='20026515' user='rayth' visible='true' version='1' changeset='143750171' lat='3.1877135' lon='101.6108996' />
  <node id='11331681284' action='delete' timestamp='2023-11-07T19:07:05Z' uid='20026515' user='rayth' visible='true' version='1' changeset='143750171' lat='3.187796' lon='101.6103348' />
  <node id='11331681285' action='delete' timestamp='2023-11-07T19:07:05Z' uid='20026515' user='rayth' visible='true' version='1' changeset='143750171' lat='3.1876572' lon='101.6102521' />
  <node id='11331681286' action='delete' timestamp='2023-11-07T19:07:05Z' uid='20026515' user='rayth' visible='true' version='1' changeset='143750171' lat='3.1873806' lon='101.6107177' />
  <node id='11331681287' action='delete' timestamp='2023-11-07T19:07:05Z' uid='20026515' user='rayth' visible='true' version='1' changeset='143750171' lat='3.1875194' lon='101.6108003' />
  <node id='11331681288' action='delete' timestamp='2023-11-07T19:07:05Z' uid='20026515' user='rayth' visible='true' version='1' changeset='143750171' lat='3.1876188' lon='101.6101939' />
  <node id='11331681289' action='delete' timestamp='2023-11-07T19:07:05Z' uid='20026515' user='rayth' visible='true' version='1' changeset='143750171' lat='3.1880913' lon='101.6104584' />
  <node id='11331681290' action='delete' timestamp='2023-11-07T19:07:05Z' uid='20026515' user='rayth' visible='true' version='1' changeset='143750171' lat='3.1885538' lon='101.6101777' />
  <node id='11331681291' action='delete' timestamp='2023-11-07T19:07:05Z' uid='20026515' user='rayth' visible='true' version='1' changeset='143750171' lat='3.1884146' lon='101.6100945' />
  <node id='11331681292' action='delete' timestamp='2023-11-07T19:07:05Z' uid='20026515' user='rayth' visible='true' version='1' changeset='143750171' lat='3.1879207' lon='101.6109231' />
  <node id='11331681293' action='delete' timestamp='2023-11-07T19:07:05Z' uid='20026515' user='rayth' visible='true' version='1' changeset='143750171' lat='3.1880599' lon='101.6110064' />
  <node id='11331681294' action='delete' timestamp='2023-11-07T19:07:05Z' uid='20026515' user='rayth' visible='true' version='1' changeset='143750171' lat='3.1887363' lon='101.6102787' />
  <node id='11331681295' action='delete' timestamp='2023-11-07T19:07:05Z' uid='20026515' user='rayth' visible='true' version='1' changeset='143750171' lat='3.1885971' lon='101.6101954' />
  <node id='11331681296' action='delete' timestamp='2023-11-07T19:07:05Z' uid='20026515' user='rayth' visible='true' version='1' changeset='143750171' lat='3.1881032' lon='101.6110241' />
  <node id='11331681297' action='delete' timestamp='2023-11-07T19:07:05Z' uid='20026515' user='rayth' visible='true' version='1' changeset='143750171' lat='3.1882424' lon='101.6111073' />
  <node id='11331681298' action='delete' timestamp='2023-11-07T19:07:05Z' uid='20026515' user='rayth' visible='true' version='1' changeset='143750171' lat='3.1890112' lon='101.6104489' />
  <node id='11331681299' action='delete' timestamp='2023-11-07T19:07:05Z' uid='20026515' user='rayth' visible='true' version='1' changeset='143750171' lat='3.188872' lon='101.6103656' />
  <node id='11331681300' action='delete' timestamp='2023-11-07T19:07:05Z' uid='20026515' user='rayth' visible='true' version='1' changeset='143750171' lat='3.1883781' lon='101.6111943' />
  <node id='11331681301' action='delete' timestamp='2023-11-07T19:07:05Z' uid='20026515' user='rayth' visible='true' version='1' changeset='143750171' lat='3.1885173' lon='101.6112775' />
  <node id='11331681302' action='delete' timestamp='2023-11-07T19:07:05Z' uid='20026515' user='rayth' visible='true' version='1' changeset='143750171' lat='3.1891895' lon='101.6105624' />
  <node id='11331681303' action='delete' timestamp='2023-11-07T19:07:05Z' uid='20026515' user='rayth' visible='true' version='1' changeset='143750171' lat='3.1890503' lon='101.6104791' />
  <node id='11331681304' action='delete' timestamp='2023-11-07T19:07:05Z' uid='20026515' user='rayth' visible='true' version='1' changeset='143750171' lat='3.1885564' lon='101.6113078' />
  <node id='11331681305' action='delete' timestamp='2023-11-07T19:07:05Z' uid='20026515' user='rayth' visible='true' version='1' changeset='143750171' lat='3.1886956' lon='101.611391' />
  <node id='11331681306' action='delete' timestamp='2023-11-07T19:07:05Z' uid='20026515' user='rayth' visible='true' version='1' changeset='143750171' lat='3.1895061' lon='101.6107359' />
  <node id='11331681307' action='delete' timestamp='2023-11-07T19:07:05Z' uid='20026515' user='rayth' visible='true' version='1' changeset='143750171' lat='3.1893668' lon='101.6106527' />
  <node id='11331681308' action='delete' timestamp='2023-11-07T19:07:05Z' uid='20026515' user='rayth' visible='true' version='1' changeset='143750171' lat='3.1888729' lon='101.6114813' />
  <node id='11331681309' action='delete' timestamp='2023-11-07T19:07:05Z' uid='20026515' user='rayth' visible='true' version='1' changeset='143750171' lat='3.1890121' lon='101.6115646' />
  <node id='11331681310' action='delete' timestamp='2023-11-07T19:07:05Z' uid='20026515' user='rayth' visible='true' version='1' changeset='143750171' lat='3.1896693' lon='101.6108511' />
  <node id='11331681311' action='delete' timestamp='2023-11-07T19:07:05Z' uid='20026515' user='rayth' visible='true' version='1' changeset='143750171' lat='3.1895301' lon='101.6107678' />
  <node id='11331681312' action='delete' timestamp='2023-11-07T19:07:05Z' uid='20026515' user='rayth' visible='true' version='1' changeset='143750171' lat='3.1890362' lon='101.6115965' />
  <node id='11331681313' action='delete' timestamp='2023-11-07T19:07:05Z' uid='20026515' user='rayth' visible='true' version='1' changeset='143750171' lat='3.1891754' lon='101.6116797' />
  <node id='11331681314' action='delete' timestamp='2023-11-07T19:07:05Z' uid='20026515' user='rayth' visible='true' version='1' changeset='143750171' lat='3.1899743' lon='101.6110346' />
  <node id='11331681315' action='delete' timestamp='2023-11-07T19:07:05Z' uid='20026515' user='rayth' visible='true' version='1' changeset='143750171' lat='3.189835' lon='101.6109514' />
  <node id='11331681316' action='delete' timestamp='2023-11-07T19:07:05Z' uid='20026515' user='rayth' visible='true' version='1' changeset='143750171' lat='3.1893411' lon='101.61178' />
  <node id='11331681317' action='delete' timestamp='2023-11-07T19:07:05Z' uid='20026515' user='rayth' visible='true' version='1' changeset='143750171' lat='3.1894803' lon='101.6118633' />
  <node id='11331681318' action='delete' timestamp='2023-11-07T19:07:05Z' uid='20026515' user='rayth' visible='true' version='1' changeset='143750171' lat='3.1901409' lon='101.6111364' />
  <node id='11331681319' action='delete' timestamp='2023-11-07T19:07:05Z' uid='20026515' user='rayth' visible='true' version='1' changeset='143750171' lat='3.1900016' lon='101.6110532' />
  <node id='11331681320' action='delete' timestamp='2023-11-07T19:07:05Z' uid='20026515' user='rayth' visible='true' version='1' changeset='143750171' lat='3.1895077' lon='101.6118818' />
  <node id='11331681321' action='delete' timestamp='2023-11-07T19:07:05Z' uid='20026515' user='rayth' visible='true' version='1' changeset='143750171' lat='3.1896469' lon='101.6119651' />
  <node id='11331681322' action='delete' timestamp='2023-11-07T19:07:05Z' uid='20026515' user='rayth' visible='true' version='1' changeset='143750171' lat='3.1904425' lon='101.6112966' />
  <node id='11331681323' action='delete' timestamp='2023-11-07T19:07:05Z' uid='20026515' user='rayth' visible='true' version='1' changeset='143750171' lat='3.1903032' lon='101.6112134' />
  <node id='11331681324' action='delete' timestamp='2023-11-07T19:07:05Z' uid='20026515' user='rayth' visible='true' version='1' changeset='143750171' lat='3.1898093' lon='101.612042' />
  <node id='11331681325' action='delete' timestamp='2023-11-07T19:07:05Z' uid='20026515' user='rayth' visible='true' version='1' changeset='143750171' lat='3.1899485' lon='101.6121253' />
  <node id='11331681326' action='delete' timestamp='2023-11-07T19:07:05Z' uid='20026515' user='rayth' visible='true' version='1' changeset='143750171' lat='3.1906091' lon='101.6114134' />
  <node id='11331681327' action='delete' timestamp='2023-11-07T19:07:05Z' uid='20026515' user='rayth' visible='true' version='1' changeset='143750171' lat='3.1904698' lon='101.6113302' />
  <node id='11331681328' action='delete' timestamp='2023-11-07T19:07:05Z' uid='20026515' user='rayth' visible='true' version='1' changeset='143750171' lat='3.1899759' lon='101.6121588' />
  <node id='11331681329' action='delete' timestamp='2023-11-07T19:07:05Z' uid='20026515' user='rayth' visible='true' version='1' changeset='143750171' lat='3.1901151' lon='101.6122421' />
  <node id='11331681330' action='delete' timestamp='2023-11-07T19:07:05Z' uid='20026515' user='rayth' visible='true' version='1' changeset='143750171' lat='3.1909256' lon='101.611567' />
  <node id='11331681331' action='delete' timestamp='2023-11-07T19:07:05Z' uid='20026515' user='rayth' visible='true' version='1' changeset='143750171' lat='3.1907864' lon='101.6114837' />
  <node id='11331681332' action='delete' timestamp='2023-11-07T19:07:05Z' uid='20026515' user='rayth' visible='true' version='1' changeset='143750171' lat='3.1902925' lon='101.6123124' />
  <node id='11331681333' action='delete' timestamp='2023-11-07T19:07:05Z' uid='20026515' user='rayth' visible='true' version='1' changeset='143750171' lat='3.1904317' lon='101.6123956' />
  <node id='11331681334' action='delete' timestamp='2023-11-07T19:07:05Z' uid='20026515' user='rayth' visible='true' version='1' changeset='143750171' lat='3.1911073' lon='101.6116738' />
  <node id='11331681335' action='delete' timestamp='2023-11-07T19:07:05Z' uid='20026515' user='rayth' visible='true' version='1' changeset='143750171' lat='3.19035816093' lon='101.61205514692' />
  <node id='11331681336' action='delete' timestamp='2023-11-07T19:07:05Z' uid='20026515' user='rayth' visible='true' version='1' changeset='143750171' lat='3.18986426064' lon='101.61288384692' />
  <node id='11331681337' action='delete' timestamp='2023-11-07T19:07:05Z' uid='20026515' user='rayth' visible='true' version='1' changeset='143750171' lat='3.19000346072' lon='101.61296704692' />
  <node id='11331681338' action='delete' timestamp='2023-11-07T19:07:05Z' uid='20026515' user='rayth' visible='true' version='1' changeset='143750171' lat='3.1913888' lon='101.6118473' />
  <node id='11331681339' action='delete' timestamp='2023-11-07T19:07:05Z' uid='20026515' user='rayth' visible='true' version='1' changeset='143750171' lat='3.1912496' lon='101.6117641' />
  <node id='11331681340' action='delete' timestamp='2023-11-07T19:07:05Z' uid='20026515' user='rayth' visible='true' version='1' changeset='143750171' lat='3.1907557' lon='101.6125927' />
  <node id='11331681341' action='delete' timestamp='2023-11-07T19:07:05Z' uid='20026515' user='rayth' visible='true' version='1' changeset='143750171' lat='3.1908949' lon='101.6126759' />
  <node id='11331681342' action='delete' timestamp='2023-11-07T19:07:05Z' uid='20026515' user='rayth' visible='true' version='1' changeset='143750171' lat='3.1915018' lon='101.6120514' />
  <node id='11331681343' action='delete' timestamp='2023-11-07T19:07:05Z' uid='20026515' user='rayth' visible='true' version='1' changeset='143750171' lat='3.1913625' lon='101.6119676' />
  <node id='11331681344' action='delete' timestamp='2023-11-07T19:07:05Z' uid='20026515' user='rayth' visible='true' version='1' changeset='143750171' lat='3.1909158' lon='101.6127128' />
  <node id='11331681345' action='delete' timestamp='2023-11-07T19:07:05Z' uid='20026515' user='rayth' visible='true' version='1' changeset='143750171' lat='3.191055' lon='101.6127965' />
  <node id='11331681490' action='delete' timestamp='2023-11-07T19:07:05Z' uid='20026515' user='rayth' visible='true' version='1' changeset='143750171' lat='3.1898842' lon='101.6104796' />
  <node id='11331681491' action='delete' timestamp='2023-11-07T19:07:05Z' uid='20026515' user='rayth' visible='true' version='1' changeset='143750171' lat='3.1897525' lon='101.6103969' />
  <node id='11331681492' action='delete' timestamp='2023-11-07T19:07:05Z' uid='20026515' user='rayth' visible='true' version='1' changeset='143750171' lat='3.1900305' lon='101.6099398' />
  <node id='11331681493' action='delete' timestamp='2023-11-07T19:07:05Z' uid='20026515' user='rayth' visible='true' version='1' changeset='143750171' lat='3.1901622' lon='101.6100225' />
  <node id='11331681494' action='delete' timestamp='2023-11-07T19:07:05Z' uid='20026515' user='rayth' visible='true' version='1' changeset='143750171' lat='3.1896714' lon='101.6103721' />
  <node id='11331681495' action='delete' timestamp='2023-11-07T19:07:05Z' uid='20026515' user='rayth' visible='true' version='1' changeset='143750171' lat='3.1895397' lon='101.6102894' />
  <node id='11331681496' action='delete' timestamp='2023-11-07T19:07:05Z' uid='20026515' user='rayth' visible='true' version='1' changeset='143750171' lat='3.1898178' lon='101.6098323' />
  <node id='11331681497' action='delete' timestamp='2023-11-07T19:07:05Z' uid='20026515' user='rayth' visible='true' version='1' changeset='143750171' lat='3.1899495' lon='101.609915' />
  <node id='11331681498' action='delete' timestamp='2023-11-07T19:07:05Z' uid='20026515' user='rayth' visible='true' version='1' changeset='143750171' lat='3.1903623' lon='101.6107513' />
  <node id='11331681499' action='delete' timestamp='2023-11-07T19:07:05Z' uid='20026515' user='rayth' visible='true' version='1' changeset='143750171' lat='3.1902306' lon='101.6106687' />
  <node id='11331681500' action='delete' timestamp='2023-11-07T19:07:05Z' uid='20026515' user='rayth' visible='true' version='1' changeset='143750171' lat='3.1905087' lon='101.6102116' />
  <node id='11331681501' action='delete' timestamp='2023-11-07T19:07:05Z' uid='20026515' user='rayth' visible='true' version='1' changeset='143750171' lat='3.1906404' lon='101.6102942' />
  <node id='11331681502' action='delete' timestamp='2023-11-07T19:07:05Z' uid='20026515' user='rayth' visible='true' version='1' changeset='143750171' lat='3.1901847' lon='101.6106399' />
  <node id='11331681503' action='delete' timestamp='2023-11-07T19:07:05Z' uid='20026515' user='rayth' visible='true' version='1' changeset='143750171' lat='3.190053' lon='101.6105572' />
  <node id='11331681504' action='delete' timestamp='2023-11-07T19:07:05Z' uid='20026515' user='rayth' visible='true' version='1' changeset='143750171' lat='3.1903311' lon='101.6101001' />
  <node id='11331681505' action='delete' timestamp='2023-11-07T19:07:05Z' uid='20026515' user='rayth' visible='true' version='1' changeset='143750171' lat='3.1904628' lon='101.6101828' />
  <node id='11331681514' action='delete' timestamp='2023-11-07T19:07:05Z' uid='20026515' user='rayth' visible='true' version='1' changeset='143750171' lat='3.1911821' lon='101.6105246' />
  <node id='11331681515' action='delete' timestamp='2023-11-07T19:07:05Z' uid='20026515' user='rayth' visible='true' version='1' changeset='143750171' lat='3.1910504' lon='101.6104419' />
  <node id='11331681516' action='delete' timestamp='2023-11-07T19:07:05Z' uid='20026515' user='rayth' visible='true' version='1' changeset='143750171' lat='3.1913284' lon='101.6099848' />
  <node id='11331681517' action='delete' timestamp='2023-11-07T19:07:05Z' uid='20026515' user='rayth' visible='true' version='1' changeset='143750171' lat='3.1914601' lon='101.6100675' />
  <node id='11331681518' action='delete' timestamp='2023-11-07T19:07:05Z' uid='20026515' user='rayth' visible='true' version='1' changeset='143750171' lat='3.1909635' lon='101.6103917' />
  <node id='11331681519' action='delete' timestamp='2023-11-07T19:07:05Z' uid='20026515' user='rayth' visible='true' version='1' changeset='143750171' lat='3.1908318' lon='101.610309' />
  <node id='11331681520' action='delete' timestamp='2023-11-07T19:07:05Z' uid='20026515' user='rayth' visible='true' version='1' changeset='143750171' lat='3.1911098' lon='101.6098519' />
  <node id='11331681521' action='delete' timestamp='2023-11-07T19:07:05Z' uid='20026515' user='rayth' visible='true' version='1' changeset='143750171' lat='3.1912415' lon='101.6099346' />
  <node id='11331681522' action='delete' timestamp='2023-11-07T19:07:05Z' uid='20026515' user='rayth' visible='true' version='1' changeset='143750171' lat='3.1908366' lon='101.6110445' />
  <node id='11331681523' action='delete' timestamp='2023-11-07T19:07:05Z' uid='20026515' user='rayth' visible='true' version='1' changeset='143750171' lat='3.1907049' lon='101.6109619' />
  <node id='11331681524' action='delete' timestamp='2023-11-07T19:07:05Z' uid='20026515' user='rayth' visible='true' version='1' changeset='143750171' lat='3.190983' lon='101.6105048' />
  <node id='11331681525' action='delete' timestamp='2023-11-07T19:07:05Z' uid='20026515' user='rayth' visible='true' version='1' changeset='143750171' lat='3.1911147' lon='101.6105874' />
  <node id='11331681526' action='delete' timestamp='2023-11-07T19:07:05Z' uid='20026515' user='rayth' visible='true' version='1' changeset='143750171' lat='3.1906317' lon='101.6109097' />
  <node id='11331681527' action='delete' timestamp='2023-11-07T19:07:05Z' uid='20026515' user='rayth' visible='true' version='1' changeset='143750171' lat='3.1905' lon='101.610827' />
  <node id='11331681528' action='delete' timestamp='2023-11-07T19:07:05Z' uid='20026515' user='rayth' visible='true' version='1' changeset='143750171' lat='3.190778' lon='101.6103699' />
  <node id='11331681529' action='delete' timestamp='2023-11-07T19:07:05Z' uid='20026515' user='rayth' visible='true' version='1' changeset='143750171' lat='3.1909097' lon='101.6104526' />
  <node id='11331681530' action='delete' timestamp='2023-11-07T19:07:05Z' uid='20026515' user='rayth' visible='true' version='1' changeset='143750171' lat='3.1911098' lon='101.6112107' />
  <node id='11331681531' action='delete' timestamp='2023-11-07T19:07:05Z' uid='20026515' user='rayth' visible='true' version='1' changeset='143750171' lat='3.1909781' lon='101.611128' />
  <node id='11331681532' action='delete' timestamp='2023-11-07T19:07:05Z' uid='20026515' user='rayth' visible='true' version='1' changeset='143750171' lat='3.1912562' lon='101.6106709' />
  <node id='11331681533' action='delete' timestamp='2023-11-07T19:07:05Z' uid='20026515' user='rayth' visible='true' version='1' changeset='143750171' lat='3.1913879' lon='101.6107536' />
  <node id='11331681534' action='delete' timestamp='2023-11-07T19:07:05Z' uid='20026515' user='rayth' visible='true' version='1' changeset='143750171' lat='3.1913245' lon='101.6113339' />
  <node id='11331681535' action='delete' timestamp='2023-11-07T19:07:05Z' uid='20026515' user='rayth' visible='true' version='1' changeset='143750171' lat='3.1911928' lon='101.6112512' />
  <node id='11331681536' action='delete' timestamp='2023-11-07T19:07:05Z' uid='20026515' user='rayth' visible='true' version='1' changeset='143750171' lat='3.1914709' lon='101.6107941' />
  <node id='11331681537' action='delete' timestamp='2023-11-07T19:07:05Z' uid='20026515' user='rayth' visible='true' version='1' changeset='143750171' lat='3.1916026' lon='101.6108767' />
  <node id='11331681538' action='delete' timestamp='2023-11-07T19:07:05Z' uid='20026515' user='rayth' visible='true' version='1' changeset='143750171' lat='3.1916329' lon='101.61081' />
  <node id='11331681539' action='delete' timestamp='2023-11-07T19:07:05Z' uid='20026515' user='rayth' visible='true' version='1' changeset='143750171' lat='3.1915012' lon='101.6107273' />
  <node id='11331681540' action='delete' timestamp='2023-11-07T19:07:05Z' uid='20026515' user='rayth' visible='true' version='1' changeset='143750171' lat='3.1917793' lon='101.6102702' />
  <node id='11331681541' action='delete' timestamp='2023-11-07T19:07:05Z' uid='20026515' user='rayth' visible='true' version='1' changeset='143750171' lat='3.191911' lon='101.6103529' />
  <node id='11331681542' action='delete' timestamp='2023-11-07T19:07:05Z' uid='20026515' user='rayth' visible='true' version='1' changeset='143750171' lat='3.191467' lon='101.6106927' />
  <node id='11331681543' action='delete' timestamp='2023-11-07T19:07:05Z' uid='20026515' user='rayth' visible='true' version='1' changeset='143750171' lat='3.1913353' lon='101.61061' />
  <node id='11331681544' action='delete' timestamp='2023-11-07T19:07:05Z' uid='20026515' user='rayth' visible='true' version='1' changeset='143750171' lat='3.1916134' lon='101.6101529' />
  <node id='11331681545' action='delete' timestamp='2023-11-07T19:07:05Z' uid='20026515' user='rayth' visible='true' version='1' changeset='143750171' lat='3.1917451' lon='101.6102356' />
  <node id='11331681546' action='delete' timestamp='2023-11-07T19:07:05Z' uid='20026515' user='rayth' visible='true' version='1' changeset='143750171' lat='3.1907532' lon='101.610308' />
  <node id='11331681547' action='delete' timestamp='2023-11-07T19:07:05Z' uid='20026515' user='rayth' visible='true' version='1' changeset='143750171' lat='3.1912229' lon='101.6105951' />
  <node id='11331681548' action='delete' timestamp='2023-11-07T19:07:05Z' uid='20026515' user='rayth' visible='true' version='1' changeset='143750171' lat='3.1869582' lon='101.608086' />
  <node id='11331681550' action='delete' timestamp='2023-11-07T19:07:05Z' uid='20026515' user='rayth' visible='true' version='1' changeset='143750171' lat='3.1878986' lon='101.6086367' />
  <node id='11331681551' action='delete' timestamp='2023-11-07T19:07:05Z' uid='20026515' user='rayth' visible='true' version='1' changeset='143750171' lat='3.188372' lon='101.6089138' />
  <node id='11331681552' action='delete' timestamp='2023-11-07T19:07:05Z' uid='20026515' user='rayth' visible='true' version='1' changeset='143750171' lat='3.1888544' lon='101.6091963' />
  <node id='11331681553' action='delete' timestamp='2023-11-07T19:07:05Z' uid='20026515' user='rayth' visible='true' version='1' changeset='143750171' lat='3.1893279' lon='101.6094735' />
  <node id='11331681554' action='delete' timestamp='2023-11-07T19:07:05Z' uid='20026515' user='rayth' visible='true' version='1' changeset='143750171' lat='3.1898069' lon='101.6097539' />
  <node id='11331681555' action='delete' timestamp='2023-11-07T19:07:05Z' uid='20026515' user='rayth' visible='true' version='1' changeset='143750171' lat='3.1902888' lon='101.6100361' />
  <node id='11331681556' action='delete' timestamp='2023-11-07T19:07:05Z' uid='20026515' user='rayth' visible='true' version='1' changeset='143750171' lat='3.1919192' lon='101.6109674' />
  <node id='11331681557' action='delete' timestamp='2023-11-07T19:07:05Z' uid='20026515' user='rayth' visible='true' version='1' changeset='143750171' lat='3.1917875' lon='101.6108847' />
  <node id='11331681558' action='delete' timestamp='2023-11-07T19:07:05Z' uid='20026515' user='rayth' visible='true' version='1' changeset='143750171' lat='3.1920655' lon='101.6104276' />
  <node id='11331681559' action='delete' timestamp='2023-11-07T19:07:05Z' uid='20026515' user='rayth' visible='true' version='1' changeset='143750171' lat='3.1921972' lon='101.6105103' />
  <node id='11331681560' action='delete' timestamp='2023-11-07T19:07:05Z' uid='20026515' user='rayth' visible='true' version='1' changeset='143750171' lat='3.1921095' lon='101.6110746' />
  <node id='11331681561' action='delete' timestamp='2023-11-07T19:07:05Z' uid='20026515' user='rayth' visible='true' version='1' changeset='143750171' lat='3.1919778' lon='101.610992' />
  <node id='11331681562' action='delete' timestamp='2023-11-07T19:07:05Z' uid='20026515' user='rayth' visible='true' version='1' changeset='143750171' lat='3.1922559' lon='101.6105349' />
  <node id='11331681563' action='delete' timestamp='2023-11-07T19:07:05Z' uid='20026515' user='rayth' visible='true' version='1' changeset='143750171' lat='3.1923875' lon='101.6106175' />
  <node id='11331681564' action='delete' timestamp='2023-11-07T19:07:05Z' uid='20026515' user='rayth' visible='true' version='1' changeset='143750171' lat='3.1917794' lon='101.6116048' />
  <node id='11331681565' action='delete' timestamp='2023-11-07T19:07:05Z' uid='20026515' user='rayth' visible='true' version='1' changeset='143750171' lat='3.1916477' lon='101.6115221' />
  <node id='11331681566' action='delete' timestamp='2023-11-07T19:07:05Z' uid='20026515' user='rayth' visible='true' version='1' changeset='143750171' lat='3.1919258' lon='101.611065' />
  <node id='11331681567' action='delete' timestamp='2023-11-07T19:07:05Z' uid='20026515' user='rayth' visible='true' version='1' changeset='143750171' lat='3.1920574' lon='101.6111477' />
  <node id='11331681568' action='delete' timestamp='2023-11-07T19:07:05Z' uid='20026515' user='rayth' visible='true' version='1' changeset='143750171' lat='3.1915891' lon='101.6115006' />
  <node id='11331681569' action='delete' timestamp='2023-11-07T19:07:05Z' uid='20026515' user='rayth' visible='true' version='1' changeset='143750171' lat='3.1914574' lon='101.6114179' />
  <node id='11331681570' action='delete' timestamp='2023-11-07T19:07:05Z' uid='20026515' user='rayth' visible='true' version='1' changeset='143750171' lat='3.1917354' lon='101.6109608' />
  <node id='11331681571' action='delete' timestamp='2023-11-07T19:07:05Z' uid='20026515' user='rayth' visible='true' version='1' changeset='143750171' lat='3.1918671' lon='101.6110435' />
  <node id='11375968579' timestamp='2023-11-25T21:23:55Z' uid='20026515' user='rayth' visible='true' version='1' changeset='144454081' lat='3.1924564' lon='101.6173885' />
  <node id='11375968580' timestamp='2023-11-25T21:23:55Z' uid='20026515' user='rayth' visible='true' version='1' changeset='144454081' lat='3.1923311' lon='101.6173787' />
  <node id='11375968581' timestamp='2023-11-25T21:23:55Z' uid='20026515' user='rayth' visible='true' version='1' changeset='144454081' lat='3.192362' lon='101.6169794' />
  <node id='11375968582' timestamp='2023-11-25T21:23:55Z' uid='20026515' user='rayth' visible='true' version='1' changeset='144454081' lat='3.1912316' lon='101.6168917' />
  <node id='11375968583' timestamp='2023-11-25T21:23:55Z' uid='20026515' user='rayth' visible='true' version='1' changeset='144454081' lat='3.1912474' lon='101.6166866' />
  <node id='11375968584' timestamp='2023-11-25T21:23:55Z' uid='20026515' user='rayth' visible='true' version='1' changeset='144454081' lat='3.1924879' lon='101.6169828' />
  <node id='11375968585' timestamp='2023-11-25T21:23:55Z' uid='20026515' user='rayth' visible='true' version='1' changeset='144454081' lat='3.1912179' lon='101.6173447' />
  <node id='11375968586' timestamp='2023-11-25T21:23:55Z' uid='20026515' user='rayth' visible='true' version='1' changeset='144454081' lat='3.1917528' lon='101.6169321' />
  <node id='11375968587' timestamp='2023-11-25T21:23:55Z' uid='20026515' user='rayth' visible='true' version='1' changeset='144454081' lat='3.1917215' lon='101.6173601' />
  <node id='11375968588' timestamp='2023-11-25T21:23:55Z' uid='20026515' user='rayth' visible='true' version='1' changeset='144454081' lat='3.192493' lon='101.6169174'>
    <tag k='barrier' v='lift_gate' />
  </node>
  <node id='11425545659' timestamp='2026-03-25T11:21:54Z' uid='21901233' user='infrevdev' visible='true' version='2' changeset='180402341' lat='3.1924898' lon='101.6157108'>
    <tag k='bus' v='yes' />
    <tag k='highway' v='bus_stop' />
    <tag k='name' v='Sri Damansara Courts' />
    <tag k='name:en' v='Sri Damansara Courts' />
    <tag k='public_transport' v='platform' />
    <tag k='ref' v='PJ39' />
  </node>
  <node id='11425545660' action='delete' timestamp='2023-12-17T13:27:52Z' uid='20026515' user='rayth' visible='true' version='1' changeset='145215006' lat='3.1915853' lon='101.6135093'>
    <tag k='bus' v='yes' />
    <tag k='highway' v='bus_stop' />
    <tag k='name' v='Masjid Al-Mukarramah' />
    <tag k='public_transport' v='platform' />
    <tag k='ref' v='PJ40' />
  </node>
  <node id='11425545661' timestamp='2023-12-17T13:27:52Z' uid='20026515' user='rayth' visible='true' version='1' changeset='145215006' lat='3.1885301' lon='101.6116308'>
    <tag k='bus' v='yes' />
    <tag k='highway' v='bus_stop' />
    <tag k='name' v='Perumahan Saga SD 8' />
    <tag k='public_transport' v='platform' />
    <tag k='ref' v='PJ41' />
  </node>
  <node id='11425545662' action='delete' timestamp='2023-12-17T13:27:52Z' uid='20026515' user='rayth' visible='true' version='1' changeset='145215006' lat='3.1928186' lon='101.6106443'>
    <tag k='bus' v='yes' />
    <tag k='highway' v='bus_stop' />
    <tag k='name' v='Sri Bestari International School (Opp)' />
    <tag k='public_transport' v='platform' />
    <tag k='ref' v='PJ861' />
  </node>
  <node id='11498685763' action='delete' timestamp='2024-01-08T01:00:42Z' uid='3191182' user='angys' visible='true' version='1' changeset='146011031' lat='3.1973604' lon='101.6111586' />
  <node id='11498685764' action='delete' timestamp='2024-01-08T01:00:42Z' uid='3191182' user='angys' visible='true' version='1' changeset='146011031' lat='3.1971993' lon='101.6112605' />
  <node id='11498685765' action='delete' timestamp='2024-01-08T01:00:42Z' uid='3191182' user='angys' visible='true' version='1' changeset='146011031' lat='3.1971484' lon='101.6113341' />
  <node id='11498685766' action='delete' timestamp='2024-01-08T01:00:42Z' uid='3191182' user='angys' visible='true' version='1' changeset='146011031' lat='3.1971597' lon='101.6114332' />
  <node id='11498685767' action='delete' timestamp='2024-01-08T01:00:42Z' uid='3191182' user='angys' visible='true' version='1' changeset='146011031' lat='3.1971823' lon='101.6115493' />
  <node id='11498685768' action='delete' timestamp='2024-01-08T01:00:42Z' uid='3191182' user='angys' visible='true' version='1' changeset='146011031' lat='3.1976007' lon='101.6124865' />
  <node id='11498745269' action='delete' timestamp='2024-01-08T01:00:42Z' uid='3191182' user='angys' visible='true' version='1' changeset='146011031' lat='3.1976375' lon='101.6126175' />
  <node id='11498745270' action='delete' timestamp='2024-01-08T01:00:42Z' uid='3191182' user='angys' visible='true' version='1' changeset='146011031' lat='3.1976685' lon='101.6131151' />
  <node id='11498745271' action='delete' timestamp='2024-01-08T01:00:42Z' uid='3191182' user='angys' visible='true' version='1' changeset='146011031' lat='3.1976911' lon='101.6135341' />
  <node id='11498745272' action='delete' timestamp='2024-01-08T01:00:42Z' uid='3191182' user='angys' visible='true' version='1' changeset='146011031' lat='3.1976007' lon='101.6141372' />
  <node id='11498745273' action='delete' timestamp='2024-01-08T01:00:42Z' uid='3191182' user='angys' visible='true' version='1' changeset='146011031' lat='3.1972699' lon='101.6150602' />
  <node id='11498745274' action='delete' timestamp='2024-01-08T01:00:42Z' uid='3191182' user='angys' visible='true' version='1' changeset='146011031' lat='3.1969703' lon='101.6154538' />
  <node id='11498745275' action='delete' timestamp='2024-01-08T01:00:42Z' uid='3191182' user='angys' visible='true' version='1' changeset='146011031' lat='3.1967696' lon='101.6156463' />
  <node id='11498745276' timestamp='2024-01-08T01:00:42Z' uid='3191182' user='angys' visible='true' version='1' changeset='146011031' lat='3.1964218' lon='101.6159861' />
  <node id='11498745277' timestamp='2024-01-08T01:00:42Z' uid='3191182' user='angys' visible='true' version='1' changeset='146011031' lat='3.1958169' lon='101.6163287' />
  <node id='11498745278' timestamp='2024-01-08T01:00:42Z' uid='3191182' user='angys' visible='true' version='1' changeset='146011031' lat='3.1955229' lon='101.6164476' />
  <node id='11498745279' timestamp='2024-01-08T01:00:42Z' uid='3191182' user='angys' visible='true' version='1' changeset='146011031' lat='3.1949038' lon='101.6166826' />
  <node id='11498745280' timestamp='2024-01-08T01:00:42Z' uid='3191182' user='angys' visible='true' version='1' changeset='146011031' lat='3.1945504' lon='101.616776' />
  <node id='11498745281' timestamp='2024-01-08T01:00:42Z' uid='3191182' user='angys' visible='true' version='1' changeset='146011031' lat='3.1942875' lon='101.6168185' />
  <node id='11498745282' timestamp='2024-01-08T01:00:42Z' uid='3191182' user='angys' visible='true' version='1' changeset='146011031' lat='3.1936149' lon='101.6168978' />
  <node id='11498745283' timestamp='2024-01-08T01:00:42Z' uid='3191182' user='angys' visible='true' version='1' changeset='146011031' lat='3.1932048' lon='101.6169063' />
  <node id='11498745284' timestamp='2024-01-08T01:00:42Z' uid='3191182' user='angys' visible='true' version='1' changeset='146011031' lat='3.1926874' lon='101.6168864' />
  <node id='11498745285' action='delete' timestamp='2024-01-08T01:00:42Z' uid='3191182' user='angys' visible='true' version='1' changeset='146011031' lat='3.1972136' lon='101.6151343' />
  <node id='11498745286' action='delete' timestamp='2024-01-08T01:00:42Z' uid='3191182' user='angys' visible='true' version='1' changeset='146011031' lat='3.1971971' lon='101.6151558' />
  <node id='11498745287' action='delete' timestamp='2024-01-08T01:00:42Z' uid='3191182' user='angys' visible='true' version='1' changeset='146011031' lat='3.1969231' lon='101.615499' />
  <node id='11498745288' timestamp='2024-01-08T01:00:42Z' uid='3191182' user='angys' visible='true' version='1' changeset='146011031' lat='3.1953444' lon='101.6165153' />
  <node id='11498745289' timestamp='2024-01-08T01:00:42Z' uid='3191182' user='angys' visible='true' version='1' changeset='146011031' lat='3.1943364' lon='101.6168106' />
  <node id='11498745290' timestamp='2024-01-08T01:00:42Z' uid='3191182' user='angys' visible='true' version='1' changeset='146011031' lat='3.1944084' lon='101.616799' />
  <node id='11498745291' timestamp='2024-01-08T01:00:42Z' uid='3191182' user='angys' visible='true' version='1' changeset='146011031' lat='3.1937846' lon='101.6168778' />
  <node id='11538744990' timestamp='2024-01-22T02:34:37Z' uid='10892558' user='Djurgarden4' visible='true' version='1' changeset='146534197' lat='3.1939171' lon='101.6168622' />
  <node id='11584262512' timestamp='2024-02-04T14:20:16Z' uid='17227421' user='mataharimau' visible='true' version='1' changeset='147055697' lat='3.1901523' lon='101.6161591'>
    <tag k='name' v='PJU 9' />
    <tag k='name:en' v='PJU 9' />
    <tag k='name:ms' v='PJU 9' />
    <tag k='place' v='quarter' />
  </node>
  <node id='11625973750' timestamp='2024-02-15T06:45:04Z' uid='9658463' user='GrabMY_ainayusof' visible='true' version='2' changeset='147476359' lat='3.1912399' lon='101.6167842'>
    <tag k='barrier' v='lift_gate' />
  </node>
  <node id='11946871021' action='delete' timestamp='2024-05-31T05:38:07Z' uid='9940138' user='Zh9567' visible='true' version='1' changeset='152062492' lat='3.1941412' lon='101.6102959' />
  <node id='11946871022' action='delete' timestamp='2024-05-31T05:38:07Z' uid='9940138' user='Zh9567' visible='true' version='1' changeset='152062492' lat='3.1939729' lon='101.610196' />
  <node id='11946871023' action='delete' timestamp='2024-05-31T05:38:07Z' uid='9940138' user='Zh9567' visible='true' version='1' changeset='152062492' lat='3.1939361' lon='101.6098783' />
  <node id='11946871024' action='delete' timestamp='2024-05-31T05:38:07Z' uid='9940138' user='Zh9567' visible='true' version='1' changeset='152062492' lat='3.1937445' lon='101.6102016' />
  <node id='11946871025' action='delete' timestamp='2024-05-31T05:38:07Z' uid='9940138' user='Zh9567' visible='true' version='1' changeset='152062492' lat='3.1930175' lon='101.610427' />
  <node id='11946871026' action='delete' timestamp='2024-05-31T05:38:07Z' uid='9940138' user='Zh9567' visible='true' version='1' changeset='152062492' lat='3.1932048' lon='101.6101109' />
  <node id='11946871027' action='delete' timestamp='2024-05-31T05:38:07Z' uid='9940138' user='Zh9567' visible='true' version='1' changeset='152062492' lat='3.1931036' lon='101.6098861' />
  <node id='11946871028' action='delete' timestamp='2024-05-31T05:38:07Z' uid='9940138' user='Zh9567' visible='true' version='1' changeset='152062492' lat='3.1931954' lon='101.6099406' />
  <node id='11946871029' action='delete' timestamp='2024-05-31T05:38:07Z' uid='9940138' user='Zh9567' visible='true' version='1' changeset='152062492' lat='3.193224' lon='101.6098923' />
  <node id='11946871030' action='delete' timestamp='2024-05-31T05:38:07Z' uid='9940138' user='Zh9567' visible='true' version='1' changeset='152062492' lat='3.1942708' lon='101.6100772' />
  <node id='11946871031' action='delete' timestamp='2024-05-31T05:38:07Z' uid='9940138' user='Zh9567' visible='true' version='1' changeset='152062492' lat='3.1938101' lon='101.6104707' />
  <node id='11946871032' action='delete' timestamp='2024-05-31T05:38:07Z' uid='9940138' user='Zh9567' visible='true' version='1' changeset='152062492' lat='3.1928442' lon='101.610324' />
  <node id='12056376471' action='delete' timestamp='2024-07-16T01:37:15Z' uid='9658463' user='GrabMY_ainayusof' visible='true' version='1' changeset='153994331' lat='3.1921186' lon='101.6111423'>
    <tag k='access' v='no' />
    <tag k='barrier' v='gate' />
  </node>
  <node id='12096704817' action='delete' timestamp='2024-08-07T08:31:18Z' uid='9658463' user='GrabMY_ainayusof' visible='true' version='1' changeset='154923725' lat='3.1937152' lon='101.6145999' />
  <node id='12263169895' action='delete' timestamp='2024-10-18T17:16:42Z' uid='257555' user='rene78' visible='true' version='1' changeset='158060921' lat='3.1971768' lon='101.6152448' />
  <node id='12263210308' action='delete' timestamp='2024-10-18T17:16:42Z' uid='257555' user='rene78' visible='true' version='1' changeset='158060921' lat='3.1972813' lon='101.6159856' />
  <node id='12263210309' action='delete' timestamp='2024-10-18T17:16:42Z' uid='257555' user='rene78' visible='true' version='1' changeset='158060921' lat='3.1976632' lon='101.6156122' />
  <node id='12503933581' timestamp='2025-01-15T06:49:40Z' uid='9658463' user='GrabMY_ainayusof' visible='true' version='1' changeset='161368567' lat='3.1912242' lon='101.61312' />
  <node id='12503933582' timestamp='2025-01-15T06:49:40Z' uid='9658463' user='GrabMY_ainayusof' visible='true' version='1' changeset='161368567' lat='3.1912578' lon='101.6131814' />
  <node id='12503933583' timestamp='2025-01-15T06:49:40Z' uid='9658463' user='GrabMY_ainayusof' visible='true' version='1' changeset='161368567' lat='3.1912688' lon='101.6132269' />
  <node id='12503933584' timestamp='2025-01-15T06:49:40Z' uid='9658463' user='GrabMY_ainayusof' visible='true' version='1' changeset='161368567' lat='3.1912735' lon='101.6132628' />
  <node id='12503933585' timestamp='2025-01-15T06:49:40Z' uid='9658463' user='GrabMY_ainayusof' visible='true' version='1' changeset='161368567' lat='3.191331' lon='101.6132548' />
  <node id='12503933586' timestamp='2025-01-15T06:49:40Z' uid='9658463' user='GrabMY_ainayusof' visible='true' version='1' changeset='161368567' lat='3.1913879' lon='101.6132522' />
  <node id='12958903107' action='delete' timestamp='2025-06-28T07:17:35Z' uid='257555' user='rene78' visible='true' version='1' changeset='168215248' lat='3.1924942' lon='101.6149836'>
    <tag k='barrier' v='lift_gate' />
  </node>
  <node id='12958903108' action='delete' timestamp='2025-06-28T07:17:35Z' uid='257555' user='rene78' visible='true' version='1' changeset='168215248' lat='3.1922753' lon='101.6151171' />
  <node id='12958903109' action='delete' timestamp='2025-06-28T07:17:35Z' uid='257555' user='rene78' visible='true' version='1' changeset='168215248' lat='3.1922159' lon='101.6159385' />
  <node id='12958903110' action='delete' timestamp='2025-06-28T07:17:35Z' uid='257555' user='rene78' visible='true' version='1' changeset='168215248' lat='3.1919668' lon='101.6159204' />
  <node id='12958903111' action='delete' timestamp='2025-06-28T07:17:35Z' uid='257555' user='rene78' visible='true' version='1' changeset='168215248' lat='3.1920261' lon='101.6150991' />
  <node id='12958903112' action='delete' timestamp='2025-06-28T07:17:35Z' uid='257555' user='rene78' visible='true' version='1' changeset='168215248' lat='3.1922014' lon='101.6160951' />
  <node id='12958903113' action='delete' timestamp='2025-06-28T07:17:35Z' uid='257555' user='rene78' visible='true' version='1' changeset='168215248' lat='3.1913487' lon='101.6160392' />
  <node id='12958903114' action='delete' timestamp='2025-06-28T07:17:35Z' uid='257555' user='rene78' visible='true' version='1' changeset='168215248' lat='3.1913343' lon='101.6162587' />
  <node id='12958903115' action='delete' timestamp='2025-06-28T07:17:35Z' uid='257555' user='rene78' visible='true' version='1' changeset='168215248' lat='3.192187' lon='101.6163148' />
  <node id='12958903116' action='delete' timestamp='2025-06-28T07:17:35Z' uid='257555' user='rene78' visible='true' version='1' changeset='168215248' lat='3.1912308' lon='101.6157482' />
  <node id='12958903117' action='delete' timestamp='2025-06-28T07:17:35Z' uid='257555' user='rene78' visible='true' version='1' changeset='168215248' lat='3.1912143' lon='101.6162279' />
  <node id='12958903118' action='delete' timestamp='2025-06-28T07:17:35Z' uid='257555' user='rene78' visible='true' version='1' changeset='168215248' lat='3.1910055' lon='101.6162206' />
  <node id='12958903119' action='delete' timestamp='2025-06-28T07:17:35Z' uid='257555' user='rene78' visible='true' version='1' changeset='168215248' lat='3.1910221' lon='101.6157409' />
  <node id='12958903120' action='delete' timestamp='2025-06-28T07:17:35Z' uid='257555' user='rene78' visible='true' version='1' changeset='168215248' lat='3.191514' lon='101.6156962' />
  <node id='12958903121' action='delete' timestamp='2025-06-28T07:17:35Z' uid='257555' user='rene78' visible='true' version='1' changeset='168215248' lat='3.1918896' lon='101.6154284' />
  <node id='12958903122' action='delete' timestamp='2025-06-28T07:17:35Z' uid='257555' user='rene78' visible='true' version='1' changeset='168215248' lat='3.191953' lon='101.6155176' />
  <node id='12958903123' action='delete' timestamp='2025-06-28T07:17:35Z' uid='257555' user='rene78' visible='true' version='1' changeset='168215248' lat='3.1915775' lon='101.6157855' />
  <node id='12958903124' action='delete' timestamp='2025-06-28T07:17:35Z' uid='257555' user='rene78' visible='true' version='1' changeset='168215248' lat='3.1917885' lon='101.615746' />
  <node id='12958903125' action='delete' timestamp='2025-06-28T07:17:35Z' uid='257555' user='rene78' visible='true' version='1' changeset='168215248' lat='3.1917034' lon='101.615805' />
  <node id='12958903126' action='delete' timestamp='2025-06-28T07:17:35Z' uid='257555' user='rene78' visible='true' version='1' changeset='168215248' lat='3.1917507' lon='101.6158734' />
  <node id='12958903127' action='delete' timestamp='2025-06-28T07:17:35Z' uid='257555' user='rene78' visible='true' version='1' changeset='168215248' lat='3.1918358' lon='101.6158144' />
  <node id='13003868209' action='delete' timestamp='2025-07-16T08:48:33Z' uid='257555' user='rene78' visible='true' version='1' changeset='169001647' lat='3.1907767' lon='101.611332' />
  <node id='13003868210' action='delete' timestamp='2025-07-16T08:48:33Z' uid='257555' user='rene78' visible='true' version='1' changeset='169001647' lat='3.1908773' lon='101.611175' />
  <node id='13003868211' action='delete' timestamp='2025-07-16T08:48:33Z' uid='257555' user='rene78' visible='true' version='1' changeset='169001647' lat='3.1908509' lon='101.6112161' />
  <node id='13003868212' action='delete' timestamp='2025-07-16T08:48:33Z' uid='257555' user='rene78' visible='true' version='1' changeset='169001647' lat='3.1908248' lon='101.6111825' />
  <node id='13003868213' action='delete' timestamp='2025-07-16T08:48:33Z' uid='257555' user='rene78' visible='true' version='1' changeset='169001647' lat='3.190775' lon='101.6111503' />
  <node id='13003868214' action='delete' timestamp='2025-07-16T08:48:33Z' uid='257555' user='rene78' visible='true' version='1' changeset='169001647' lat='3.1906045' lon='101.6111252' />
  <node id='13003868215' action='delete' timestamp='2025-07-16T08:48:33Z' uid='257555' user='rene78' visible='true' version='1' changeset='169001647' lat='3.1904161' lon='101.611064' />
  <node id='13003868216' action='delete' timestamp='2025-07-16T08:48:33Z' uid='257555' user='rene78' visible='true' version='1' changeset='169001647' lat='3.1899253' lon='101.6107249' />
  <node id='13003868217' action='delete' timestamp='2025-07-16T08:48:33Z' uid='257555' user='rene78' visible='true' version='1' changeset='169001647' lat='3.1909164' lon='101.6112602' />
  <node id='13003868218' action='delete' timestamp='2025-07-16T08:48:33Z' uid='257555' user='rene78' visible='true' version='1' changeset='169001647' lat='3.1893447' lon='101.6104181' />
  <node id='13003868219' action='delete' timestamp='2025-07-16T08:48:33Z' uid='257555' user='rene78' visible='true' version='1' changeset='169001647' lat='3.1891439' lon='101.6103033' />
  <node id='13003868220' action='delete' timestamp='2025-07-16T08:48:33Z' uid='257555' user='rene78' visible='true' version='1' changeset='169001647' lat='3.1889857' lon='101.6100887' />
  <node id='13003868221' action='delete' timestamp='2025-07-16T08:48:33Z' uid='257555' user='rene78' visible='true' version='1' changeset='169001647' lat='3.18883' lon='101.6100055' />
  <node id='13003868222' action='delete' timestamp='2025-07-16T08:48:33Z' uid='257555' user='rene78' visible='true' version='1' changeset='169001647' lat='3.1886' lon='101.6099438' />
  <node id='13003868223' action='delete' timestamp='2025-07-16T08:48:33Z' uid='257555' user='rene78' visible='true' version='1' changeset='169001647' lat='3.1883091' lon='101.6098372' />
  <node id='13003868224' action='delete' timestamp='2025-07-16T08:48:33Z' uid='257555' user='rene78' visible='true' version='1' changeset='169001647' lat='3.1865741' lon='101.6087838' />
  <node id='13003868225' action='delete' timestamp='2025-07-16T08:48:33Z' uid='257555' user='rene78' visible='true' version='1' changeset='169001647' lat='3.1869941' lon='101.6090247' />
  <node id='13003868228' action='delete' timestamp='2025-07-16T08:48:33Z' uid='257555' user='rene78' visible='true' version='1' changeset='169001647' lat='3.1860681' lon='101.6083989' />
  <node id='13003868229' action='delete' timestamp='2025-07-16T08:48:33Z' uid='257555' user='rene78' visible='true' version='1' changeset='169001647' lat='3.186455' lon='101.608667' />
  <node id='13003868230' action='delete' timestamp='2025-07-16T08:48:33Z' uid='257555' user='rene78' visible='true' version='1' changeset='169001647' lat='3.186396' lon='101.6085446' />
  <node id='13003868231' action='delete' timestamp='2025-07-16T08:48:33Z' uid='257555' user='rene78' visible='true' version='1' changeset='169001647' lat='3.1855968' lon='101.608068' />
  <node id='13003868260' action='delete' timestamp='2025-07-16T08:48:33Z' uid='257555' user='rene78' visible='true' version='1' changeset='169001647' lat='3.1914976' lon='101.6119244' />
  <node id='13003868261' action='delete' timestamp='2025-07-16T08:48:33Z' uid='257555' user='rene78' visible='true' version='1' changeset='169001647' lat='3.1914664' lon='101.6119866' />
  <node id='13003868262' action='delete' timestamp='2025-07-16T08:48:33Z' uid='257555' user='rene78' visible='true' version='1' changeset='169001647' lat='3.1915189' lon='101.612013' />
  <node id='13003868263' action='delete' timestamp='2025-07-16T08:48:33Z' uid='257555' user='rene78' visible='true' version='1' changeset='169001647' lat='3.19155' lon='101.6119508' />
  <node id='13003868264' action='delete' timestamp='2025-07-16T08:48:33Z' uid='257555' user='rene78' visible='true' version='1' changeset='169001647' lat='3.1914267' lon='101.6118568' />
  <node id='13003868265' action='delete' timestamp='2025-07-16T08:48:33Z' uid='257555' user='rene78' visible='true' version='1' changeset='169001647' lat='3.1913731' lon='101.6119555' />
  <node id='13003868266' action='delete' timestamp='2025-07-16T08:48:33Z' uid='257555' user='rene78' visible='true' version='1' changeset='169001647' lat='3.1915681' lon='101.6120617' />
  <node id='13003868267' action='delete' timestamp='2025-07-16T08:48:33Z' uid='257555' user='rene78' visible='true' version='1' changeset='169001647' lat='3.1916217' lon='101.611963' />
  <node id='13003868268' action='delete' timestamp='2025-07-16T08:48:33Z' uid='257555' user='rene78' visible='true' version='1' changeset='169001647' lat='3.1916311' lon='101.611935'>
    <tag k='barrier' v='lift_gate' />
    <tag k='bicycle' v='yes' />
    <tag k='foot' v='yes' />
    <tag k='motor_vehicle' v='private' />
  </node>
  <node id='13003868269' action='delete' timestamp='2025-07-16T08:48:33Z' uid='257555' user='rene78' visible='true' version='1' changeset='169001647' lat='3.191703' lon='101.6128303' />
  <node id='13003868270' action='delete' timestamp='2025-07-16T08:48:33Z' uid='257555' user='rene78' visible='true' version='1' changeset='169001647' lat='3.1917184' lon='101.6132058' />
  <node id='13003868271' action='delete' timestamp='2025-07-16T08:48:33Z' uid='257555' user='rene78' visible='true' version='1' changeset='169001647' lat='3.191785' lon='101.6132109'>
    <tag k='fixme' v='continue' />
  </node>
  <node id='13003868272' action='delete' timestamp='2025-07-16T08:48:33Z' uid='257555' user='rene78' visible='true' version='1' changeset='169001647' lat='3.1913877' lon='101.6128337' />
  <node id='13003868273' action='delete' timestamp='2025-07-16T08:48:33Z' uid='257555' user='rene78' visible='true' version='1' changeset='169001647' lat='3.1918151' lon='101.6120641' />
  <node id='13003868274' action='delete' timestamp='2025-07-16T08:48:33Z' uid='257555' user='rene78' visible='true' version='1' changeset='169001647' lat='3.1912961' lon='101.6129697' />
  <node id='13003868275' action='delete' timestamp='2025-07-16T08:48:33Z' uid='257555' user='rene78' visible='true' version='1' changeset='169001647' lat='3.1915172' lon='101.6131067' />
  <node id='13003868276' action='delete' timestamp='2025-07-16T08:48:33Z' uid='257555' user='rene78' visible='true' version='1' changeset='169001647' lat='3.192055' lon='101.6121944' />
  <node id='13003868277' action='delete' timestamp='2025-07-16T08:48:33Z' uid='257555' user='rene78' visible='true' version='1' changeset='169001647' lat='3.1926602' lon='101.6106758' />
  <node id='13003868278' action='delete' timestamp='2025-07-16T08:48:33Z' uid='257555' user='rene78' visible='true' version='1' changeset='169001647' lat='3.1922785' lon='101.611289' />
  <node id='13003868279' action='delete' timestamp='2025-07-16T08:48:33Z' uid='257555' user='rene78' visible='true' version='1' changeset='169001647' lat='3.1928434' lon='101.6116199' />
  <node id='13003868280' action='delete' timestamp='2025-07-16T08:48:33Z' uid='257555' user='rene78' visible='true' version='1' changeset='169001647' lat='3.1932137' lon='101.6109823' />
  <node id='13677549891' timestamp='2026-03-25T11:21:54Z' uid='21901233' user='infrevdev' visible='true' version='1' changeset='180402341' lat='3.192552' lon='101.6157105'>
    <tag k='bus' v='yes' />
    <tag k='name' v='Sri Damansara Courts' />
    <tag k='name:en' v='Sri Damansara Courts' />
    <tag k='public_transport' v='stop_position' />
    <tag k='ref' v='PJ39' />
  </node>
  <node id='13695907528' action='delete' timestamp='2026-03-31T18:07:48Z' uid='22951876' user='MolopoRiver' visible='true' version='1' changeset='180686598' lat='3.191252' lon='101.6155467' />
  <node id='13695907529' action='delete' timestamp='2026-03-31T18:07:48Z' uid='22951876' user='MolopoRiver' visible='true' version='1' changeset='180686598' lat='3.1912744' lon='101.6156092' />
  <node id='13695907530' action='delete' timestamp='2026-03-31T18:07:48Z' uid='22951876' user='MolopoRiver' visible='true' version='1' changeset='180686598' lat='3.1912972' lon='101.6156347' />
  <node id='13695907531' action='delete' timestamp='2026-03-31T18:07:48Z' uid='22951876' user='MolopoRiver' visible='true' version='1' changeset='180686598' lat='3.1913293' lon='101.6156481' />
  <node id='13695907532' action='delete' timestamp='2026-03-31T18:07:48Z' uid='22951876' user='MolopoRiver' visible='true' version='1' changeset='180686598' lat='3.1914156' lon='101.6156603' />
  <node id='13695907533' action='delete' timestamp='2026-03-31T18:07:48Z' uid='22951876' user='MolopoRiver' visible='true' version='1' changeset='180686598' lat='3.1919105' lon='101.6160156' />
  <node id='13695907534' action='delete' timestamp='2026-03-31T18:07:48Z' uid='22951876' user='MolopoRiver' visible='true' version='1' changeset='180686598' lat='3.1922278' lon='101.6160344' />
  <node id='13695907535' action='delete' timestamp='2026-03-31T18:07:48Z' uid='22951876' user='MolopoRiver' visible='true' version='1' changeset='180686598' lat='3.192268' lon='101.6160317' />
  <node id='13695907536' action='delete' timestamp='2026-03-31T18:07:48Z' uid='22951876' user='MolopoRiver' visible='true' version='1' changeset='180686598' lat='3.1923574' lon='101.6159943' />
  <node id='13791659452' timestamp='2026-05-03T20:07:21Z' uid='3191182' user='angys' visible='true' version='1' changeset='182177084' lat='3.1944408' lon='101.6167938' />
  <node id='13791659456' timestamp='2026-05-03T20:07:21Z' uid='3191182' user='angys' visible='true' version='1' changeset='182177084' lat='3.1923921' lon='101.6168643' />
  <node id='13791659457' timestamp='2026-05-03T20:07:21Z' uid='3191182' user='angys' visible='true' version='1' changeset='182177084' lat='3.1911294' lon='101.6167188' />
  <node id='13791659458' timestamp='2026-05-03T20:07:21Z' uid='3191182' user='angys' visible='true' version='1' changeset='182177084' lat='3.1912439' lon='101.616732' />
  <node id='13791659459' timestamp='2026-05-03T20:07:21Z' uid='3191182' user='angys' visible='true' version='1' changeset='182177084' lat='3.1924965' lon='101.6168721' />
  <node id='13871464214' timestamp='2026-05-24T08:50:27Z' uid='3191182' user='angys' visible='true' version='1' changeset='183097100' lat='3.1866438' lon='101.6151149'>
    <tag k='amenity' v='cafe' />
    <tag k='brand' v='Mixue Ice Cream &amp; Tea' />
    <tag k='brand:wikidata' v='Q107406476' />
    <tag k='cuisine' v='ice_cream;bubble_tea' />
    <tag k='name' v='Mixue' />
    <tag k='takeaway' v='yes' />
  </node>
  <node id='13871464215' timestamp='2026-05-24T08:50:27Z' uid='3191182' user='angys' visible='true' version='1' changeset='183097100' lat='3.1864961' lon='101.6149953'>
    <tag k='brand' v='7-Eleven' />
    <tag k='brand:wikidata' v='Q259340' />
    <tag k='name' v='7-Eleven' />
    <tag k='shop' v='convenience' />
  </node>
  <node id='13871464216' action='delete' timestamp='2026-05-24T08:50:27Z' uid='3191182' user='angys' visible='true' version='1' changeset='183097100' lat='3.1860999' lon='101.6147026'>
    <tag k='brand' v='99 Speedmart' />
    <tag k='brand:wikidata' v='Q62075061' />
    <tag k='name' v='99 Speedmart' />
    <tag k='shop' v='supermarket' />
  </node>
  <node id='13946726031' timestamp='2026-06-17T03:46:32Z' uid='24218636' user='Kok Yuan Ting' visible='true' version='1' changeset='184206959' lat='3.1846053' lon='101.6113491' />
  <node id='13946726032' timestamp='2026-06-17T03:46:32Z' uid='24218636' user='Kok Yuan Ting' visible='true' version='1' changeset='184206959' lat='3.1846171' lon='101.6111253' />
  <node id='13946726033' timestamp='2026-06-17T03:46:32Z' uid='24218636' user='Kok Yuan Ting' visible='true' version='1' changeset='184206959' lat='3.1845838' lon='101.6110672' />
  <node id='13946726034' timestamp='2026-06-17T03:46:32Z' uid='24218636' user='Kok Yuan Ting' visible='true' version='1' changeset='184206959' lat='3.1845473' lon='101.6109913' />
  <node id='13946726035' timestamp='2026-06-17T03:46:32Z' uid='24218636' user='Kok Yuan Ting' visible='true' version='1' changeset='184206959' lat='3.1846164' lon='101.6112508' />
  <node id='13946726036' timestamp='2026-06-17T03:46:32Z' uid='24218636' user='Kok Yuan Ting' visible='true' version='1' changeset='184206959' lat='3.1846284' lon='101.6112004' />
  <node id='13946932620' action='delete' timestamp='2026-06-17T05:57:33Z' uid='20144444' user='MappingMore' visible='true' version='1' changeset='184209595' lat='3.1874025' lon='101.6083634' />
  <way id='38951183' action='delete' timestamp='2021-12-20T12:17:42Z' uid='10353513' user='EmbarcaderoPier' visible='true' version='10' changeset='115164064'>
    <tag k='highway' v='residential' />
    <tag k='name' v='Jalan Kenanga SD 9/7' />
    <tag k='oneway' v='yes' />
  </way>
  <way id='39614438' action='delete' timestamp='2023-10-19T04:26:47Z' uid='9658463' user='GrabMY_ainayusof' visible='true' version='9' changeset='142792196'>
    <tag k='highway' v='residential' />
    <tag k='name' v='Jalan Kiara SD 11/1' />
    <tag k='surface' v='asphalt' />
  </way>
  <way id='39616769' action='delete' timestamp='2022-10-25T10:07:44Z' uid='17484044' user='Wilton Lee' visible='true' version='9' changeset='128031953'>
    <tag k='highway' v='residential' />
    <tag k='name' v='Jalan Kenanga SD 9/6' />
    <tag k='oneway' v='yes' />
  </way>
  <way id='39617908' timestamp='2025-08-19T16:56:25Z' uid='22220231' user='HaweaLake' visible='true' version='8' changeset='170681612'>
    <nd ref='474924605' />
    <nd ref='1927184854' />
    <tag k='highway' v='residential' />
    <tag k='name' v='Jalan Saga SD 8/6' />
    <tag k='surface' v='asphalt' />
  </way>
  <way id='39618724' action='delete' timestamp='2021-04-15T11:26:49Z' uid='11516262' user='chi_lam' visible='true' version='7' changeset='102991057'>
    <tag k='highway' v='residential' />
    <tag k='name' v='Jalan Kenanga SD 9/8' />
  </way>
  <way id='39619063' timestamp='2020-02-28T20:07:07Z' uid='9965337' user='ReedtheRiver' visible='true' version='11' changeset='81605632'>
    <nd ref='1927184814' />
    <nd ref='474928793' />
    <tag k='highway' v='tertiary' />
    <tag k='lanes' v='2' />
    <tag k='name' v='Persiaran Meranti' />
    <tag k='oneway' v='yes' />
    <tag k='surface' v='asphalt' />
    <tag k='turn:lanes' v='right|right' />
  </way>
  <way id='39620642' timestamp='2020-03-02T19:57:09Z' uid='4240913' user='Corban8' visible='true' version='14' changeset='81696461'>
    <nd ref='7241032487' />
    <nd ref='7241032485' />
    <nd ref='7241032486' />
    <nd ref='474922037' />
    <tag k='highway' v='tertiary' />
    <tag k='lanes' v='1' />
    <tag k='name' v='Persiaran Kenanga' />
    <tag k='oneway' v='yes' />
    <tag k='surface' v='asphalt' />
  </way>
  <way id='39620647' action='delete' timestamp='2025-07-16T08:48:33Z' uid='257555' user='rene78' visible='true' version='13' changeset='169001647'>
    <tag k='highway' v='residential' />
    <tag k='name' v='Jalan Kenanga SD 9/5' />
  </way>
  <way id='106667716' action='delete' timestamp='2022-10-25T09:02:28Z' uid='17484044' user='Wilton Lee' visible='true' version='7' changeset='128029391'>
    <tag k='highway' v='residential' />
    <tag k='name' v='Jalan Kenanga SD 9/9' />
    <tag k='oneway' v='yes' />
  </way>
  <way id='107901902' action='delete' timestamp='2011-04-09T20:19:19Z' uid='69321' user='dotsha' visible='true' version='1' changeset='7817018'>
    <tag k='highway' v='residential' />
    <tag k='name' v='Jalan SD 9/5F' />
  </way>
  <way id='107901904' action='delete' timestamp='2011-04-09T20:19:19Z' uid='69321' user='dotsha' visible='true' version='1' changeset='7817018'>
    <tag k='highway' v='residential' />
    <tag k='name' v='Jalan SD 9/5E' />
  </way>
  <way id='107901905' action='delete' timestamp='2023-11-07T19:07:05Z' uid='20026515' user='rayth' visible='true' version='2' changeset='143750171'>
    <tag k='highway' v='residential' />
    <tag k='name' v='Jalan SD 9/5H' />
  </way>
  <way id='107901906' action='delete' timestamp='2011-04-09T20:19:20Z' uid='69321' user='dotsha' visible='true' version='1' changeset='7817018'>
    <tag k='highway' v='residential' />
    <tag k='name' v='Jalan SD 9/5B' />
  </way>
  <way id='107901907' action='delete' timestamp='2011-04-09T20:19:20Z' uid='69321' user='dotsha' visible='true' version='1' changeset='7817018'>
    <tag k='highway' v='residential' />
    <tag k='name' v='Jalan SD 9/5D' />
  </way>
  <way id='107901908' action='delete' timestamp='2023-11-07T19:07:05Z' uid='20026515' user='rayth' visible='true' version='3' changeset='143750171'>
    <tag k='highway' v='residential' />
    <tag k='name' v='Jalan SD 9/5J' />
  </way>
  <way id='107901910' action='delete' timestamp='2022-05-31T07:44:33Z' uid='16152454' user='fairuzdalila' visible='true' version='2' changeset='121752781'>
    <tag k='highway' v='residential' />
    <tag k='name' v='Jalan SD 9/4' />
  </way>
  <way id='107901913' action='delete' timestamp='2011-04-09T20:19:21Z' uid='69321' user='dotsha' visible='true' version='1' changeset='7817018'>
    <tag k='highway' v='residential' />
    <tag k='name' v='Jalan SD 9/5G' />
  </way>
  <way id='107901915' action='delete' timestamp='2011-04-09T20:19:21Z' uid='69321' user='dotsha' visible='true' version='1' changeset='7817018'>
    <tag k='highway' v='residential' />
    <tag k='name' v='Jalan SD 9/5C' />
  </way>
  <way id='107901916' action='delete' timestamp='2025-07-16T08:48:33Z' uid='257555' user='rene78' visible='true' version='4' changeset='169001647'>
    <tag k='highway' v='residential' />
  </way>
  <way id='107901917' action='delete' timestamp='2025-01-15T06:49:40Z' uid='9658463' user='GrabMY_ainayusof' visible='true' version='3' changeset='161368567'>
    <tag k='highway' v='residential' />
    <tag k='name' v='Jalan SD 9/5A' />
  </way>
  <way id='107903304' action='delete' timestamp='2025-07-16T08:48:33Z' uid='257555' user='rene78' visible='true' version='5' changeset='169001647'>
    <tag k='building' v='water_tank' />
    <tag k='man_made' v='reservoir_covered' />
  </way>
  <way id='107903305' action='delete' timestamp='2025-10-04T13:53:04Z' uid='12500589' user='tg4567' visible='true' version='9' changeset='172831964'>
    <tag k='amenity' v='place_of_worship' />
    <tag k='building' v='yes' />
    <tag k='building:levels' v='2' />
    <tag k='denomination' v='sunni' />
    <tag k='name' v='Masjid Al-Mukarramah' />
    <tag k='religion' v='muslim' />
    <tag k='wikidata' v='Q20457481' />
    <tag k='wikipedia' v='ms:Masjid Al-Mukarramah' />
  </way>
  <way id='107906770' action='delete' timestamp='2025-08-19T16:56:25Z' uid='22220231' user='HaweaLake' visible='true' version='2' changeset='170681612'>
    <tag k='access' v='private' />
    <tag k='highway' v='residential' />
    <tag k='name' v='Jalan Saga SD 8/2A' />
  </way>
  <way id='107906771' action='delete' timestamp='2025-08-19T16:56:25Z' uid='22220231' user='HaweaLake' visible='true' version='2' changeset='170681612'>
    <tag k='access' v='private' />
    <tag k='highway' v='residential' />
    <tag k='name' v='Jalan Saga SD 8/2B' />
  </way>
  <way id='107906772' action='delete' timestamp='2025-08-19T16:56:25Z' uid='22220231' user='HaweaLake' visible='true' version='3' changeset='170681612'>
    <tag k='access' v='private' />
    <tag k='highway' v='residential' />
    <tag k='name' v='Jalan Saga 8/5F' />
    <tag k='surface' v='asphalt' />
  </way>
  <way id='107906773' action='delete' timestamp='2025-08-19T16:56:25Z' uid='22220231' user='HaweaLake' visible='true' version='2' changeset='170681612'>
    <tag k='access' v='private' />
    <tag k='highway' v='residential' />
    <tag k='name' v='Jalan Saga SD 8/2D' />
  </way>
  <way id='107906774' action='delete' timestamp='2011-04-09T21:13:00Z' uid='69321' user='dotsha' visible='true' version='1' changeset='7817587'>
    <tag k='highway' v='residential' />
    <tag k='name' v='Jalan SD 8/1A' />
  </way>
  <way id='107906775' action='delete' timestamp='2025-08-19T16:56:25Z' uid='22220231' user='HaweaLake' visible='true' version='3' changeset='170681612'>
    <tag k='access' v='private' />
    <tag k='highway' v='service' />
    <tag k='service' v='alley' />
  </way>
  <way id='107906777' action='delete' timestamp='2026-03-25T11:21:54Z' uid='21901233' user='infrevdev' visible='true' version='4' changeset='180402341'>
    <tag k='addr:city' v='Bandar Sri Damansara' />
    <tag k='addr:postcode' v='52200' />
    <tag k='addr:street' v='Jalan Kenanga SD 9/9' />
    <tag k='leisure' v='park' />
    <tag k='name' v='Taman SD9/9' />
    <tag k='name:en' v='SD9/9 Park' />
    <tag k='name:ms' v='Taman SD9/9' />
    <tag k='opening_hours' v='24/7' />
  </way>
  <way id='107906778' action='delete' timestamp='2025-08-19T16:56:25Z' uid='22220231' user='HaweaLake' visible='true' version='4' changeset='170681612'>
    <tag k='access' v='private' />
    <tag k='highway' v='service' />
    <tag k='oneway' v='yes' />
    <tag k='service' v='alley' />
  </way>
  <way id='107906779' timestamp='2011-04-09T21:13:01Z' uid='69321' user='dotsha' visible='true' version='1' changeset='7817587'>
    <nd ref='1239242600' />
    <nd ref='1239242620' />
    <nd ref='1239242664' />
    <nd ref='1239242623' />
    <nd ref='1239242655' />
    <nd ref='1239242587' />
    <nd ref='1239242681' />
    <nd ref='1239242686' />
    <nd ref='1239242659' />
    <nd ref='1239242646' />
    <nd ref='1239242671' />
    <nd ref='1239242617' />
    <nd ref='1239242583' />
    <nd ref='1239242636' />
    <nd ref='1239242600' />
    <tag k='natural' v='wood' />
  </way>
  <way id='107906780' action='delete' timestamp='2011-04-09T21:13:01Z' uid='69321' user='dotsha' visible='true' version='1' changeset='7817587'>
    <tag k='highway' v='residential' />
    <tag k='name' v='Jalan SD 8/1C' />
  </way>
  <way id='107906781' action='delete' timestamp='2022-09-29T02:47:17Z' uid='17196702' user='sharafuddin kaus' visible='true' version='4' changeset='126759858'>
    <tag k='natural' v='wood' />
  </way>
  <way id='107906782' action='delete' timestamp='2020-01-23T09:24:58Z' uid='7674729' user='UncoolGuyJake' visible='true' version='3' changeset='79965070'>
    <tag k='highway' v='service' />
    <tag k='service' v='alley' />
  </way>
  <way id='107906783' action='delete' timestamp='2025-08-19T16:56:25Z' uid='22220231' user='HaweaLake' visible='true' version='3' changeset='170681612'>
    <tag k='access' v='private' />
    <tag k='highway' v='residential' />
    <tag k='name' v='Jalan Saga 8/5C' />
    <tag k='surface' v='asphalt' />
  </way>
  <way id='107906784' action='delete' timestamp='2025-08-19T16:56:25Z' uid='22220231' user='HaweaLake' visible='true' version='3' changeset='170681612'>
    <tag k='access' v='private' />
    <tag k='highway' v='service' />
    <tag k='service' v='alley' />
  </way>
  <way id='107906785' action='delete' timestamp='2025-08-19T16:56:25Z' uid='22220231' user='HaweaLake' visible='true' version='3' changeset='170681612'>
    <tag k='access' v='private' />
    <tag k='highway' v='residential' />
    <tag k='name' v='Jalan Saga 8/5E' />
    <tag k='surface' v='asphalt' />
  </way>
  <way id='107906786' action='delete' timestamp='2025-08-19T16:56:25Z' uid='22220231' user='HaweaLake' visible='true' version='2' changeset='170681612'>
    <tag k='access' v='private' />
    <tag k='highway' v='residential' />
    <tag k='name' v='Jalan Saga SD 8/2C' />
  </way>
  <way id='107906787' action='delete' timestamp='2011-04-09T21:13:02Z' uid='69321' user='dotsha' visible='true' version='1' changeset='7817587'>
    <tag k='leisure' v='park' />
  </way>
  <way id='107906788' action='delete' timestamp='2011-04-09T21:13:02Z' uid='69321' user='dotsha' visible='true' version='1' changeset='7817587'>
    <tag k='highway' v='residential' />
    <tag k='name' v='Jalan SD 8/1B' />
  </way>
  <way id='107906789' action='delete' timestamp='2025-08-19T16:56:25Z' uid='22220231' user='HaweaLake' visible='true' version='3' changeset='170681612'>
    <tag k='access' v='private' />
    <tag k='highway' v='residential' />
    <tag k='name' v='Jalan Saga 8/5A' />
    <tag k='surface' v='asphalt' />
  </way>
  <way id='107906790' action='delete' timestamp='2025-08-19T16:56:25Z' uid='22220231' user='HaweaLake' visible='true' version='2' changeset='170681612'>
    <tag k='access' v='private' />
    <tag k='highway' v='residential' />
    <tag k='name' v='Jalan Saga SD 8/2F' />
  </way>
  <way id='107906791' action='delete' timestamp='2025-08-19T16:56:25Z' uid='22220231' user='HaweaLake' visible='true' version='3' changeset='170681612'>
    <tag k='access' v='private' />
    <tag k='highway' v='residential' />
    <tag k='name' v='Jalan Saga 8/5B' />
    <tag k='surface' v='asphalt' />
  </way>
  <way id='107906792' action='delete' timestamp='2025-08-19T16:56:25Z' uid='22220231' user='HaweaLake' visible='true' version='3' changeset='170681612'>
    <tag k='access' v='private' />
    <tag k='highway' v='service' />
    <tag k='service' v='alley' />
  </way>
  <way id='107906793' action='modify' timestamp='2025-01-15T06:49:40Z' uid='9658463' user='GrabMY_ainayusof' visible='true' version='3' changeset='161368567'>
    <nd ref='12503933584' />
    <nd ref='1239242569' />
    <tag k='highway' v='residential' />
    <tag k='name' v='Jalan Saga SD 8/1' />
    <tag k='surface' v='asphalt' />
  </way>
  <way id='107906794' action='delete' timestamp='2011-07-21T18:04:09Z' uid='336460' user='robgeb' visible='true' version='2' changeset='8791002'>
    <tag k='highway' v='service' />
  </way>
  <way id='107906795' action='delete' timestamp='2026-03-25T11:21:54Z' uid='21901233' user='infrevdev' visible='true' version='5' changeset='180402341'>
    <tag k='alt_name' v='Seri Damansara Court' />
    <tag k='alt_name:en' v='Seri Damansara Court' />
    <tag k='landuse' v='residential' />
    <tag k='name' v='Sri Damansara Court' />
    <tag k='name:en' v='Sri Damansara Court' />
    <tag k='residential' v='apartments' />
  </way>
  <way id='107906796' action='delete' timestamp='2025-08-19T16:56:25Z' uid='22220231' user='HaweaLake' visible='true' version='2' changeset='170681612'>
    <tag k='access' v='private' />
    <tag k='highway' v='residential' />
    <tag k='name' v='Jalan Saga SD 8/2E' />
  </way>
  <way id='107906797' action='delete' timestamp='2022-10-25T10:05:46Z' uid='17484044' user='Wilton Lee' visible='true' version='8' changeset='128031880'>
    <tag k='highway' v='residential' />
    <tag k='oneway' v='yes' />
  </way>
  <way id='107906798' action='delete' timestamp='2025-08-19T16:56:25Z' uid='22220231' user='HaweaLake' visible='true' version='3' changeset='170681612'>
    <tag k='access' v='private' />
    <tag k='highway' v='residential' />
    <tag k='name' v='Jalan Saga SD 8/2' />
  </way>
  <way id='107906799' action='delete' timestamp='2025-08-19T16:56:25Z' uid='22220231' user='HaweaLake' visible='true' version='3' changeset='170681612'>
    <tag k='access' v='private' />
    <tag k='highway' v='residential' />
    <tag k='name' v='Jalan Saga SD 8/4' />
  </way>
  <way id='107906800' timestamp='2020-02-24T20:46:25Z' uid='10028118' user='OuterPace' visible='true' version='5' changeset='81422921'>
    <nd ref='1239242569' />
    <nd ref='1239242607' />
    <tag k='highway' v='service' />
    <tag k='surface' v='asphalt' />
  </way>
  <way id='107906801' action='delete' timestamp='2025-08-19T16:56:25Z' uid='22220231' user='HaweaLake' visible='true' version='4' changeset='170681612'>
    <tag k='access' v='private' />
    <tag k='highway' v='residential' />
    <tag k='name' v='Jalan Saga SD 8/3' />
  </way>
  <way id='107906803' action='delete' timestamp='2025-08-19T16:56:25Z' uid='22220231' user='HaweaLake' visible='true' version='5' changeset='170681612'>
    <tag k='access' v='private' />
    <tag k='highway' v='residential' />
    <tag k='name' v='Jalan Saga SD 8/5' />
    <tag k='surface' v='asphalt' />
  </way>
  <way id='107906804' action='delete' timestamp='2025-08-19T16:56:25Z' uid='22220231' user='HaweaLake' visible='true' version='3' changeset='170681612'>
    <tag k='access' v='private' />
    <tag k='highway' v='service' />
    <tag k='service' v='alley' />
  </way>
  <way id='107906805' action='delete' timestamp='2025-08-19T16:56:25Z' uid='22220231' user='HaweaLake' visible='true' version='3' changeset='170681612'>
    <tag k='access' v='private' />
    <tag k='highway' v='residential' />
    <tag k='name' v='Jalan Saga 8/5D' />
    <tag k='surface' v='asphalt' />
  </way>
  <way id='107911718' action='delete' timestamp='2023-10-07T06:29:11Z' uid='257555' user='rene78' visible='true' version='6' changeset='142256302'>
    <tag k='highway' v='service' />
    <tag k='name' v='Jalan Ara SD 7/3B' />
    <tag k='oneway' v='yes' />
  </way>
  <way id='107911719' action='delete' timestamp='2023-10-07T06:29:11Z' uid='257555' user='rene78' visible='true' version='3' changeset='142256302'>
    <tag k='access' v='private' />
    <tag k='highway' v='residential' />
    <tag k='name' v='Jalan Ara SD 7/4B' />
  </way>
  <way id='107911720' action='delete' timestamp='2023-05-05T04:57:09Z' uid='10334725' user='Solheimajokull' visible='true' version='8' changeset='135724230'>
    <tag k='highway' v='residential' />
    <tag k='name' v='Jalan Damar SD 15/1' />
    <tag k='oneway' v='yes' />
    <tag k='surface' v='asphalt' />
  </way>
  <way id='107911722' timestamp='2026-05-24T18:05:42Z' uid='3191182' user='angys' visible='true' version='7' changeset='183120731'>
    <nd ref='1239287306' />
    <nd ref='1239287171' />
    <nd ref='1239287123' />
    <nd ref='1239287244' />
    <nd ref='1239287306' />
    <tag k='addr:street' v='Persiaran Perdana' />
    <tag k='amenity' v='fuel' />
    <tag k='brand' v='Shell' />
    <tag k='brand:wikidata' v='Q110716465' />
    <tag k='brand:wikipedia' v='en:Shell plc' />
    <tag k='name' v='Shell' />
    <tag k='name:en' v='Shell' />
    <tag k='name:ms' v='Shell' />
    <tag k='opening_hours' v='24/7' />
  </way>
  <way id='107911723' action='delete' timestamp='2023-10-07T06:29:11Z' uid='257555' user='rene78' visible='true' version='3' changeset='142256302'>
    <tag k='access' v='private' />
    <tag k='highway' v='service' />
    <tag k='service' v='alley' />
  </way>
  <way id='107911726' action='delete' timestamp='2023-10-07T06:29:11Z' uid='257555' user='rene78' visible='true' version='2' changeset='142256302'>
    <tag k='access' v='private' />
    <tag k='highway' v='residential' />
    <tag k='name' v='Jalan Ara SD 7/4F' />
  </way>
  <way id='107911727' action='delete' timestamp='2023-10-07T06:29:11Z' uid='257555' user='rene78' visible='true' version='4' changeset='142256302'>
    <tag k='access' v='private' />
    <tag k='highway' v='residential' />
    <tag k='name' v='Jalan Ara SD 7/4A' />
  </way>
  <way id='107911729' action='delete' timestamp='2023-10-07T06:29:11Z' uid='257555' user='rene78' visible='true' version='3' changeset='142256302'>
    <tag k='access' v='private' />
    <tag k='highway' v='residential' />
    <tag k='name' v='Jalan Ara SD 7/2D' />
  </way>
  <way id='107911740' action='delete' timestamp='2023-10-07T06:29:11Z' uid='257555' user='rene78' visible='true' version='3' changeset='142256302'>
    <tag k='access' v='private' />
    <tag k='highway' v='residential' />
    <tag k='name' v='Jalan Ara SD 7/4C' />
  </way>
  <way id='107911743' action='delete' timestamp='2023-10-07T06:29:11Z' uid='257555' user='rene78' visible='true' version='4' changeset='142256302'>
    <tag k='access' v='private' />
    <tag k='highway' v='residential' />
    <tag k='name' v='Jalan Ara SD 7/4G' />
  </way>
  <way id='107911744' action='delete' timestamp='2023-10-07T06:29:11Z' uid='257555' user='rene78' visible='true' version='5' changeset='142256302'>
    <tag k='access' v='private' />
    <tag k='highway' v='residential' />
    <tag k='name' v='Jalan Ara SD 7/5' />
    <tag k='surface' v='asphalt' />
  </way>
  <way id='107911746' action='delete' timestamp='2023-10-07T06:29:11Z' uid='257555' user='rene78' visible='true' version='2' changeset='142256302'>
    <tag k='access' v='private' />
    <tag k='highway' v='residential' />
    <tag k='name' v='Jalan Ara SD 7/3D' />
  </way>
  <way id='107911747' action='delete' timestamp='2023-10-07T06:29:11Z' uid='257555' user='rene78' visible='true' version='6' changeset='142256302'>
    <tag k='access' v='private' />
    <tag k='highway' v='residential' />
    <tag k='name' v='Jalan Ara SD 7/4' />
    <tag k='surface' v='asphalt' />
  </way>
  <way id='107911751' timestamp='2026-03-25T11:21:54Z' uid='21901233' user='infrevdev' visible='true' version='9' changeset='180402341'>
    <nd ref='1927184932' />
    <nd ref='1239287276' />
    <tag k='highway' v='residential' />
    <tag k='name' v='Jalan Ara SD 7/3' />
    <tag k='name:ms' v='Jalan Ara SD 7/3' />
    <tag k='surface' v='asphalt' />
  </way>
  <way id='107911754' action='delete' timestamp='2026-03-25T11:21:54Z' uid='21901233' user='infrevdev' visible='true' version='4' changeset='180402341'>
    <tag k='alt_name' v='SK Sri Damansara 3' />
    <tag k='alt_name:ms' v='SK Sri Damansara 3' />
    <tag k='amenity' v='school' />
    <tag k='name' v='Sekolah Kebangsaan Sri Damansara 3' />
    <tag k='name:ms' v='Sekolah Kebangsaan Sri Damansara 3' />
    <tag k='operator' v='Kementerian Pendidikan Malaysia' />
    <tag k='operator:en' v='Ministry of Education' />
    <tag k='operator:ms' v='Kementerian Pendidikan Malaysia' />
    <tag k='operator:short' v='KPM' />
    <tag k='operator:ta' v='மலேசிய கல்வி அமைச்சகம்' />
    <tag k='operator:type' v='government' />
    <tag k='operator:wikidata' v='Q3816079' />
    <tag k='operator:zh' v='马来西亚教育部' />
    <tag k='operator:zh-Hans' v='马来西亚教育部' />
    <tag k='operator:zh-Hant' v='馬來西亞教育部' />
    <tag k='operator:zh-Latn-pinyin' v='Mǎláixīyà jiàoyùbù' />
    <tag k='short_name' v='SKBSD3' />
    <tag k='short_name:en' v='SKBSD3' />
    <tag k='short_name:ms' v='SKBSD3' />
    <tag k='wikidata' v='Q12704311' />
    <tag k='wikipedia' v='ms:Sekolah Kebangsaan Bandar Sri Damansara 3' />
  </way>
  <way id='107911755' action='delete' timestamp='2023-10-07T06:29:11Z' uid='257555' user='rene78' visible='true' version='3' changeset='142256302'>
    <tag k='access' v='private' />
    <tag k='highway' v='residential' />
    <tag k='name' v='Jalan Ara SD 7/5A' />
  </way>
  <way id='107911756' action='delete' timestamp='2023-10-09T01:07:33Z' uid='18064850' user='LakeArendsee' visible='true' version='5' changeset='142325340'>
    <tag k='access' v='private' />
    <tag k='highway' v='residential' />
    <tag k='name' v='Jalan Ara SD 7/5B' />
  </way>
  <way id='107911759' action='delete' timestamp='2023-10-07T06:29:11Z' uid='257555' user='rene78' visible='true' version='3' changeset='142256302'>
    <tag k='access' v='private' />
    <tag k='highway' v='service' />
    <tag k='service' v='alley' />
  </way>
  <way id='107911760' action='delete' timestamp='2023-10-07T06:29:11Z' uid='257555' user='rene78' visible='true' version='3' changeset='142256302'>
    <tag k='access' v='private' />
    <tag k='highway' v='residential' />
    <tag k='name' v='Jalan Ara SD 7/3C' />
    <tag k='oneway' v='yes' />
  </way>
  <way id='107911762' action='modify' timestamp='2023-10-07T06:29:11Z' uid='257555' user='rene78' visible='true' version='6' changeset='142256302'>
    <nd ref='1239287205' />
    <nd ref='1239287137' />
    <nd ref='1944533217' />
    <nd ref='1239287136' />
    <nd ref='1239287276' />
    <tag k='highway' v='service' />
    <tag k='name' v='Jalan Ara SD 7/3A' />
    <tag k='oneway' v='yes' />
  </way>
  <way id='107911765' action='delete' timestamp='2023-10-07T06:29:11Z' uid='257555' user='rene78' visible='true' version='2' changeset='142256302'>
    <tag k='access' v='private' />
    <tag k='highway' v='residential' />
    <tag k='name' v='Jalan Ara SD 7/3E' />
  </way>
  <way id='107913845' action='delete' timestamp='2024-10-18T17:16:42Z' uid='257555' user='rene78' visible='true' version='13' changeset='158060921'>
    <tag k='name' v='Damansara Avenue' />
    <tag k='name:en' v='Damansara Avenue' />
    <tag k='proposed:landuse' v='residential' />
    <tag k='source' v='https://openstreetcam.org/details/2261350/625;https://openstreetcam.org/details/2094626/756' />
    <tag k='website' v='https://damansaraavenue.com.my/' />
  </way>
  <way id='107914005' action='delete' timestamp='2026-03-31T18:07:48Z' uid='22951876' user='MolopoRiver' visible='true' version='7' changeset='180686598'>
    <tag k='access' v='private' />
    <tag k='highway' v='service' />
  </way>
  <way id='107949938' action='delete' timestamp='2025-06-28T07:19:03Z' uid='257555' user='rene78' visible='true' version='2' changeset='168215281'>
    <tag k='access' v='private' />
    <tag k='highway' v='residential' />
    <tag k='lanes' v='2' />
    <tag k='name' v='Jalan Kenanga SD 9/2B' />
  </way>
  <way id='107949942' action='delete' timestamp='2025-06-28T07:19:03Z' uid='257555' user='rene78' visible='true' version='2' changeset='168215281'>
    <tag k='access' v='private' />
    <tag k='highway' v='residential' />
    <tag k='lanes' v='2' />
    <tag k='name' v='Jalan Kenanga SD 9/2A' />
  </way>
  <way id='107949944' action='modify' timestamp='2025-06-28T07:19:03Z' uid='257555' user='rene78' visible='true' version='2' changeset='168215281'>
    <nd ref='1239566891' />
    <nd ref='1239566833' />
    <tag k='access' v='private' />
    <tag k='highway' v='residential' />
    <tag k='lanes' v='2' />
    <tag k='name' v='Jalan Kenanga SD 9/2C' />
  </way>
  <way id='107950600' action='delete' timestamp='2025-03-12T13:11:44Z' uid='21272598' user='BrancoRiver' visible='true' version='3' changeset='163527498'>
    <tag k='access' v='private' />
    <tag k='highway' v='residential' />
    <tag k='name' v='Jalan Margosa SD 10/4C' />
  </way>
  <way id='107950602' action='delete' timestamp='2025-03-12T13:11:44Z' uid='21272598' user='BrancoRiver' visible='true' version='5' changeset='163527498'>
    <tag k='access' v='private' />
    <tag k='highway' v='residential' />
  </way>
  <way id='107950603' action='delete' timestamp='2023-12-17T18:04:25Z' uid='20026515' user='rayth' visible='true' version='4' changeset='145224405'>
    <tag k='addr:city' v='Bandar Sri Damansarab' />
    <tag k='addr:postcode' v='52200' />
    <tag k='addr:street' v='Persiaran Margosa' />
    <tag k='amenity' v='school' />
    <tag k='name' v='Sekolah Antarabangsa Sri Bestari' />
    <tag k='name:en' v='Sri Bestari International School' />
    <tag k='name:ms' v='Sekolah Antarabangsa Sri Bestari' />
    <tag k='operator:type' v='private' />
  </way>
  <way id='107950604' action='delete' timestamp='2023-06-12T14:05:54Z' uid='10678755' user='rat_lorand_grab' visible='true' version='4' changeset='137246517'>
    <tag k='highway' v='residential' />
  </way>
  <way id='107950605' action='delete' timestamp='2025-03-12T13:11:44Z' uid='21272598' user='BrancoRiver' visible='true' version='6' changeset='163527498'>
    <tag k='access' v='private' />
    <tag k='highway' v='residential' />
    <tag k='name' v='Jalan Margosa SD 10/4' />
  </way>
  <way id='107950607' action='delete' timestamp='2022-01-04T10:17:43Z' uid='12653085' user='Sekampung' visible='true' version='4' changeset='115747032'>
    <tag k='highway' v='residential' />
    <tag k='name' v='Jalan Margosa SD 10/4B' />
    <tag k='oneway' v='yes' />
  </way>
  <way id='107950608' action='delete' timestamp='2021-10-11T11:51:43Z' uid='11419275' user='nabilersyad' visible='true' version='3' changeset='112371642'>
    <tag k='highway' v='unclassified' />
    <tag k='name' v='Jalan Margosa SD 10/4A' />
  </way>
  <way id='107958270' action='delete' timestamp='2026-06-12T11:26:22Z' uid='23046051' user='NamibDesert' visible='true' version='3' changeset='184012496'>
    <tag k='access' v='private' />
    <tag k='highway' v='residential' />
    <tag k='name' v='Jalan Margosa SD 10/5B' />
  </way>
  <way id='107958277' action='delete' timestamp='2026-06-12T11:26:22Z' uid='23046051' user='NamibDesert' visible='true' version='3' changeset='184012496'>
    <tag k='access' v='private' />
    <tag k='highway' v='residential' />
    <tag k='name' v='Jalan Margosa SD 10/5C' />
  </way>
  <way id='107958301' action='delete' timestamp='2020-09-22T16:25:25Z' uid='11399630' user='PerpetualHiker' visible='true' version='3' changeset='91309362'>
    <tag k='highway' v='residential' />
    <tag k='name' v='Jalan Margosa SD 10/5A' />
  </way>
  <way id='107958302' action='delete' timestamp='2026-06-12T11:26:22Z' uid='23046051' user='NamibDesert' visible='true' version='6' changeset='184012496'>
    <tag k='access' v='private' />
    <tag k='highway' v='service' />
    <tag k='service' v='alley' />
  </way>
  <way id='107958354' action='delete' timestamp='2026-06-12T11:26:22Z' uid='23046051' user='NamibDesert' visible='true' version='3' changeset='184012496'>
    <tag k='access' v='private' />
    <tag k='highway' v='residential' />
    <tag k='name' v='Jalan Margosa SD 10/5E' />
  </way>
  <way id='107958374' action='delete' timestamp='2026-06-12T11:26:22Z' uid='23046051' user='NamibDesert' visible='true' version='4' changeset='184012496'>
    <tag k='access' v='private' />
    <tag k='highway' v='residential' />
    <tag k='name' v='Jalan Margosa SD 10/5' />
  </way>
  <way id='167423502' action='delete' timestamp='2025-07-15T16:38:00Z' uid='17227421' user='mataharimau' visible='true' version='11' changeset='168974735'>
    <tag k='cables' v='6' />
    <tag k='frequency' v='50' />
    <tag k='power' v='line' />
    <tag k='voltage' v='132000' />
  </way>
  <way id='182502377' timestamp='2026-03-25T11:21:54Z' uid='21901233' user='infrevdev' visible='true' version='9' changeset='180402341'>
    <nd ref='1928630011' />
    <nd ref='13677549891' />
    <nd ref='1239303012' />
    <nd ref='1239566959' />
    <nd ref='1239248777' />
    <nd ref='474934988' />
    <nd ref='5727696531' />
    <nd ref='474944109' />
    <nd ref='1239189255' />
    <nd ref='1239242579' />
    <tag k='highway' v='tertiary' />
    <tag k='lanes' v='2' />
    <tag k='name' v='Persiaran Kenanga' />
    <tag k='name:ms' v='Persiaran Kenanga' />
    <tag k='surface' v='asphalt' />
  </way>
  <way id='182502392' timestamp='2020-02-24T17:03:25Z' uid='10028118' user='OuterPace' visible='true' version='4' changeset='81415809'>
    <nd ref='1928630015' />
    <nd ref='7239569630' />
    <nd ref='1928630135' />
    <nd ref='7239569631' />
    <nd ref='1928629993' />
    <nd ref='1928630157' />
    <tag k='highway' v='secondary_link' />
    <tag k='lanes' v='1' />
    <tag k='oneway' v='yes' />
    <tag k='surface' v='asphalt' />
  </way>
  <way id='182502393' action='delete' timestamp='2023-06-12T14:05:54Z' uid='10678755' user='rat_lorand_grab' visible='true' version='7' changeset='137246517'>
    <tag k='highway' v='tertiary' />
    <tag k='lanes' v='2' />
    <tag k='name' v='Persiaran Margosa' />
    <tag k='oneway' v='yes' />
    <tag k='surface' v='asphalt' />
    <tag k='turn:lanes' v='through|through' />
  </way>
  <way id='182502405' timestamp='2020-02-24T21:50:03Z' uid='10028118' user='OuterPace' visible='true' version='5' changeset='81424652'>
    <nd ref='1928630011' />
    <nd ref='1928630151' />
    <nd ref='1928630059' />
    <nd ref='1928630041' />
    <nd ref='7241013381' />
    <nd ref='1928630126' />
    <tag k='highway' v='secondary_link' />
    <tag k='lanes' v='1' />
    <tag k='oneway' v='yes' />
    <tag k='surface' v='asphalt' />
  </way>
  <way id='182502406' timestamp='2020-02-24T16:52:47Z' uid='10028118' user='OuterPace' visible='true' version='4' changeset='81415395'>
    <nd ref='1928630073' />
    <nd ref='7239548043' />
    <nd ref='1928630099' />
    <nd ref='7239548044' />
    <nd ref='1928630053' />
    <tag k='highway' v='secondary_link' />
    <tag k='lanes' v='1' />
    <tag k='oneway' v='yes' />
    <tag k='surface' v='asphalt' />
  </way>
  <way id='182502409' timestamp='2020-02-24T17:03:25Z' uid='10028118' user='OuterPace' visible='true' version='4' changeset='81415809'>
    <nd ref='1928630157' />
    <nd ref='7239569629' />
    <nd ref='1928630032' />
    <nd ref='7239569628' />
    <nd ref='1928630007' />
    <nd ref='1928630009' />
    <tag k='highway' v='secondary_link' />
    <tag k='lanes' v='1' />
    <tag k='oneway' v='yes' />
    <tag k='surface' v='asphalt' />
  </way>
  <way id='182502420' timestamp='2020-02-24T22:12:35Z' uid='10028118' user='OuterPace' visible='true' version='4' changeset='81425160'>
    <nd ref='1928630068' />
    <nd ref='1928630017' />
    <nd ref='1928630021' />
    <tag k='destination' v='Cheras;Puchong;Putrajaya;Juala Lumpur' />
    <tag k='destination:ref:to' v='E11' />
    <tag k='highway' v='secondary_link' />
    <tag k='lanes' v='2' />
    <tag k='oneway' v='yes' />
    <tag k='surface' v='asphalt' />
  </way>
  <way id='182502423' timestamp='2020-02-28T20:07:07Z' uid='9965337' user='ReedtheRiver' visible='true' version='5' changeset='81605632'>
    <nd ref='1927184850' />
    <nd ref='7239548042' />
    <nd ref='1928630148' />
    <nd ref='7239548041' />
    <nd ref='1928630144' />
    <nd ref='7251564392' />
    <tag k='highway' v='secondary_link' />
    <tag k='lanes' v='1' />
    <tag k='oneway' v='yes' />
    <tag k='surface' v='asphalt' />
  </way>
  <way id='184014801' action='delete' timestamp='2023-08-16T04:19:48Z' uid='9658463' user='GrabMY_ainayusof' visible='true' version='4' changeset='139942634'>
    <tag k='highway' v='service' />
    <tag k='oneway' v='yes' />
    <tag k='service' v='alley' />
  </way>
  <way id='184014802' action='delete' timestamp='2014-09-05T04:11:17Z' uid='536853' user='kucai' visible='true' version='2' changeset='25240182'>
    <tag k='building' v='retail' />
  </way>
  <way id='184014803' action='delete' timestamp='2014-09-05T04:11:18Z' uid='536853' user='kucai' visible='true' version='2' changeset='25240182'>
    <tag k='building' v='retail' />
  </way>
  <way id='184014805' action='delete' timestamp='2014-09-05T04:11:18Z' uid='536853' user='kucai' visible='true' version='2' changeset='25240182'>
    <tag k='building' v='retail' />
  </way>
  <way id='184014806' action='delete' timestamp='2014-09-05T04:11:18Z' uid='536853' user='kucai' visible='true' version='2' changeset='25240182'>
    <tag k='building' v='retail' />
  </way>
  <way id='184014807' action='modify' timestamp='2022-02-01T12:02:44Z' uid='11516268' user='ravali_123' visible='true' version='4' changeset='116865512'>
    <nd ref='9465938132' />
    <nd ref='1944533217' />
    <tag k='highway' v='service' />
    <tag k='oneway' v='yes' />
    <tag k='service' v='alley' />
  </way>
  <way id='184015052' action='delete' timestamp='2014-09-05T04:11:12Z' uid='536853' user='kucai' visible='true' version='2' changeset='25240182'>
    <tag k='building' v='retail' />
  </way>
  <way id='184015054' action='delete' timestamp='2014-09-05T04:11:12Z' uid='536853' user='kucai' visible='true' version='2' changeset='25240182'>
    <tag k='building' v='retail' />
  </way>
  <way id='184015392' timestamp='2023-11-25T21:23:55Z' uid='20026515' user='rayth' visible='true' version='17' changeset='144454081'>
    <nd ref='7241013382' />
    <nd ref='11375968583' />
    <nd ref='1927184845' />
    <nd ref='1928630068' />
    <tag k='highway' v='secondary' />
    <tag k='lanes' v='3' />
    <tag k='name' v='Persiaran Perdana' />
    <tag k='oneway' v='yes' />
    <tag k='surface' v='asphalt' />
  </way>
  <way id='184015459' action='delete' timestamp='2025-07-16T08:48:33Z' uid='257555' user='rene78' visible='true' version='3' changeset='169001647'>
    <tag k='building' v='yes' />
  </way>
  <way id='184015460' action='delete' timestamp='2012-10-03T16:22:07Z' uid='645407' user='Wing Hoe' visible='true' version='1' changeset='13349758'>
    <tag k='building' v='yes' />
  </way>
  <way id='191861353' timestamp='2020-02-26T00:29:05Z' uid='10028118' user='OuterPace' visible='true' version='4' changeset='81476176'>
    <nd ref='1928630107' />
    <nd ref='1928630066' />
    <nd ref='5708283394' />
    <nd ref='1928630083' />
    <nd ref='1928630154' />
    <tag k='highway' v='secondary_link' />
    <tag k='lanes' v='1' />
    <tag k='oneway' v='yes' />
    <tag k='surface' v='asphalt' />
  </way>
  <way id='191861354' timestamp='2020-02-24T21:50:03Z' uid='10028118' user='OuterPace' visible='true' version='4' changeset='81424652'>
    <nd ref='1928630101' />
    <nd ref='7241013380' />
    <nd ref='1928630023' />
    <nd ref='1928630088' />
    <nd ref='1928630137' />
    <nd ref='1928630011' />
    <tag k='highway' v='secondary_link' />
    <tag k='lanes' v='1' />
    <tag k='oneway' v='yes' />
    <tag k='surface' v='asphalt' />
  </way>
  <way id='334662874' action='modify' timestamp='2026-06-15T12:00:07Z' uid='24218636' user='Kok Yuan Ting' visible='true' version='7' changeset='184133899'>
    <nd ref='474926062' />
    <nd ref='7932324630' />
    <nd ref='1239189225' />
    <nd ref='7932324631' />
    <nd ref='474939931' />
    <nd ref='474913266' />
    <nd ref='1928630157' />
    <tag k='highway' v='tertiary' />
    <tag k='lanes' v='4' />
    <tag k='lanes:backward' v='2' />
    <tag k='name' v='Persiaran Kenanga' />
    <tag k='name:ms' v='Persiaran Kenanga' />
    <tag k='surface' v='asphalt' />
  </way>
  <way id='334662875' action='delete' timestamp='2026-06-12T11:26:22Z' uid='23046051' user='NamibDesert' visible='true' version='5' changeset='184012496'>
    <tag k='access' v='private' />
    <tag k='highway' v='residential' />
    <tag k='name' v='Jalan Margosa SD 10/5D' />
  </way>
  <way id='603280588' action='delete' timestamp='2025-01-15T05:49:07Z' uid='18118992' user='Mapper-511' visible='true' version='4' changeset='161367381'>
    <tag k='highway' v='service' />
    <tag k='motor_vehicle' v='private' />
    <tag k='oneway' v='yes' />
  </way>
  <way id='603280589' action='delete' timestamp='2025-01-15T05:49:07Z' uid='18118992' user='Mapper-511' visible='true' version='4' changeset='161367381'>
    <tag k='highway' v='service' />
    <tag k='motor_vehicle' v='private' />
    <tag k='oneway' v='yes' />
  </way>
  <way id='603290972' action='delete' timestamp='2020-09-22T17:33:32Z' uid='11399630' user='PerpetualHiker' visible='true' version='2' changeset='91312238'>
    <tag k='highway' v='service' />
  </way>
  <way id='603290975' action='delete' timestamp='2026-04-01T10:01:28Z' uid='22951876' user='MolopoRiver' visible='true' version='3' changeset='180712402'>
    <tag k='highway' v='service' />
    <tag k='name' v='Jalan Kenanga SD 9/1G' />
  </way>
  <way id='603290976' action='delete' timestamp='2026-06-17T05:57:33Z' uid='20144444' user='MappingMore' visible='true' version='7' changeset='184209595'>
    <tag k='access' v='private' />
    <tag k='highway' v='service' />
    <tag k='service' v='alley' />
  </way>
  <way id='603290977' action='delete' timestamp='2020-03-19T20:59:25Z' uid='3191182' user='angys' visible='true' version='2' changeset='82406245'>
    <tag k='highway' v='service' />
    <tag k='service' v='alley' />
  </way>
  <way id='604085826' timestamp='2024-01-08T01:00:42Z' uid='3191182' user='angys' visible='true' version='3' changeset='146011031'>
    <nd ref='1927184902' />
    <nd ref='11498745282' />
    <nd ref='5732917747' />
    <nd ref='5732917746' />
    <tag k='highway' v='service' />
    <tag k='surface' v='asphalt' />
  </way>
  <way id='604895213' timestamp='2020-02-24T20:43:38Z' uid='10028118' user='OuterPace' visible='true' version='2' changeset='81422825'>
    <nd ref='5738522589' />
    <nd ref='5738522588' />
    <tag k='highway' v='service' />
    <tag k='surface' v='concrete' />
  </way>
  <way id='604895214' timestamp='2020-02-24T20:43:38Z' uid='10028118' user='OuterPace' visible='true' version='2' changeset='81422825'>
    <nd ref='5738522593' />
    <nd ref='5738522589' />
    <nd ref='5738522592' />
    <nd ref='5738522591' />
    <nd ref='5738522588' />
    <nd ref='5738522590' />
    <tag k='highway' v='service' />
    <tag k='surface' v='concrete' />
  </way>
  <way id='604895215' action='delete' timestamp='2026-03-31T18:07:48Z' uid='22951876' user='MolopoRiver' visible='true' version='5' changeset='180686598'>
    <tag k='access' v='private' />
    <tag k='highway' v='service' />
  </way>
  <way id='604895216' action='delete' timestamp='2025-06-28T07:17:35Z' uid='257555' user='rene78' visible='true' version='3' changeset='168215248'>
    <tag k='access' v='private' />
    <tag k='highway' v='service' />
  </way>
  <way id='605141479' action='delete' timestamp='2018-07-05T04:24:41Z' uid='7671617' user='Rakesh9' visible='true' version='1' changeset='60423484'>
    <tag k='highway' v='service' />
  </way>
  <way id='605141480' action='delete' timestamp='2018-07-05T04:24:41Z' uid='7671617' user='Rakesh9' visible='true' version='1' changeset='60423484'>
    <tag k='highway' v='service' />
  </way>
  <way id='605141481' action='delete' timestamp='2018-07-05T04:24:41Z' uid='7671617' user='Rakesh9' visible='true' version='1' changeset='60423484'>
    <tag k='highway' v='service' />
  </way>
  <way id='675337835' action='modify' timestamp='2025-08-19T16:56:25Z' uid='22220231' user='HaweaLake' visible='true' version='5' changeset='170681612'>
    <nd ref='1239242612' />
    <nd ref='1239242679' />
    <nd ref='11088037860' />
    <tag k='access' v='private' />
    <tag k='highway' v='residential' />
    <tag k='name' v='Jalan Saga SD 8/6' />
    <tag k='surface' v='asphalt' />
  </way>
  <way id='675337916' action='delete' timestamp='2025-08-19T16:56:25Z' uid='22220231' user='HaweaLake' visible='true' version='4' changeset='170681612'>
    <tag k='access' v='private' />
    <tag k='highway' v='service' />
    <tag k='surface' v='asphalt' />
  </way>
  <way id='756118314' timestamp='2020-02-28T20:07:08Z' uid='9965337' user='ReedtheRiver' visible='true' version='3' changeset='81605632'>
    <nd ref='1928630073' />
    <nd ref='1927184814' />
    <tag k='highway' v='tertiary' />
    <tag k='lanes' v='2' />
    <tag k='name' v='Persiaran Meranti' />
    <tag k='oneway' v='yes' />
    <tag k='surface' v='asphalt' />
    <tag k='turn:lanes' v='right|right' />
  </way>
  <way id='756118316' action='modify' timestamp='2020-02-28T20:07:08Z' uid='9965337' user='ReedtheRiver' visible='true' version='4' changeset='81605632'>
    <nd ref='7251588323' />
    <nd ref='7251588316' />
    <nd ref='7251588318' />
    <nd ref='7251588319' />
    <nd ref='1928630073' />
    <tag k='highway' v='tertiary' />
    <tag k='lanes' v='2' />
    <tag k='name' v='Persiaran Meranti' />
    <tag k='oneway' v='yes' />
    <tag k='surface' v='asphalt' />
  </way>
  <way id='756118317' timestamp='2024-02-15T06:43:18Z' uid='9658463' user='GrabMY_ainayusof' visible='true' version='12' changeset='147476311'>
    <nd ref='8010943717' />
    <nd ref='474929612' />
    <nd ref='1928630101' />
    <nd ref='474922037' />
    <tag k='highway' v='secondary' />
    <tag k='lanes' v='3' />
    <tag k='name' v='Persiaran Perdana' />
    <tag k='oneway' v='yes' />
    <tag k='surface' v='asphalt' />
  </way>
  <way id='760225054' action='delete' timestamp='2023-10-07T06:29:11Z' uid='257555' user='rene78' visible='true' version='5' changeset='142256302'>
    <tag k='highway' v='service' />
    <tag k='name' v='Jalan Ara SD 7/3B' />
    <tag k='oneway' v='yes' />
  </way>
  <way id='760225055' timestamp='2020-02-24T20:46:25Z' uid='10028118' user='OuterPace' visible='true' version='2' changeset='81422921'>
    <nd ref='1927184954' />
    <nd ref='1239287164' />
    <tag k='highway' v='residential' />
    <tag k='name' v='Jalan Ara SD 7/5' />
    <tag k='surface' v='asphalt' />
  </way>
  <way id='760225056' action='delete' timestamp='2023-10-07T06:29:11Z' uid='257555' user='rene78' visible='true' version='5' changeset='142256302'>
    <tag k='highway' v='service' />
    <tag k='name' v='Jalan Ara SD 7/3B' />
    <tag k='oneway' v='yes' />
  </way>
  <way id='760225057' action='delete' timestamp='2023-10-07T06:29:11Z' uid='257555' user='rene78' visible='true' version='2' changeset='142256302'>
    <tag k='access' v='private' />
    <tag k='highway' v='residential' />
    <tag k='name' v='Jalan Ara SD 7/4G' />
  </way>
  <way id='760225058' action='delete' timestamp='2023-10-07T06:29:11Z' uid='257555' user='rene78' visible='true' version='2' changeset='142256302'>
    <tag k='access' v='private' />
    <tag k='highway' v='residential' />
    <tag k='name' v='Jalan Ara SD 7/4' />
  </way>
  <way id='760228514' action='delete' timestamp='2023-10-09T01:07:33Z' uid='18064850' user='LakeArendsee' visible='true' version='2' changeset='142325340'>
    <tag k='access' v='private' />
    <tag k='highway' v='residential' />
  </way>
  <way id='776021084' timestamp='2026-03-25T11:21:54Z' uid='21901233' user='infrevdev' visible='true' version='3' changeset='180402341'>
    <nd ref='1928630157' />
    <nd ref='474929865' />
    <tag k='highway' v='tertiary' />
    <tag k='lanes' v='2' />
    <tag k='lanes:backward' v='1' />
    <tag k='name' v='Persiaran Kenanga' />
    <tag k='name:ms' v='Persiaran Kenanga' />
    <tag k='surface' v='asphalt' />
    <tag k='turn:lanes:forward' v='right' />
  </way>
  <way id='776021086' timestamp='2020-02-24T17:03:25Z' uid='10028118' user='OuterPace' visible='true' version='1' changeset='81415809'>
    <nd ref='474929865' />
    <nd ref='1928630009' />
    <tag k='highway' v='secondary' />
    <tag k='lanes' v='2' />
    <tag k='name' v='Persiaran Perdana' />
    <tag k='oneway' v='yes' />
    <tag k='surface' v='asphalt' />
  </way>
  <way id='776021087' action='modify' timestamp='2026-06-17T03:46:32Z' uid='24218636' user='Kok Yuan Ting' visible='true' version='2' changeset='184206959'>
    <nd ref='13946726031' />
    <nd ref='1927184882' />
    <nd ref='13946726034' />
    <tag k='highway' v='secondary' />
    <tag k='lanes' v='2' />
    <tag k='name' v='Persiaran Perdana' />
    <tag k='oneway' v='yes' />
    <tag k='surface' v='asphalt' />
  </way>
  <way id='776021089' action='delete' timestamp='2026-06-17T03:46:32Z' uid='24218636' user='Kok Yuan Ting' visible='true' version='2' changeset='184206959'>
    <tag k='highway' v='secondary' />
    <tag k='lanes' v='2' />
    <tag k='name' v='Persiaran Perdana' />
    <tag k='oneway' v='yes' />
    <tag k='surface' v='asphalt' />
  </way>
  <way id='776021090' action='modify' timestamp='2020-02-24T17:03:25Z' uid='10028118' user='OuterPace' visible='true' version='1' changeset='81415809'>
    <nd ref='1927184814' />
    <nd ref='1928630053' />
    <nd ref='1927184922' />
    <nd ref='7239569641' />
    <nd ref='13946726031' />
    <tag k='highway' v='secondary' />
    <tag k='lanes' v='3' />
    <tag k='name' v='Persiaran Perdana' />
    <tag k='oneway' v='yes' />
    <tag k='surface' v='asphalt' />
  </way>
  <way id='776021091' timestamp='2020-02-24T17:03:25Z' uid='10028118' user='OuterPace' visible='true' version='1' changeset='81415809'>
    <nd ref='1928630009' />
    <nd ref='474923868' />
    <nd ref='474928793' />
    <tag k='highway' v='secondary' />
    <tag k='lanes' v='3' />
    <tag k='name' v='Persiaran Perdana' />
    <tag k='oneway' v='yes' />
    <tag k='surface' v='asphalt' />
  </way>
  <way id='776022253' timestamp='2020-02-24T17:12:01Z' uid='10028118' user='OuterPace' visible='true' version='1' changeset='81416069'>
    <nd ref='1239287131' />
    <nd ref='474922802' />
    <nd ref='474928234' />
    <nd ref='1928630015' />
    <tag k='highway' v='secondary' />
    <tag k='lanes' v='3' />
    <tag k='name' v='Persiaran Perdana' />
    <tag k='oneway' v='yes' />
    <tag k='placement' v='right_of:2' />
    <tag k='surface' v='asphalt' />
  </way>
  <way id='776022254' timestamp='2020-02-24T17:12:01Z' uid='10028118' user='OuterPace' visible='true' version='1' changeset='81416069'>
    <nd ref='1928630015' />
    <nd ref='474929865' />
    <tag k='highway' v='secondary' />
    <tag k='lanes' v='2' />
    <tag k='name' v='Persiaran Perdana' />
    <tag k='oneway' v='yes' />
    <tag k='surface' v='asphalt' />
  </way>
  <way id='776079597' timestamp='2024-02-15T06:43:18Z' uid='9658463' user='GrabMY_ainayusof' visible='true' version='2' changeset='147476311'>
    <nd ref='7241032487' />
    <nd ref='1927184892' />
    <tag k='highway' v='secondary' />
    <tag k='lanes' v='2' />
    <tag k='name' v='Persiaran Perdana' />
    <tag k='oneway' v='yes' />
    <tag k='placement' v='middle_of:2' />
    <tag k='surface' v='asphalt' />
  </way>
  <way id='776079599' timestamp='2020-03-02T19:57:09Z' uid='4240913' user='Corban8' visible='true' version='2' changeset='81696461'>
    <nd ref='474922037' />
    <nd ref='7241013384' />
    <nd ref='7241013383' />
    <nd ref='7241013382' />
    <tag k='highway' v='tertiary' />
    <tag k='lanes' v='1' />
    <tag k='name' v='Persiaran Kenanga' />
    <tag k='oneway' v='yes' />
    <tag k='surface' v='asphalt' />
  </way>
  <way id='776079600' timestamp='2026-03-25T11:21:54Z' uid='21901233' user='infrevdev' visible='true' version='2' changeset='180402341'>
    <nd ref='474922037' />
    <nd ref='1928630011' />
    <tag k='highway' v='tertiary' />
    <tag k='lanes' v='2' />
    <tag k='lanes:backward' v='1' />
    <tag k='name' v='Persiaran Kenanga' />
    <tag k='name:ms' v='Persiaran Kenanga' />
    <tag k='surface' v='asphalt' />
    <tag k='turn:lanes:backward' v='right' />
  </way>
  <way id='776082933' timestamp='2026-05-24T18:05:42Z' uid='3191182' user='angys' visible='true' version='5' changeset='183120731'>
    <nd ref='7241055570' />
    <nd ref='7241055567' />
    <nd ref='7241055568' />
    <nd ref='7241055569' />
    <nd ref='7241055570' />
    <tag k='building' v='roof' />
  </way>
  <way id='776370164' timestamp='2023-05-15T08:50:34Z' uid='14148368' user='GrabMY_Irfan Zahid' visible='true' version='4' changeset='136115456'>
    <nd ref='1755847410' />
    <nd ref='1755847407' />
    <nd ref='9568024811' />
    <nd ref='1755847404' />
    <nd ref='1928630107' />
    <tag k='highway' v='secondary' />
    <tag k='lanes' v='3' />
    <tag k='name' v='Persiaran Ara' />
    <tag k='oneway' v='yes' />
    <tag k='surface' v='asphalt' />
  </way>
  <way id='776370584' action='modify' timestamp='2020-02-26T00:36:52Z' uid='10028118' user='OuterPace' visible='true' version='1' changeset='81476229'>
    <nd ref='13946726034' />
    <nd ref='7239569636' />
    <nd ref='1927184958' />
    <nd ref='7243746024' />
    <tag k='highway' v='secondary' />
    <tag k='lanes' v='3' />
    <tag k='name' v='Persiaran Perdana' />
    <tag k='oneway' v='yes' />
    <tag k='surface' v='asphalt' />
  </way>
  <way id='777159293' timestamp='2020-02-28T20:15:17Z' uid='9965337' user='ReedtheRiver' visible='true' version='2' changeset='81605836'>
    <nd ref='7251588325' />
    <nd ref='7251588324' />
    <tag k='highway' v='tertiary' />
    <tag k='lanes' v='1' />
    <tag k='name' v='Persiaran Meranti' />
    <tag k='oneway' v='yes' />
    <tag k='surface' v='asphalt' />
  </way>
  <way id='777159294' timestamp='2020-02-28T20:07:05Z' uid='9965337' user='ReedtheRiver' visible='true' version='1' changeset='81605632'>
    <nd ref='7251564392' />
    <nd ref='7251588320' />
    <nd ref='7251588321' />
    <nd ref='7251588317' />
    <nd ref='7251588322' />
    <nd ref='7251588323' />
    <tag k='highway' v='tertiary' />
    <tag k='lanes' v='2' />
    <tag k='name' v='Persiaran Meranti' />
    <tag k='oneway' v='yes' />
    <tag k='surface' v='asphalt' />
  </way>
  <way id='777160373' timestamp='2020-02-28T20:15:17Z' uid='9965337' user='ReedtheRiver' visible='true' version='1' changeset='81605836'>
    <nd ref='7251588324' />
    <nd ref='1927184814' />
    <tag k='highway' v='secondary' />
    <tag k='lanes' v='3' />
    <tag k='name' v='Persiaran Perdana' />
    <tag k='oneway' v='yes' />
    <tag k='surface' v='asphalt' />
  </way>
  <way id='777160374' timestamp='2020-02-28T20:15:17Z' uid='9965337' user='ReedtheRiver' visible='true' version='1' changeset='81605836'>
    <nd ref='7251588324' />
    <nd ref='7251564392' />
    <tag k='highway' v='tertiary' />
    <tag k='lanes' v='1' />
    <tag k='name' v='Persiaran Meranti' />
    <tag k='oneway' v='yes' />
    <tag k='surface' v='asphalt' />
  </way>
  <way id='777160375' timestamp='2020-02-28T20:15:17Z' uid='9965337' user='ReedtheRiver' visible='true' version='1' changeset='81605836'>
    <nd ref='474928793' />
    <nd ref='7251588325' />
    <tag k='highway' v='secondary' />
    <tag k='lanes' v='3' />
    <tag k='name' v='Persiaran Perdana' />
    <tag k='oneway' v='yes' />
    <tag k='surface' v='asphalt' />
  </way>
  <way id='777816409' timestamp='2026-03-25T11:21:54Z' uid='21901233' user='infrevdev' visible='true' version='2' changeset='180402341'>
    <nd ref='7259035172' />
    <nd ref='7241032487' />
    <tag k='highway' v='secondary' />
    <tag k='lanes' v='3' />
    <tag k='name' v='Persiaran Perdana' />
    <tag k='name:ms' v='Persiaran Perdana' />
    <tag k='oneway' v='yes' />
    <tag k='surface' v='asphalt' />
  </way>
  <way id='777816410' timestamp='2026-03-25T11:21:54Z' uid='21901233' user='infrevdev' visible='true' version='2' changeset='180402341'>
    <nd ref='7259035173' />
    <nd ref='7259035172' />
    <tag k='highway' v='secondary' />
    <tag k='lanes' v='2' />
    <tag k='name' v='Persiaran Perdana' />
    <tag k='name:ms' v='Persiaran Perdana' />
    <tag k='oneway' v='yes' />
    <tag k='surface' v='asphalt' />
  </way>
  <way id='841170113' action='delete' timestamp='2020-08-27T07:07:00Z' uid='7131393' user='AndrewYeoh' visible='true' version='1' changeset='90008683'>
    <tag k='building' v='yes' />
    <tag k='building:levels' v='3' />
  </way>
  <way id='841170114' action='delete' timestamp='2020-08-27T07:07:00Z' uid='7131393' user='AndrewYeoh' visible='true' version='1' changeset='90008683'>
    <tag k='building' v='yes' />
    <tag k='building:levels' v='3' />
  </way>
  <way id='841170122' action='delete' timestamp='2020-08-27T07:07:00Z' uid='7131393' user='AndrewYeoh' visible='true' version='1' changeset='90008683'>
    <tag k='building' v='yes' />
    <tag k='building:levels' v='3' />
  </way>
  <way id='841170124' action='delete' timestamp='2020-08-27T07:07:00Z' uid='7131393' user='AndrewYeoh' visible='true' version='1' changeset='90008683'>
    <tag k='building' v='yes' />
    <tag k='building:levels' v='3' />
  </way>
  <way id='841598860' action='delete' timestamp='2020-09-02T13:30:50Z' uid='7131393' user='AndrewYeoh' visible='true' version='3' changeset='90307525'>
    <tag k='building' v='yes' />
    <tag k='building:levels' v='4' />
    <tag k='building:part' v='base' />
    <tag k='height' v='10' />
  </way>
  <way id='841602503' action='delete' timestamp='2020-09-05T12:50:29Z' uid='616774' user='mueschel' visible='true' version='3' changeset='90452385'>
    <tag k='building' v='yes' />
    <tag k='building:part' v='roof' />
    <tag k='height' v='15' />
    <tag k='min_height' v='10' />
    <tag k='roof:shape' v='onion' />
  </way>
  <way id='842145503' action='delete' timestamp='2020-08-29T13:25:05Z' uid='7131393' user='AndrewYeoh' visible='true' version='1' changeset='90119907'>
    <tag k='building' v='yes' />
    <tag k='building:levels' v='3' />
  </way>
  <way id='842145504' action='delete' timestamp='2020-08-29T13:25:05Z' uid='7131393' user='AndrewYeoh' visible='true' version='1' changeset='90119907'>
    <tag k='building' v='yes' />
    <tag k='building:levels' v='3' />
  </way>
  <way id='842145506' action='delete' timestamp='2020-08-29T13:25:05Z' uid='7131393' user='AndrewYeoh' visible='true' version='1' changeset='90119907'>
    <tag k='building' v='yes' />
    <tag k='building:levels' v='3' />
  </way>
  <way id='842145507' action='delete' timestamp='2020-08-29T13:25:05Z' uid='7131393' user='AndrewYeoh' visible='true' version='1' changeset='90119907'>
    <tag k='building' v='yes' />
    <tag k='building:levels' v='3' />
  </way>
  <way id='842145508' action='delete' timestamp='2020-08-29T13:25:05Z' uid='7131393' user='AndrewYeoh' visible='true' version='1' changeset='90119907'>
    <tag k='building' v='yes' />
    <tag k='building:levels' v='3' />
  </way>
  <way id='842145512' action='delete' timestamp='2020-08-29T13:25:05Z' uid='7131393' user='AndrewYeoh' visible='true' version='1' changeset='90119907'>
    <tag k='building' v='yes' />
    <tag k='building:levels' v='2' />
    <tag k='height' v='7' />
  </way>
  <way id='842145513' action='delete' timestamp='2020-08-29T13:25:05Z' uid='7131393' user='AndrewYeoh' visible='true' version='1' changeset='90119907'>
    <tag k='building' v='yes' />
    <tag k='building:levels' v='2' />
    <tag k='height' v='7' />
  </way>
  <way id='842145514' action='delete' timestamp='2020-08-29T13:25:05Z' uid='7131393' user='AndrewYeoh' visible='true' version='1' changeset='90119907'>
    <tag k='building' v='yes' />
    <tag k='building:levels' v='2' />
    <tag k='height' v='7' />
  </way>
  <way id='842145515' action='delete' timestamp='2020-08-29T13:25:05Z' uid='7131393' user='AndrewYeoh' visible='true' version='1' changeset='90119907'>
    <tag k='building' v='yes' />
    <tag k='building:levels' v='2' />
    <tag k='height' v='7' />
  </way>
  <way id='842145516' action='delete' timestamp='2020-08-29T13:25:05Z' uid='7131393' user='AndrewYeoh' visible='true' version='1' changeset='90119907'>
    <tag k='building' v='yes' />
    <tag k='building:levels' v='2' />
    <tag k='height' v='7' />
  </way>
  <way id='842145517' action='delete' timestamp='2020-08-29T13:25:05Z' uid='7131393' user='AndrewYeoh' visible='true' version='1' changeset='90119907'>
    <tag k='building' v='yes' />
    <tag k='building:levels' v='2' />
    <tag k='height' v='7' />
  </way>
  <way id='842145518' action='delete' timestamp='2020-08-29T13:25:05Z' uid='7131393' user='AndrewYeoh' visible='true' version='1' changeset='90119907'>
    <tag k='building' v='yes' />
    <tag k='building:levels' v='2' />
    <tag k='height' v='7' />
  </way>
  <way id='842145519' action='delete' timestamp='2020-08-29T13:25:05Z' uid='7131393' user='AndrewYeoh' visible='true' version='1' changeset='90119907'>
    <tag k='building' v='yes' />
    <tag k='building:levels' v='2' />
    <tag k='height' v='7' />
  </way>
  <way id='842145520' action='delete' timestamp='2020-08-29T13:25:05Z' uid='7131393' user='AndrewYeoh' visible='true' version='1' changeset='90119907'>
    <tag k='building' v='yes' />
    <tag k='building:levels' v='2' />
    <tag k='height' v='7' />
  </way>
  <way id='842145521' action='delete' timestamp='2020-08-29T13:25:05Z' uid='7131393' user='AndrewYeoh' visible='true' version='1' changeset='90119907'>
    <tag k='building' v='yes' />
    <tag k='building:levels' v='2' />
    <tag k='height' v='7' />
  </way>
  <way id='842145522' action='delete' timestamp='2020-08-29T13:25:05Z' uid='7131393' user='AndrewYeoh' visible='true' version='1' changeset='90119907'>
    <tag k='building' v='yes' />
    <tag k='building:levels' v='2' />
    <tag k='height' v='7' />
  </way>
  <way id='842145523' action='delete' timestamp='2020-08-29T13:25:05Z' uid='7131393' user='AndrewYeoh' visible='true' version='1' changeset='90119907'>
    <tag k='building' v='yes' />
    <tag k='building:levels' v='2' />
    <tag k='height' v='7' />
  </way>
  <way id='842145524' action='delete' timestamp='2020-08-29T13:25:05Z' uid='7131393' user='AndrewYeoh' visible='true' version='1' changeset='90119907'>
    <tag k='building' v='yes' />
    <tag k='building:levels' v='2' />
    <tag k='height' v='7' />
  </way>
  <way id='842145525' action='delete' timestamp='2020-08-29T13:25:05Z' uid='7131393' user='AndrewYeoh' visible='true' version='1' changeset='90119907'>
    <tag k='building' v='yes' />
    <tag k='building:levels' v='2' />
    <tag k='height' v='7' />
  </way>
  <way id='842145526' action='delete' timestamp='2020-08-29T13:25:05Z' uid='7131393' user='AndrewYeoh' visible='true' version='1' changeset='90119907'>
    <tag k='building' v='yes' />
    <tag k='building:levels' v='2' />
    <tag k='height' v='7' />
  </way>
  <way id='842145527' action='delete' timestamp='2020-08-29T13:25:05Z' uid='7131393' user='AndrewYeoh' visible='true' version='1' changeset='90119907'>
    <tag k='building' v='yes' />
    <tag k='building:levels' v='2' />
    <tag k='height' v='7' />
  </way>
  <way id='842145528' action='delete' timestamp='2020-08-29T13:25:05Z' uid='7131393' user='AndrewYeoh' visible='true' version='1' changeset='90119907'>
    <tag k='building' v='yes' />
    <tag k='building:levels' v='2' />
    <tag k='height' v='7' />
  </way>
  <way id='842145529' action='delete' timestamp='2020-08-29T13:25:05Z' uid='7131393' user='AndrewYeoh' visible='true' version='1' changeset='90119907'>
    <tag k='building' v='yes' />
    <tag k='building:levels' v='2' />
    <tag k='height' v='7' />
  </way>
  <way id='842145530' action='delete' timestamp='2020-08-29T13:25:05Z' uid='7131393' user='AndrewYeoh' visible='true' version='1' changeset='90119907'>
    <tag k='building' v='yes' />
    <tag k='building:levels' v='2' />
    <tag k='height' v='7' />
  </way>
  <way id='842145531' action='delete' timestamp='2020-08-29T13:25:05Z' uid='7131393' user='AndrewYeoh' visible='true' version='1' changeset='90119907'>
    <tag k='building' v='yes' />
    <tag k='building:levels' v='2' />
    <tag k='height' v='7' />
  </way>
  <way id='842145532' action='delete' timestamp='2020-08-29T13:25:05Z' uid='7131393' user='AndrewYeoh' visible='true' version='1' changeset='90119907'>
    <tag k='building' v='yes' />
    <tag k='building:levels' v='2' />
    <tag k='height' v='7' />
  </way>
  <way id='842145534' action='delete' timestamp='2020-08-29T13:25:05Z' uid='7131393' user='AndrewYeoh' visible='true' version='1' changeset='90119907'>
    <tag k='building' v='yes' />
    <tag k='building:levels' v='2' />
    <tag k='height' v='7' />
  </way>
  <way id='842145535' action='delete' timestamp='2020-08-29T13:25:05Z' uid='7131393' user='AndrewYeoh' visible='true' version='1' changeset='90119907'>
    <tag k='building' v='yes' />
    <tag k='building:levels' v='2' />
    <tag k='height' v='7' />
  </way>
  <way id='842145536' action='delete' timestamp='2020-08-29T13:25:05Z' uid='7131393' user='AndrewYeoh' visible='true' version='1' changeset='90119907'>
    <tag k='building' v='yes' />
    <tag k='building:levels' v='2' />
    <tag k='height' v='7' />
  </way>
  <way id='842145537' action='delete' timestamp='2020-08-29T13:25:05Z' uid='7131393' user='AndrewYeoh' visible='true' version='1' changeset='90119907'>
    <tag k='building' v='yes' />
    <tag k='building:levels' v='2' />
    <tag k='height' v='7' />
  </way>
  <way id='842145538' action='delete' timestamp='2020-08-29T13:25:05Z' uid='7131393' user='AndrewYeoh' visible='true' version='1' changeset='90119907'>
    <tag k='building' v='yes' />
    <tag k='building:levels' v='2' />
    <tag k='height' v='7' />
  </way>
  <way id='842145539' action='delete' timestamp='2020-08-29T13:25:05Z' uid='7131393' user='AndrewYeoh' visible='true' version='1' changeset='90119907'>
    <tag k='building' v='yes' />
    <tag k='building:levels' v='3' />
  </way>
  <way id='842145540' action='delete' timestamp='2020-08-29T13:25:05Z' uid='7131393' user='AndrewYeoh' visible='true' version='1' changeset='90119907'>
    <tag k='building' v='yes' />
    <tag k='building:levels' v='3' />
  </way>
  <way id='842145541' action='delete' timestamp='2020-08-29T13:25:05Z' uid='7131393' user='AndrewYeoh' visible='true' version='1' changeset='90119907'>
    <tag k='building' v='yes' />
    <tag k='building:levels' v='3' />
  </way>
  <way id='842145542' action='delete' timestamp='2020-08-29T13:25:05Z' uid='7131393' user='AndrewYeoh' visible='true' version='1' changeset='90119907'>
    <tag k='building' v='yes' />
    <tag k='building:levels' v='3' />
  </way>
  <way id='842145543' action='delete' timestamp='2020-08-29T13:25:05Z' uid='7131393' user='AndrewYeoh' visible='true' version='1' changeset='90119907'>
    <tag k='building' v='yes' />
    <tag k='building:levels' v='3' />
  </way>
  <way id='842145544' action='delete' timestamp='2020-08-29T13:25:05Z' uid='7131393' user='AndrewYeoh' visible='true' version='1' changeset='90119907'>
    <tag k='building' v='yes' />
    <tag k='building:levels' v='3' />
  </way>
  <way id='842145545' action='delete' timestamp='2020-08-29T13:25:05Z' uid='7131393' user='AndrewYeoh' visible='true' version='1' changeset='90119907'>
    <tag k='building' v='yes' />
    <tag k='building:levels' v='3' />
  </way>
  <way id='842307302' action='delete' timestamp='2020-08-30T07:00:26Z' uid='7131393' user='AndrewYeoh' visible='true' version='1' changeset='90136942'>
    <tag k='building' v='yes' />
    <tag k='building:levels' v='2' />
  </way>
  <way id='842307303' action='delete' timestamp='2020-08-30T07:00:26Z' uid='7131393' user='AndrewYeoh' visible='true' version='1' changeset='90136942'>
    <tag k='building' v='yes' />
    <tag k='building:levels' v='2' />
  </way>
  <way id='842307304' action='delete' timestamp='2020-08-30T07:00:26Z' uid='7131393' user='AndrewYeoh' visible='true' version='1' changeset='90136942'>
    <tag k='building' v='yes' />
    <tag k='building:levels' v='2' />
  </way>
  <way id='842307305' action='delete' timestamp='2020-08-30T07:00:26Z' uid='7131393' user='AndrewYeoh' visible='true' version='1' changeset='90136942'>
    <tag k='building' v='yes' />
    <tag k='building:levels' v='2' />
  </way>
  <way id='842307306' action='delete' timestamp='2020-08-30T07:00:26Z' uid='7131393' user='AndrewYeoh' visible='true' version='1' changeset='90136942'>
    <tag k='building' v='yes' />
    <tag k='building:levels' v='2' />
  </way>
  <way id='842307307' action='delete' timestamp='2020-08-30T07:00:26Z' uid='7131393' user='AndrewYeoh' visible='true' version='1' changeset='90136942'>
    <tag k='building' v='yes' />
    <tag k='building:levels' v='2' />
  </way>
  <way id='842307308' action='delete' timestamp='2020-08-30T07:00:26Z' uid='7131393' user='AndrewYeoh' visible='true' version='1' changeset='90136942'>
    <tag k='building' v='yes' />
    <tag k='building:levels' v='2' />
  </way>
  <way id='842307309' action='delete' timestamp='2020-08-30T07:00:26Z' uid='7131393' user='AndrewYeoh' visible='true' version='1' changeset='90136942'>
    <tag k='building' v='yes' />
    <tag k='building:levels' v='2' />
  </way>
  <way id='842307310' action='delete' timestamp='2020-08-30T07:00:26Z' uid='7131393' user='AndrewYeoh' visible='true' version='1' changeset='90136942'>
    <tag k='building' v='yes' />
    <tag k='building:levels' v='2' />
  </way>
  <way id='842307311' action='delete' timestamp='2020-08-30T07:00:26Z' uid='7131393' user='AndrewYeoh' visible='true' version='1' changeset='90136942'>
    <tag k='building' v='yes' />
    <tag k='building:levels' v='2' />
  </way>
  <way id='842307312' action='delete' timestamp='2020-08-30T07:00:26Z' uid='7131393' user='AndrewYeoh' visible='true' version='1' changeset='90136942'>
    <tag k='building' v='yes' />
    <tag k='building:levels' v='2' />
  </way>
  <way id='842307313' action='delete' timestamp='2020-08-30T07:00:26Z' uid='7131393' user='AndrewYeoh' visible='true' version='1' changeset='90136942'>
    <tag k='building' v='yes' />
    <tag k='building:levels' v='2' />
  </way>
  <way id='842307314' action='delete' timestamp='2020-08-30T07:00:26Z' uid='7131393' user='AndrewYeoh' visible='true' version='1' changeset='90136942'>
    <tag k='building' v='yes' />
    <tag k='building:levels' v='2' />
  </way>
  <way id='842307315' action='delete' timestamp='2020-08-30T07:00:26Z' uid='7131393' user='AndrewYeoh' visible='true' version='1' changeset='90136942'>
    <tag k='building' v='yes' />
    <tag k='building:levels' v='2' />
  </way>
  <way id='842307316' action='delete' timestamp='2020-08-30T07:00:26Z' uid='7131393' user='AndrewYeoh' visible='true' version='1' changeset='90136942'>
    <tag k='building' v='yes' />
    <tag k='building:levels' v='2' />
  </way>
  <way id='842307317' action='delete' timestamp='2020-08-30T07:00:26Z' uid='7131393' user='AndrewYeoh' visible='true' version='1' changeset='90136942'>
    <tag k='building' v='yes' />
    <tag k='building:levels' v='2' />
  </way>
  <way id='842307318' action='delete' timestamp='2020-08-30T07:00:26Z' uid='7131393' user='AndrewYeoh' visible='true' version='1' changeset='90136942'>
    <tag k='building' v='yes' />
    <tag k='building:levels' v='2' />
  </way>
  <way id='842307319' action='delete' timestamp='2020-08-30T07:00:26Z' uid='7131393' user='AndrewYeoh' visible='true' version='1' changeset='90136942'>
    <tag k='building' v='yes' />
    <tag k='building:levels' v='2' />
  </way>
  <way id='842307320' action='delete' timestamp='2020-08-30T07:00:26Z' uid='7131393' user='AndrewYeoh' visible='true' version='1' changeset='90136942'>
    <tag k='building' v='yes' />
    <tag k='building:levels' v='2' />
  </way>
  <way id='842307321' action='delete' timestamp='2020-08-30T07:00:26Z' uid='7131393' user='AndrewYeoh' visible='true' version='1' changeset='90136942'>
    <tag k='building' v='yes' />
    <tag k='building:levels' v='2' />
  </way>
  <way id='842307322' action='delete' timestamp='2020-08-30T07:00:26Z' uid='7131393' user='AndrewYeoh' visible='true' version='1' changeset='90136942'>
    <tag k='building' v='yes' />
    <tag k='building:levels' v='2' />
  </way>
  <way id='842307323' action='delete' timestamp='2020-08-30T07:00:26Z' uid='7131393' user='AndrewYeoh' visible='true' version='1' changeset='90136942'>
    <tag k='building' v='yes' />
    <tag k='building:levels' v='2' />
  </way>
  <way id='842307324' action='delete' timestamp='2020-08-30T07:00:26Z' uid='7131393' user='AndrewYeoh' visible='true' version='1' changeset='90136942'>
    <tag k='building' v='yes' />
    <tag k='building:levels' v='2' />
  </way>
  <way id='842307325' action='delete' timestamp='2020-08-30T07:00:26Z' uid='7131393' user='AndrewYeoh' visible='true' version='1' changeset='90136942'>
    <tag k='building' v='yes' />
    <tag k='building:levels' v='2' />
  </way>
  <way id='842307326' action='delete' timestamp='2020-08-30T07:00:26Z' uid='7131393' user='AndrewYeoh' visible='true' version='1' changeset='90136942'>
    <tag k='building' v='yes' />
    <tag k='building:levels' v='2' />
  </way>
  <way id='842307327' action='delete' timestamp='2020-08-30T07:00:26Z' uid='7131393' user='AndrewYeoh' visible='true' version='1' changeset='90136942'>
    <tag k='building' v='yes' />
    <tag k='building:levels' v='2' />
  </way>
  <way id='842307328' action='delete' timestamp='2020-08-30T07:00:26Z' uid='7131393' user='AndrewYeoh' visible='true' version='1' changeset='90136942'>
    <tag k='building' v='yes' />
    <tag k='building:levels' v='2' />
  </way>
  <way id='842307329' action='delete' timestamp='2020-08-30T07:00:26Z' uid='7131393' user='AndrewYeoh' visible='true' version='1' changeset='90136942'>
    <tag k='building' v='yes' />
    <tag k='building:levels' v='2' />
  </way>
  <way id='842307330' action='delete' timestamp='2020-08-30T07:00:26Z' uid='7131393' user='AndrewYeoh' visible='true' version='1' changeset='90136942'>
    <tag k='building' v='yes' />
    <tag k='building:levels' v='2' />
  </way>
  <way id='842307331' action='delete' timestamp='2020-08-30T07:00:26Z' uid='7131393' user='AndrewYeoh' visible='true' version='1' changeset='90136942'>
    <tag k='building' v='yes' />
    <tag k='building:levels' v='2' />
  </way>
  <way id='842307332' action='delete' timestamp='2020-08-30T07:00:26Z' uid='7131393' user='AndrewYeoh' visible='true' version='1' changeset='90136942'>
    <tag k='building' v='yes' />
    <tag k='building:levels' v='2' />
  </way>
  <way id='842307333' action='delete' timestamp='2020-08-30T07:00:26Z' uid='7131393' user='AndrewYeoh' visible='true' version='1' changeset='90136942'>
    <tag k='building' v='yes' />
    <tag k='building:levels' v='2' />
  </way>
  <way id='842307334' action='delete' timestamp='2020-08-30T07:00:26Z' uid='7131393' user='AndrewYeoh' visible='true' version='1' changeset='90136942'>
    <tag k='building' v='yes' />
    <tag k='building:levels' v='2' />
  </way>
  <way id='842307335' action='delete' timestamp='2020-08-30T07:00:26Z' uid='7131393' user='AndrewYeoh' visible='true' version='1' changeset='90136942'>
    <tag k='building' v='yes' />
    <tag k='building:levels' v='2' />
  </way>
  <way id='842307336' action='delete' timestamp='2020-08-30T07:00:26Z' uid='7131393' user='AndrewYeoh' visible='true' version='1' changeset='90136942'>
    <tag k='building' v='yes' />
    <tag k='building:levels' v='2' />
  </way>
  <way id='842307337' action='delete' timestamp='2020-08-30T07:00:26Z' uid='7131393' user='AndrewYeoh' visible='true' version='1' changeset='90136942'>
    <tag k='building' v='yes' />
    <tag k='building:levels' v='2' />
  </way>
  <way id='842307338' action='delete' timestamp='2020-08-30T07:00:26Z' uid='7131393' user='AndrewYeoh' visible='true' version='1' changeset='90136942'>
    <tag k='building' v='yes' />
    <tag k='building:levels' v='2' />
  </way>
  <way id='842307339' action='delete' timestamp='2020-08-30T07:00:26Z' uid='7131393' user='AndrewYeoh' visible='true' version='1' changeset='90136942'>
    <tag k='building' v='yes' />
    <tag k='building:levels' v='2' />
  </way>
  <way id='842307340' action='delete' timestamp='2020-08-30T07:00:26Z' uid='7131393' user='AndrewYeoh' visible='true' version='1' changeset='90136942'>
    <tag k='building' v='yes' />
    <tag k='building:levels' v='2' />
  </way>
  <way id='842307341' action='delete' timestamp='2020-08-30T07:00:26Z' uid='7131393' user='AndrewYeoh' visible='true' version='1' changeset='90136942'>
    <tag k='building' v='yes' />
    <tag k='building:levels' v='2' />
  </way>
  <way id='842307342' action='delete' timestamp='2020-08-30T07:00:26Z' uid='7131393' user='AndrewYeoh' visible='true' version='1' changeset='90136942'>
    <tag k='building' v='yes' />
    <tag k='building:levels' v='2' />
  </way>
  <way id='842307343' action='delete' timestamp='2020-08-30T07:00:26Z' uid='7131393' user='AndrewYeoh' visible='true' version='1' changeset='90136942'>
    <tag k='building' v='yes' />
    <tag k='building:levels' v='2' />
  </way>
  <way id='842307344' action='delete' timestamp='2020-08-30T07:00:26Z' uid='7131393' user='AndrewYeoh' visible='true' version='1' changeset='90136942'>
    <tag k='building' v='yes' />
    <tag k='building:levels' v='2' />
  </way>
  <way id='842307345' action='delete' timestamp='2020-08-30T07:00:26Z' uid='7131393' user='AndrewYeoh' visible='true' version='1' changeset='90136942'>
    <tag k='building' v='yes' />
    <tag k='building:levels' v='2' />
  </way>
  <way id='842307346' action='delete' timestamp='2020-08-30T07:00:26Z' uid='7131393' user='AndrewYeoh' visible='true' version='1' changeset='90136942'>
    <tag k='building' v='yes' />
    <tag k='building:levels' v='2' />
  </way>
  <way id='842307347' action='delete' timestamp='2020-08-30T07:00:26Z' uid='7131393' user='AndrewYeoh' visible='true' version='1' changeset='90136942'>
    <tag k='building' v='yes' />
    <tag k='building:levels' v='2' />
  </way>
  <way id='842307348' action='delete' timestamp='2020-08-30T07:00:26Z' uid='7131393' user='AndrewYeoh' visible='true' version='1' changeset='90136942'>
    <tag k='building' v='yes' />
    <tag k='building:levels' v='2' />
  </way>
  <way id='842307349' action='delete' timestamp='2020-08-30T07:00:26Z' uid='7131393' user='AndrewYeoh' visible='true' version='1' changeset='90136942'>
    <tag k='building' v='yes' />
    <tag k='building:levels' v='2' />
  </way>
  <way id='850200426' action='delete' timestamp='2025-01-15T05:49:07Z' uid='18118992' user='Mapper-511' visible='true' version='3' changeset='161367381'>
    <tag k='highway' v='service' />
    <tag k='motor_vehicle' v='private' />
    <tag k='oneway' v='yes' />
  </way>
  <way id='859423754' timestamp='2023-06-12T13:47:20Z' uid='10678755' user='rat_lorand_grab' visible='true' version='4' changeset='137245821'>
    <nd ref='1983979095' />
    <nd ref='1928630021' />
    <nd ref='9568024809' />
    <nd ref='474906573' />
    <nd ref='9467741342' />
    <nd ref='1755847414' />
    <nd ref='10971169726' />
    <tag k='highway' v='secondary' />
    <tag k='lanes' v='3' />
    <tag k='name' v='Persiaran Ara' />
    <tag k='oneway' v='yes' />
    <tag k='surface' v='asphalt' />
  </way>
  <way id='859423755' timestamp='2024-08-29T11:18:50Z' uid='4573895' user='wanderer2' visible='true' version='4' changeset='155923137'>
    <nd ref='8010943714' />
    <nd ref='8010943710' />
    <nd ref='8010943716' />
    <nd ref='8010943715' />
    <nd ref='8010943717' />
    <tag k='highway' v='secondary_link' />
    <tag k='lanes' v='3' />
    <tag k='oneway' v='yes' />
    <tag k='surface' v='asphalt' />
  </way>
  <way id='859423756' timestamp='2021-04-26T18:38:27Z' uid='9575699' user='aDSAT' visible='true' version='3' changeset='103656016'>
    <nd ref='1239242660' />
    <nd ref='8010943713' />
    <nd ref='8010943718' />
    <nd ref='8010943714' />
    <tag k='highway' v='secondary_link' />
    <tag k='lanes' v='3' />
    <tag k='oneway' v='yes' />
  </way>
  <way id='859426021' action='delete' timestamp='2023-10-07T06:29:11Z' uid='257555' user='rene78' visible='true' version='7' changeset='142256302'>
    <tag k='highway' v='residential' />
    <tag k='name' v='Jalan Ara SD 7/3' />
    <tag k='oneway' v='yes' />
    <tag k='surface' v='asphalt' />
  </way>
  <way id='859426364' action='delete' timestamp='2023-10-07T06:29:11Z' uid='257555' user='rene78' visible='true' version='3' changeset='142256302'>
    <tag k='access' v='private' />
    <tag k='highway' v='residential' />
    <tag k='name' v='Jalan Ara SD 7/3' />
    <tag k='surface' v='asphalt' />
  </way>
  <way id='859429321' timestamp='2020-10-15T19:46:30Z' uid='9005400' user='Rippledot' visible='true' version='1' changeset='92541373'>
    <nd ref='1927184932' />
    <nd ref='8010982924' />
    <nd ref='8010982930' />
    <nd ref='8010982928' />
    <nd ref='8010982931' />
    <tag k='highway' v='secondary_link' />
    <tag k='lanes' v='1' />
    <tag k='oneway' v='yes' />
  </way>
  <way id='859429322' timestamp='2020-10-15T19:46:30Z' uid='9005400' user='Rippledot' visible='true' version='1' changeset='92541373'>
    <nd ref='8010982925' />
    <nd ref='8010982929' />
    <nd ref='8010982926' />
    <nd ref='8010982932' />
    <nd ref='8010982927' />
    <nd ref='1927184932' />
    <tag k='highway' v='secondary_link' />
    <tag k='lanes' v='1' />
    <tag k='oneway' v='yes' />
  </way>
  <way id='859432210' timestamp='2025-06-30T15:38:48Z' uid='16853698' user='LakePeipus' visible='true' version='5' changeset='168315588'>
    <nd ref='1239566959' />
    <nd ref='7960878039' />
    <tag k='highway' v='residential' />
    <tag k='lanes' v='2' />
    <tag k='name' v='Jalan Kenanga SD 9/1' />
    <tag k='oneway' v='yes' />
    <tag k='surface' v='asphalt' />
  </way>
  <way id='871947233' timestamp='2022-04-29T09:20:49Z' uid='3191182' user='angys' visible='true' version='6' changeset='120339515'>
    <nd ref='8121446632' />
    <nd ref='8121446633' />
    <nd ref='8121446634' />
    <nd ref='8236485122' />
    <nd ref='8121446632' />
    <tag k='brand' v='Uniqlo' />
    <tag k='brand:wikidata' v='Q26070' />
    <tag k='building' v='retail' />
    <tag k='building:levels' v='2' />
    <tag k='name' v='Uniqlo' />
    <tag k='shop' v='clothes' />
    <tag k='start_date' v='2020-12-18' />
  </way>
  <way id='897905494' action='delete' timestamp='2021-05-29T11:37:22Z' uid='6825548' user='Non Zero Racing' visible='true' version='2' changeset='105530796'>
    <tag k='natural' v='wood' />
  </way>
  <way id='897905496' timestamp='2021-01-21T09:27:53Z' uid='257555' user='rene78' visible='true' version='1' changeset='97892518'>
    <nd ref='8344727223' />
    <nd ref='8344727224' />
    <nd ref='8344727225' />
    <nd ref='8344727226' />
    <nd ref='8344727227' />
    <nd ref='8344727228' />
    <nd ref='8344727229' />
    <nd ref='8344727232' />
    <nd ref='8344727230' />
    <nd ref='8344727231' />
    <nd ref='8168087804' />
    <nd ref='8344727223' />
    <tag k='building' v='yes' />
  </way>
  <way id='897905498' action='delete' timestamp='2021-01-21T09:27:53Z' uid='257555' user='rene78' visible='true' version='1' changeset='97892518'>
    <tag k='natural' v='wood' />
  </way>
  <way id='935525160' timestamp='2024-08-29T11:19:51Z' uid='4573895' user='wanderer2' visible='true' version='2' changeset='155923137'>
    <nd ref='1927184950' />
    <nd ref='8010943714' />
    <tag k='highway' v='secondary_link' />
    <tag k='lanes' v='3' />
    <tag k='oneway' v='yes' />
    <tag k='surface' v='asphalt' />
  </way>
  <way id='935525161' timestamp='2021-04-26T18:38:27Z' uid='9575699' user='aDSAT' visible='true' version='1' changeset='103656016'>
    <nd ref='1239242660' />
    <nd ref='474935325' />
    <nd ref='8010943717' />
    <tag k='highway' v='secondary' />
    <tag k='lanes' v='1' />
    <tag k='name' v='Persiaran Perdana' />
    <tag k='oneway' v='yes' />
    <tag k='surface' v='asphalt' />
  </way>
  <way id='935525162' timestamp='2026-03-25T11:21:54Z' uid='21901233' user='infrevdev' visible='true' version='3' changeset='180402341'>
    <nd ref='8010982931' />
    <nd ref='474930823' />
    <nd ref='9568024807' />
    <nd ref='1239242660' />
    <tag k='highway' v='secondary' />
    <tag k='lanes' v='3' />
    <tag k='name' v='Persiaran Perdana' />
    <tag k='name:ms' v='Persiaran Perdana' />
    <tag k='oneway' v='yes' />
    <tag k='surface' v='asphalt' />
  </way>
  <way id='935525163' timestamp='2022-03-10T09:21:09Z' uid='3627342' user='cnvery' visible='true' version='2' changeset='118312421'>
    <nd ref='8010982925' />
    <nd ref='9568024803' />
    <nd ref='474925488' />
    <nd ref='8010982931' />
    <tag k='highway' v='secondary' />
    <tag k='lanes' v='2' />
    <tag k='name' v='Persiaran Perdana' />
    <tag k='oneway' v='yes' />
    <tag k='surface' v='asphalt' />
  </way>
  <way id='935525164' timestamp='2026-03-25T11:21:54Z' uid='21901233' user='infrevdev' visible='true' version='3' changeset='180402341'>
    <nd ref='7251588325' />
    <nd ref='474927409' />
    <nd ref='9568024799' />
    <nd ref='474924293' />
    <nd ref='474924605' />
    <nd ref='8010982925' />
    <tag k='highway' v='secondary' />
    <tag k='lanes' v='3' />
    <tag k='name' v='Persiaran Perdana' />
    <tag k='name:ms' v='Persiaran Perdana' />
    <tag k='oneway' v='yes' />
    <tag k='surface' v='asphalt' />
  </way>
  <way id='935525165' timestamp='2024-08-29T11:19:19Z' uid='4573895' user='wanderer2' visible='true' version='2' changeset='155923137'>
    <nd ref='8010943714' />
    <nd ref='1983979095' />
    <tag k='highway' v='secondary_link' />
    <tag k='lanes' v='3' />
    <tag k='oneway' v='yes' />
    <tag k='surface' v='asphalt' />
  </way>
  <way id='980015990' action='delete' timestamp='2021-09-06T08:52:22Z' uid='9940138' user='Zh9567' visible='true' version='1' changeset='110787746'>
    <tag k='landuse' v='retail' />
  </way>
  <way id='991915614' action='delete' timestamp='2021-10-11T10:56:54Z' uid='9847848' user='Guadiana' visible='true' version='1' changeset='112369493'>
    <tag k='highway' v='path' />
    <tag k='name' v='Jalan Ara SD 7/5B' />
  </way>
  <way id='1013712948' action='delete' timestamp='2021-12-20T12:10:02Z' uid='10353513' user='EmbarcaderoPier' visible='true' version='1' changeset='115163696'>
    <tag k='highway' v='residential' />
  </way>
  <way id='1013712950' action='delete' timestamp='2022-10-25T10:05:46Z' uid='17484044' user='Wilton Lee' visible='true' version='2' changeset='128031880'>
    <tag k='highway' v='residential' />
    <tag k='name' v='Jalan Kenanga SD 9/7A' />
    <tag k='oneway' v='yes' />
  </way>
  <way id='1016771782' action='delete' timestamp='2021-12-30T05:04:50Z' uid='11931359' user='Prima Sari' visible='true' version='1' changeset='115546874'>
    <tag k='highway' v='residential' />
    <tag k='name' v='Jalan Kenanga SD 9/5' />
  </way>
  <way id='1016780741' action='delete' timestamp='2022-10-25T10:05:46Z' uid='17484044' user='Wilton Lee' visible='true' version='2' changeset='128031880'>
    <tag k='highway' v='residential' />
    <tag k='oneway' v='yes' />
  </way>
  <way id='1016800955' action='delete' timestamp='2024-05-21T04:05:16Z' uid='9658463' user='GrabMY_ainayusof' visible='true' version='2' changeset='151607115'>
    <tag k='highway' v='residential' />
    <tag k='name' v='Jalan Ara SD 7/3' />
    <tag k='oneway' v='no' />
    <tag k='surface' v='asphalt' />
  </way>
  <way id='1026683997' action='delete' timestamp='2022-02-01T12:02:44Z' uid='11516268' user='ravali_123' visible='true' version='1' changeset='116865512'>
    <tag k='highway' v='service' />
    <tag k='service' v='alley' />
  </way>
  <way id='1055931497' timestamp='2024-03-07T18:34:59Z' uid='18428115' user='Legendary Lim' visible='true' version='2' changeset='148355390'>
    <nd ref='9702466991' />
    <nd ref='9702466992' />
    <nd ref='9702466993' />
    <nd ref='9702466994' />
    <nd ref='9702466995' />
    <nd ref='9702466991' />
    <tag k='landuse' v='retail' />
    <tag k='name' v='DA Square' />
    <tag k='website' v='https://damansaraavenue.com.my/dasquare/' />
  </way>
  <way id='1055931498' timestamp='2024-08-29T11:17:12Z' uid='4573895' user='wanderer2' visible='true' version='2' changeset='155923129'>
    <nd ref='9702466996' />
    <nd ref='9702466997' />
    <nd ref='9702466998' />
    <nd ref='9702466999' />
    <nd ref='9702466996' />
    <tag k='building' v='retail' />
    <tag k='building:levels' v='2' />
    <tag k='nohousenumber' v='yes' />
  </way>
  <way id='1098708030' action='delete' timestamp='2022-09-29T02:47:17Z' uid='17196702' user='sharafuddin kaus' visible='true' version='1' changeset='126759858'>
    <tag k='leisure' v='playground' />
    <tag k='name' v='Taman Jalan Kenanga' />
  </way>
  <way id='1124321553' action='delete' timestamp='2022-12-23T02:17:18Z' uid='3191182' user='angys' visible='true' version='1' changeset='130398443'>
    <tag k='natural' v='wood' />
  </way>
  <way id='1124321554' action='delete' timestamp='2022-12-23T02:17:18Z' uid='3191182' user='angys' visible='true' version='1' changeset='130398443'>
    <tag k='landuse' v='grass' />
  </way>
  <way id='1124321555' action='delete' timestamp='2022-12-23T02:17:18Z' uid='3191182' user='angys' visible='true' version='1' changeset='130398443'>
    <tag k='landuse' v='recreation_ground' />
  </way>
  <way id='1124321556' action='delete' timestamp='2022-12-23T02:17:18Z' uid='3191182' user='angys' visible='true' version='1' changeset='130398443'>
    <tag k='natural' v='wood' />
  </way>
  <way id='1124321557' action='delete' timestamp='2022-12-23T02:17:18Z' uid='3191182' user='angys' visible='true' version='1' changeset='130398443'>
    <tag k='natural' v='wood' />
  </way>
  <way id='1124321558' action='delete' timestamp='2022-12-23T02:17:18Z' uid='3191182' user='angys' visible='true' version='1' changeset='130398443'>
    <tag k='landuse' v='grass' />
  </way>
  <way id='1173001826' timestamp='2026-03-25T11:21:54Z' uid='21901233' user='infrevdev' visible='true' version='2' changeset='180402341'>
    <nd ref='1927184932' />
    <nd ref='1927184868' />
    <nd ref='9568024801' />
    <nd ref='1927184833' />
    <nd ref='1927184900' />
    <nd ref='1927184954' />
    <nd ref='1927184890' />
    <nd ref='9568024797' />
    <nd ref='1927184864' />
    <nd ref='1927184850' />
    <nd ref='7251588324' />
    <tag k='highway' v='secondary' />
    <tag k='lanes' v='3' />
    <tag k='name' v='Persiaran Perdana' />
    <tag k='name:ms' v='Persiaran Perdana' />
    <tag k='oneway' v='yes' />
    <tag k='surface' v='asphalt' />
  </way>
  <way id='1173001827' timestamp='2023-05-15T08:50:34Z' uid='14148368' user='GrabMY_Irfan Zahid' visible='true' version='1' changeset='136115456'>
    <nd ref='1983979095' />
    <nd ref='1927184950' />
    <tag k='highway' v='secondary' />
    <tag k='lanes' v='3' />
    <tag k='name' v='Persiaran Perdana' />
    <tag k='oneway' v='yes' />
    <tag k='surface' v='asphalt' />
  </way>
  <way id='1173001828' timestamp='2026-05-24T10:54:00Z' uid='3191182' user='angys' visible='true' version='3' changeset='183101597'>
    <nd ref='1928630154' />
    <nd ref='1927184831' />
    <nd ref='5738522593' />
    <nd ref='9568024805' />
    <nd ref='5738522590' />
    <nd ref='1927184847' />
    <nd ref='1927184932' />
    <tag k='highway' v='secondary' />
    <tag k='lanes' v='3' />
    <tag k='name' v='Persiaran Perdana' />
    <tag k='name:ms' v='Persiaran Perdana' />
    <tag k='oneway' v='yes' />
    <tag k='surface' v='asphalt' />
  </way>
  <way id='1173001829' timestamp='2023-05-15T08:50:34Z' uid='14148368' user='GrabMY_Irfan Zahid' visible='true' version='1' changeset='136115456'>
    <nd ref='1928630068' />
    <nd ref='8010943712' />
    <nd ref='1983979095' />
    <tag k='highway' v='secondary' />
    <tag k='lanes' v='3' />
    <tag k='name' v='Persiaran Perdana' />
    <tag k='oneway' v='yes' />
    <tag k='surface' v='asphalt' />
  </way>
  <way id='1173001830' timestamp='2023-05-15T08:50:34Z' uid='14148368' user='GrabMY_Irfan Zahid' visible='true' version='1' changeset='136115456'>
    <nd ref='1928630107' />
    <nd ref='8010943711' />
    <nd ref='1927184950' />
    <tag k='highway' v='secondary' />
    <tag k='lanes' v='3' />
    <tag k='name' v='Persiaran Ara' />
    <tag k='oneway' v='yes' />
    <tag k='surface' v='asphalt' />
  </way>
  <way id='1181388085' action='delete' timestamp='2023-06-12T14:05:54Z' uid='10678755' user='rat_lorand_grab' visible='true' version='1' changeset='137246517'>
    <tag k='highway' v='tertiary' />
    <tag k='lanes' v='2' />
    <tag k='name' v='Persiaran Margosa' />
    <tag k='oneway' v='yes' />
    <tag k='surface' v='asphalt' />
    <tag k='turn:lanes' v='through|through' />
  </way>
  <way id='1181388088' action='delete' timestamp='2023-10-19T04:26:47Z' uid='9658463' user='GrabMY_ainayusof' visible='true' version='2' changeset='142792196'>
    <tag k='highway' v='tertiary' />
    <tag k='lanes' v='2' />
    <tag k='name' v='Persiaran Margosa' />
    <tag k='oneway' v='yes' />
    <tag k='surface' v='asphalt' />
  </way>
  <way id='1181388092' action='delete' timestamp='2023-06-12T14:05:54Z' uid='10678755' user='rat_lorand_grab' visible='true' version='1' changeset='137246517'>
    <tag k='highway' v='tertiary' />
    <tag k='lanes' v='2' />
    <tag k='name' v='Persiaran Margosa' />
    <tag k='oneway' v='yes' />
    <tag k='surface' v='asphalt' />
    <tag k='turn:lanes' v='through|through' />
  </way>
  <way id='1181388093' action='delete' timestamp='2026-03-24T05:24:18Z' uid='21901233' user='infrevdev' visible='true' version='3' changeset='180334889'>
    <tag k='highway' v='tertiary' />
    <tag k='lanes' v='2' />
    <tag k='name' v='Persiaran Margosa' />
    <tag k='name:ms' v='Persiaran Margosa' />
    <tag k='surface' v='asphalt' />
  </way>
  <way id='1194629123' timestamp='2025-08-19T16:56:25Z' uid='22220231' user='HaweaLake' visible='true' version='3' changeset='170681612'>
    <nd ref='11088037860' />
    <nd ref='10923632036' />
    <tag k='access' v='private' />
    <tag k='highway' v='residential' />
    <tag k='name' v='Jalan Saga SD 8/6' />
    <tag k='oneway' v='yes' />
    <tag k='surface' v='asphalt' />
  </way>
  <way id='1213764873' action='modify' timestamp='2023-10-07T06:29:11Z' uid='257555' user='rene78' visible='true' version='1' changeset='142256302'>
    <nd ref='1239287164' />
    <nd ref='1239287205' />
    <tag k='highway' v='residential' />
    <tag k='name' v='Jalan Ara SD 7/4' />
    <tag k='surface' v='asphalt' />
  </way>
  <way id='1213764874' action='delete' timestamp='2023-10-07T06:29:11Z' uid='257555' user='rene78' visible='true' version='1' changeset='142256302'>
    <tag k='highway' v='residential' />
    <tag k='name' v='Jalan Ara SD 7/5' />
    <tag k='surface' v='asphalt' />
  </way>
  <way id='1213764875' action='delete' timestamp='2023-10-07T06:29:11Z' uid='257555' user='rene78' visible='true' version='1' changeset='142256302'>
    <tag k='access' v='private' />
    <tag k='highway' v='residential' />
    <tag k='name' v='Jalan Ara SD 7/3' />
    <tag k='oneway' v='yes' />
    <tag k='surface' v='asphalt' />
  </way>
  <way id='1216685686' action='delete' timestamp='2023-10-19T04:26:47Z' uid='9658463' user='GrabMY_ainayusof' visible='true' version='1' changeset='142792196'>
    <tag k='highway' v='tertiary' />
    <tag k='lanes' v='2' />
    <tag k='name' v='Persiaran Margosa' />
    <tag k='oneway' v='yes' />
    <tag k='surface' v='asphalt' />
  </way>
  <way id='1216685687' action='delete' timestamp='2023-10-19T04:26:47Z' uid='9658463' user='GrabMY_ainayusof' visible='true' version='1' changeset='142792196'>
    <tag k='highway' v='residential' />
    <tag k='name' v='Jalan Kiara SD 11/1' />
    <tag k='surface' v='asphalt' />
  </way>
  <way id='1216685688' action='delete' timestamp='2023-10-19T04:26:47Z' uid='9658463' user='GrabMY_ainayusof' visible='true' version='1' changeset='142792196'>
    <tag k='highway' v='tertiary' />
    <tag k='lanes' v='2' />
    <tag k='name' v='Persiaran Margosa' />
    <tag k='oneway' v='yes' />
    <tag k='surface' v='asphalt' />
  </way>
  <way id='1216685689' action='delete' timestamp='2023-10-19T04:26:47Z' uid='9658463' user='GrabMY_ainayusof' visible='true' version='1' changeset='142792196'>
    <tag k='highway' v='residential' />
    <tag k='name' v='Jalan Kiara SD 11/1' />
    <tag k='surface' v='asphalt' />
  </way>
  <way id='1221481023' action='delete' timestamp='2023-11-06T06:34:54Z' uid='9658463' user='GrabMY_ainayusof' visible='true' version='1' changeset='143677936'>
    <tag k='highway' v='residential' />
    <tag k='name' v='Jalan Saga SD 8/5' />
    <tag k='oneway' v='yes' />
    <tag k='surface' v='asphalt' />
  </way>
  <way id='1221830280' action='delete' timestamp='2023-11-07T19:07:05Z' uid='20026515' user='rayth' visible='true' version='1' changeset='143750171'>
    <tag k='building' v='terrace' />
  </way>
  <way id='1221830281' action='delete' timestamp='2023-11-07T19:07:05Z' uid='20026515' user='rayth' visible='true' version='1' changeset='143750171'>
    <tag k='building' v='terrace' />
  </way>
  <way id='1221830282' action='delete' timestamp='2023-11-07T19:07:05Z' uid='20026515' user='rayth' visible='true' version='1' changeset='143750171'>
    <tag k='building' v='terrace' />
  </way>
  <way id='1221830283' action='delete' timestamp='2023-11-07T19:07:05Z' uid='20026515' user='rayth' visible='true' version='1' changeset='143750171'>
    <tag k='building' v='terrace' />
  </way>
  <way id='1221830288' action='delete' timestamp='2023-11-07T19:07:05Z' uid='20026515' user='rayth' visible='true' version='1' changeset='143750171'>
    <tag k='building' v='terrace' />
  </way>
  <way id='1221830289' action='delete' timestamp='2023-11-07T19:07:05Z' uid='20026515' user='rayth' visible='true' version='1' changeset='143750171'>
    <tag k='building' v='terrace' />
  </way>
  <way id='1221830290' action='delete' timestamp='2023-11-07T19:07:05Z' uid='20026515' user='rayth' visible='true' version='1' changeset='143750171'>
    <tag k='building' v='terrace' />
  </way>
  <way id='1221830291' action='delete' timestamp='2023-11-07T19:07:05Z' uid='20026515' user='rayth' visible='true' version='1' changeset='143750171'>
    <tag k='building' v='terrace' />
  </way>
  <way id='1221830292' action='delete' timestamp='2023-11-07T19:07:05Z' uid='20026515' user='rayth' visible='true' version='1' changeset='143750171'>
    <tag k='building' v='terrace' />
  </way>
  <way id='1221830294' action='delete' timestamp='2023-11-07T19:07:05Z' uid='20026515' user='rayth' visible='true' version='1' changeset='143750171'>
    <tag k='building' v='terrace' />
  </way>
  <way id='1221830295' action='delete' timestamp='2023-11-07T19:07:05Z' uid='20026515' user='rayth' visible='true' version='1' changeset='143750171'>
    <tag k='building' v='terrace' />
  </way>
  <way id='1221830296' action='delete' timestamp='2023-11-07T19:07:05Z' uid='20026515' user='rayth' visible='true' version='1' changeset='143750171'>
    <tag k='highway' v='service' />
    <tag k='service' v='alley' />
  </way>
  <way id='1221830297' action='delete' timestamp='2023-11-07T19:07:05Z' uid='20026515' user='rayth' visible='true' version='1' changeset='143750171'>
    <tag k='building' v='terrace' />
  </way>
  <way id='1221830298' action='delete' timestamp='2023-11-07T19:07:05Z' uid='20026515' user='rayth' visible='true' version='1' changeset='143750171'>
    <tag k='building' v='terrace' />
  </way>
  <way id='1221830299' action='delete' timestamp='2023-11-07T19:07:05Z' uid='20026515' user='rayth' visible='true' version='1' changeset='143750171'>
    <tag k='building' v='terrace' />
  </way>
  <way id='1221830300' action='delete' timestamp='2023-11-07T19:07:05Z' uid='20026515' user='rayth' visible='true' version='1' changeset='143750171'>
    <tag k='building' v='terrace' />
  </way>
  <way id='1221830301' action='delete' timestamp='2023-11-07T19:07:05Z' uid='20026515' user='rayth' visible='true' version='1' changeset='143750171'>
    <tag k='building' v='terrace' />
  </way>
  <way id='1221830302' action='delete' timestamp='2023-11-07T19:07:05Z' uid='20026515' user='rayth' visible='true' version='1' changeset='143750171'>
    <tag k='building' v='terrace' />
  </way>
  <way id='1221830303' action='delete' timestamp='2023-11-07T19:07:05Z' uid='20026515' user='rayth' visible='true' version='1' changeset='143750171'>
    <tag k='building' v='terrace' />
  </way>
  <way id='1221830304' action='delete' timestamp='2023-11-07T19:07:05Z' uid='20026515' user='rayth' visible='true' version='1' changeset='143750171'>
    <tag k='building' v='terrace' />
  </way>
  <way id='1221830305' action='delete' timestamp='2023-11-07T19:07:05Z' uid='20026515' user='rayth' visible='true' version='1' changeset='143750171'>
    <tag k='building' v='terrace' />
  </way>
  <way id='1221830306' action='delete' timestamp='2023-11-07T19:07:05Z' uid='20026515' user='rayth' visible='true' version='1' changeset='143750171'>
    <tag k='building' v='terrace' />
  </way>
  <way id='1221830307' action='delete' timestamp='2023-11-07T19:07:05Z' uid='20026515' user='rayth' visible='true' version='1' changeset='143750171'>
    <tag k='building' v='terrace' />
  </way>
  <way id='1221830308' action='delete' timestamp='2023-11-07T19:07:05Z' uid='20026515' user='rayth' visible='true' version='1' changeset='143750171'>
    <tag k='building' v='terrace' />
  </way>
  <way id='1221830309' action='delete' timestamp='2023-11-07T19:07:05Z' uid='20026515' user='rayth' visible='true' version='1' changeset='143750171'>
    <tag k='building' v='terrace' />
  </way>
  <way id='1221830310' action='delete' timestamp='2023-11-07T19:07:05Z' uid='20026515' user='rayth' visible='true' version='1' changeset='143750171'>
    <tag k='building' v='terrace' />
  </way>
  <way id='1221830347' action='delete' timestamp='2023-11-07T19:07:05Z' uid='20026515' user='rayth' visible='true' version='1' changeset='143750171'>
    <tag k='building' v='terrace' />
  </way>
  <way id='1221830348' action='delete' timestamp='2023-11-07T19:07:05Z' uid='20026515' user='rayth' visible='true' version='1' changeset='143750171'>
    <tag k='building' v='terrace' />
  </way>
  <way id='1221830349' action='delete' timestamp='2023-11-07T19:07:05Z' uid='20026515' user='rayth' visible='true' version='1' changeset='143750171'>
    <tag k='building' v='terrace' />
  </way>
  <way id='1221830350' action='delete' timestamp='2023-11-07T19:07:05Z' uid='20026515' user='rayth' visible='true' version='1' changeset='143750171'>
    <tag k='building' v='terrace' />
  </way>
  <way id='1221830353' action='delete' timestamp='2023-11-07T19:07:05Z' uid='20026515' user='rayth' visible='true' version='1' changeset='143750171'>
    <tag k='building' v='terrace' />
  </way>
  <way id='1221830354' action='delete' timestamp='2023-11-07T19:07:05Z' uid='20026515' user='rayth' visible='true' version='1' changeset='143750171'>
    <tag k='building' v='terrace' />
  </way>
  <way id='1221830355' action='delete' timestamp='2023-11-07T19:07:05Z' uid='20026515' user='rayth' visible='true' version='1' changeset='143750171'>
    <tag k='building' v='terrace' />
  </way>
  <way id='1221830356' action='delete' timestamp='2023-11-07T19:07:05Z' uid='20026515' user='rayth' visible='true' version='1' changeset='143750171'>
    <tag k='building' v='terrace' />
  </way>
  <way id='1221830357' action='delete' timestamp='2023-11-07T19:07:05Z' uid='20026515' user='rayth' visible='true' version='1' changeset='143750171'>
    <tag k='building' v='terrace' />
  </way>
  <way id='1221830358' action='delete' timestamp='2023-11-07T19:07:05Z' uid='20026515' user='rayth' visible='true' version='1' changeset='143750171'>
    <tag k='building' v='terrace' />
  </way>
  <way id='1221830359' action='delete' timestamp='2023-11-07T19:07:05Z' uid='20026515' user='rayth' visible='true' version='1' changeset='143750171'>
    <tag k='building' v='terrace' />
  </way>
  <way id='1221830360' action='delete' timestamp='2023-11-07T19:07:05Z' uid='20026515' user='rayth' visible='true' version='1' changeset='143750171'>
    <tag k='building' v='terrace' />
  </way>
  <way id='1221830361' action='delete' timestamp='2023-11-07T19:07:05Z' uid='20026515' user='rayth' visible='true' version='1' changeset='143750171'>
    <tag k='building' v='terrace' />
  </way>
  <way id='1221830362' action='delete' timestamp='2023-11-07T19:07:05Z' uid='20026515' user='rayth' visible='true' version='1' changeset='143750171'>
    <tag k='building' v='terrace' />
  </way>
  <way id='1221830363' action='delete' timestamp='2023-11-07T19:07:05Z' uid='20026515' user='rayth' visible='true' version='1' changeset='143750171'>
    <tag k='building' v='terrace' />
  </way>
  <way id='1221830364' action='delete' timestamp='2023-11-07T19:07:05Z' uid='20026515' user='rayth' visible='true' version='1' changeset='143750171'>
    <tag k='building' v='terrace' />
  </way>
  <way id='1226785466' timestamp='2024-02-15T06:43:18Z' uid='9658463' user='GrabMY_ainayusof' visible='true' version='3' changeset='147476311'>
    <nd ref='11375968581' />
    <nd ref='11375968586' />
    <nd ref='11375968582' />
    <tag k='highway' v='service' />
  </way>
  <way id='1226785467' timestamp='2024-08-29T11:17:57Z' uid='4573895' user='wanderer2' visible='true' version='2' changeset='155923137'>
    <nd ref='11375968581' />
    <nd ref='11375968584' />
    <tag k='highway' v='service' />
    <tag k='surface' v='asphalt' />
  </way>
  <way id='1226785468' timestamp='2024-08-29T11:17:17Z' uid='4573895' user='wanderer2' visible='true' version='2' changeset='155923137'>
    <nd ref='11375968587' />
    <nd ref='11375968585' />
    <nd ref='11375968582' />
    <tag k='highway' v='service' />
    <tag k='oneway' v='yes' />
    <tag k='surface' v='asphalt' />
  </way>
  <way id='1226785469' timestamp='2023-11-25T21:23:55Z' uid='20026515' user='rayth' visible='true' version='1' changeset='144454081'>
    <nd ref='11375968586' />
    <nd ref='11375968587' />
    <tag k='highway' v='service' />
    <tag k='oneway' v='yes' />
  </way>
  <way id='1226785470' timestamp='2026-05-03T20:07:21Z' uid='3191182' user='angys' visible='true' version='5' changeset='182177084'>
    <nd ref='1927184892' />
    <nd ref='13791659459' />
    <nd ref='11375968588' />
    <nd ref='11375968584' />
    <tag k='highway' v='service' />
    <tag k='oneway' v='yes' />
    <tag k='surface' v='asphalt' />
  </way>
  <way id='1226785471' timestamp='2024-08-29T11:17:52Z' uid='4573895' user='wanderer2' visible='true' version='2' changeset='155923137'>
    <nd ref='11375968584' />
    <nd ref='11375968579' />
    <nd ref='11375968580' />
    <nd ref='11375968581' />
    <tag k='highway' v='service' />
    <tag k='oneway' v='yes' />
    <tag k='surface' v='asphalt' />
  </way>
  <way id='1237933342' action='modify' timestamp='2026-05-03T20:07:21Z' uid='3191182' user='angys' visible='true' version='4' changeset='182177084'>
    <nd ref='11498745276' />
    <nd ref='11498745277' />
    <nd ref='11498745278' />
    <nd ref='11498745288' />
    <nd ref='11498745279' />
    <nd ref='11498745280' />
    <nd ref='13791659452' />
    <nd ref='11498745290' />
    <nd ref='11498745289' />
    <nd ref='11498745281' />
    <nd ref='11538744990' />
    <nd ref='11498745291' />
    <nd ref='11498745282' />
    <nd ref='11498745283' />
    <nd ref='11498745284' />
    <nd ref='13791659459' />
    <nd ref='13791659456' />
    <nd ref='13791659458' />
    <nd ref='13791659457' />
    <tag k='footway' v='sidewalk' />
    <tag k='highway' v='footway' />
    <tag k='surface' v='asphalt' />
  </way>
  <way id='1250682535' timestamp='2026-05-03T20:07:21Z' uid='3191182' user='angys' visible='true' version='3' changeset='182177084'>
    <nd ref='11375968582' />
    <nd ref='11625973750' />
    <nd ref='13791659458' />
    <nd ref='11375968583' />
    <tag k='highway' v='service' />
    <tag k='oneway' v='yes' />
    <tag k='surface' v='asphalt' />
  </way>
  <way id='1250683198' timestamp='2026-03-25T11:21:54Z' uid='21901233' user='infrevdev' visible='true' version='3' changeset='180402341'>
    <nd ref='474922037' />
    <nd ref='1928630126' />
    <nd ref='474928987' />
    <nd ref='1927184947' />
    <nd ref='474928345' />
    <nd ref='1239287233' />
    <nd ref='1239566839' />
    <tag k='highway' v='secondary' />
    <tag k='lanes' v='3' />
    <tag k='name' v='Persiaran Perdana' />
    <tag k='name:ms' v='Persiaran Perdana' />
    <tag k='oneway' v='yes' />
    <tag k='surface' v='asphalt' />
  </way>
  <way id='1250683199' timestamp='2024-02-15T06:43:18Z' uid='9658463' user='GrabMY_ainayusof' visible='true' version='1' changeset='147476311'>
    <nd ref='1927184892' />
    <nd ref='7241013382' />
    <tag k='highway' v='secondary' />
    <tag k='lanes' v='2' />
    <tag k='name' v='Persiaran Perdana' />
    <tag k='oneway' v='yes' />
    <tag k='placement' v='middle_of:2' />
    <tag k='surface' v='asphalt' />
  </way>
  <way id='1288229926' action='delete' timestamp='2024-05-31T05:38:07Z' uid='9940138' user='Zh9567' visible='true' version='1' changeset='152062492'>
    <tag k='building' v='school' />
  </way>
  <way id='1351503423' timestamp='2025-01-15T06:49:40Z' uid='9658463' user='GrabMY_ainayusof' visible='true' version='1' changeset='161368567'>
    <nd ref='1239242579' />
    <nd ref='12503933581' />
    <tag k='highway' v='tertiary' />
    <tag k='lanes' v='2' />
    <tag k='name' v='Persiaran Kenanga' />
    <tag k='surface' v='asphalt' />
  </way>
  <way id='1351503424' timestamp='2025-01-15T06:49:40Z' uid='9658463' user='GrabMY_ainayusof' visible='true' version='1' changeset='161368567'>
    <nd ref='1239206892' />
    <nd ref='474926062' />
    <tag k='highway' v='tertiary' />
    <tag k='lanes' v='2' />
    <tag k='name' v='Persiaran Kenanga' />
    <tag k='surface' v='asphalt' />
  </way>
  <way id='1351503425' action='delete' timestamp='2025-01-15T06:49:40Z' uid='9658463' user='GrabMY_ainayusof' visible='true' version='1' changeset='161368567'>
    <tag k='highway' v='residential' />
    <tag k='name' v='Jalan SD 9/5A' />
  </way>
  <way id='1351503426' action='delete' timestamp='2025-01-15T06:49:40Z' uid='9658463' user='GrabMY_ainayusof' visible='true' version='1' changeset='161368567'>
    <tag k='highway' v='residential' />
    <tag k='name' v='Jalan Kenanga SD 9/5' />
  </way>
  <way id='1351503427' action='delete' timestamp='2025-01-15T06:49:40Z' uid='9658463' user='GrabMY_ainayusof' visible='true' version='1' changeset='161368567'>
    <tag k='highway' v='residential' />
    <tag k='name' v='Jalan Kenanga SD 9/5' />
  </way>
  <way id='1351503428' timestamp='2025-01-15T06:49:40Z' uid='9658463' user='GrabMY_ainayusof' visible='true' version='1' changeset='161368567'>
    <nd ref='1239242569' />
    <nd ref='1239242660' />
    <tag k='highway' v='residential' />
    <tag k='name' v='Jalan Saga SD 8/1' />
    <tag k='surface' v='asphalt' />
  </way>
  <way id='1351503429' timestamp='2025-01-15T06:49:40Z' uid='9658463' user='GrabMY_ainayusof' visible='true' version='1' changeset='161368567'>
    <nd ref='1239242579' />
    <nd ref='12503933586' />
    <nd ref='12503933585' />
    <nd ref='12503933584' />
    <tag k='highway' v='residential' />
    <tag k='oneway' v='yes' />
  </way>
  <way id='1351503430' timestamp='2025-01-15T06:49:40Z' uid='9658463' user='GrabMY_ainayusof' visible='true' version='1' changeset='161368567'>
    <nd ref='12503933584' />
    <nd ref='12503933583' />
    <nd ref='12503933582' />
    <nd ref='12503933581' />
    <tag k='highway' v='residential' />
    <tag k='oneway' v='yes' />
  </way>
  <way id='1351503431' timestamp='2025-01-15T06:49:40Z' uid='9658463' user='GrabMY_ainayusof' visible='true' version='1' changeset='161368567'>
    <nd ref='12503933581' />
    <nd ref='1239206892' />
    <tag k='highway' v='tertiary' />
    <tag k='lanes' v='2' />
    <tag k='name' v='Persiaran Kenanga' />
    <tag k='surface' v='asphalt' />
  </way>
  <way id='1366554229' action='delete' timestamp='2025-03-12T13:11:44Z' uid='21272598' user='BrancoRiver' visible='true' version='1' changeset='163527498'>
    <tag k='highway' v='residential' />
  </way>
  <way id='1366554230' action='delete' timestamp='2025-03-12T13:11:44Z' uid='21272598' user='BrancoRiver' visible='true' version='1' changeset='163527498'>
    <tag k='highway' v='residential' />
    <tag k='name' v='Jalan Margosa SD 10/4' />
  </way>
  <way id='1410297430' action='delete' timestamp='2025-06-28T07:17:35Z' uid='257555' user='rene78' visible='true' version='1' changeset='168215248'>
    <tag k='highway' v='service' />
  </way>
  <way id='1410297431' action='delete' timestamp='2025-06-28T07:17:35Z' uid='257555' user='rene78' visible='true' version='1' changeset='168215248'>
    <tag k='building' v='apartments' />
  </way>
  <way id='1410297432' action='delete' timestamp='2025-06-28T07:17:35Z' uid='257555' user='rene78' visible='true' version='1' changeset='168215248'>
    <tag k='building' v='apartments' />
  </way>
  <way id='1410297433' action='delete' timestamp='2025-06-28T07:17:35Z' uid='257555' user='rene78' visible='true' version='1' changeset='168215248'>
    <tag k='building' v='apartments' />
  </way>
  <way id='1410297434' action='delete' timestamp='2025-06-28T07:17:35Z' uid='257555' user='rene78' visible='true' version='1' changeset='168215248'>
    <tag k='building' v='yes' />
  </way>
  <way id='1410297435' action='delete' timestamp='2025-06-28T07:17:35Z' uid='257555' user='rene78' visible='true' version='1' changeset='168215248'>
    <tag k='access' v='private' />
    <tag k='leisure' v='swimming_pool' />
  </way>
  <way id='1410938677' action='modify' timestamp='2025-06-30T15:38:48Z' uid='16853698' user='LakePeipus' visible='true' version='1' changeset='168315588'>
    <nd ref='7960878039' />
    <nd ref='1239567004' />
    <nd ref='1239566895' />
    <nd ref='1239566847' />
    <nd ref='1239566889' />
    <nd ref='1239567048' />
    <tag k='access' v='private' />
    <tag k='highway' v='residential' />
    <tag k='lanes' v='2' />
    <tag k='name' v='Jalan Kenanga SD 9/1' />
    <tag k='oneway' v='yes' />
    <tag k='surface' v='asphalt' />
  </way>
  <way id='1415117805' action='delete' timestamp='2025-07-16T08:48:33Z' uid='257555' user='rene78' visible='true' version='1' changeset='169001647'>
    <tag k='highway' v='steps' />
    <tag k='incline' v='down' />
  </way>
  <way id='1415117806' action='delete' timestamp='2025-07-16T08:48:33Z' uid='257555' user='rene78' visible='true' version='1' changeset='169001647'>
    <tag k='highway' v='footway' />
  </way>
  <way id='1415117807' action='delete' timestamp='2025-07-16T08:48:33Z' uid='257555' user='rene78' visible='true' version='1' changeset='169001647'>
    <tag k='highway' v='footway' />
  </way>
  <way id='1415117808' action='delete' timestamp='2025-07-16T08:48:33Z' uid='257555' user='rene78' visible='true' version='1' changeset='169001647'>
    <tag k='highway' v='footway' />
  </way>
  <way id='1415117815' action='delete' timestamp='2025-07-16T08:48:33Z' uid='257555' user='rene78' visible='true' version='1' changeset='169001647'>
    <tag k='building' v='service' />
    <tag k='power' v='substation' />
  </way>
  <way id='1415117816' action='delete' timestamp='2025-07-16T08:48:33Z' uid='257555' user='rene78' visible='true' version='1' changeset='169001647'>
    <tag k='landuse' v='industrial' />
  </way>
  <way id='1415117817' action='delete' timestamp='2025-07-16T08:48:33Z' uid='257555' user='rene78' visible='true' version='1' changeset='169001647'>
    <tag k='highway' v='service' />
  </way>
  <way id='1415117818' action='delete' timestamp='2025-07-16T08:48:33Z' uid='257555' user='rene78' visible='true' version='1' changeset='169001647'>
    <tag k='highway' v='residential' />
  </way>
  <way id='1415117819' action='delete' timestamp='2025-07-16T08:48:33Z' uid='257555' user='rene78' visible='true' version='1' changeset='169001647'>
    <tag k='highway' v='service' />
  </way>
  <way id='1415117820' action='delete' timestamp='2025-07-16T08:48:33Z' uid='257555' user='rene78' visible='true' version='1' changeset='169001647'>
    <tag k='highway' v='track' />
  </way>
  <way id='1415117821' action='delete' timestamp='2025-07-16T08:48:33Z' uid='257555' user='rene78' visible='true' version='1' changeset='169001647'>
    <tag k='landuse' v='retail' />
  </way>
  <way id='1415117822' action='delete' timestamp='2025-07-16T08:48:33Z' uid='257555' user='rene78' visible='true' version='1' changeset='169001647'>
    <tag k='landuse' v='retail' />
  </way>
  <way id='1423351112' action='delete' timestamp='2025-08-19T16:56:25Z' uid='22220231' user='HaweaLake' visible='true' version='1' changeset='170681612'>
    <tag k='highway' v='residential' />
    <tag k='name' v='Jalan Saga SD 8/2' />
  </way>
  <way id='1423351113' action='delete' timestamp='2025-08-19T16:56:25Z' uid='22220231' user='HaweaLake' visible='true' version='1' changeset='170681612'>
    <tag k='highway' v='residential' />
    <tag k='name' v='Jalan Saga SD 8/3' />
  </way>
  <way id='1423351114' action='delete' timestamp='2025-08-19T16:56:25Z' uid='22220231' user='HaweaLake' visible='true' version='1' changeset='170681612'>
    <tag k='highway' v='residential' />
    <tag k='name' v='Jalan Saga SD 8/4' />
  </way>
  <way id='1423351115' timestamp='2025-08-19T16:56:25Z' uid='22220231' user='HaweaLake' visible='true' version='1' changeset='170681612'>
    <nd ref='1927184854' />
    <nd ref='1239242612' />
    <tag k='access' v='private' />
    <tag k='highway' v='residential' />
    <tag k='name' v='Jalan Saga SD 8/6' />
    <tag k='surface' v='asphalt' />
  </way>
  <way id='1423351116' timestamp='2025-08-19T16:56:25Z' uid='22220231' user='HaweaLake' visible='true' version='1' changeset='170681612'>
    <nd ref='10923632036' />
    <nd ref='474926062' />
    <tag k='highway' v='residential' />
    <tag k='name' v='Jalan Saga SD 8/6' />
    <tag k='oneway' v='yes' />
    <tag k='surface' v='asphalt' />
  </way>
  <way id='1494680907' action='delete' timestamp='2026-03-31T18:07:48Z' uid='22951876' user='MolopoRiver' visible='true' version='1' changeset='180686598'>
    <tag k='access' v='private' />
    <tag k='highway' v='service' />
  </way>
  <way id='1494680908' action='delete' timestamp='2026-03-31T18:07:48Z' uid='22951876' user='MolopoRiver' visible='true' version='1' changeset='180686598'>
    <tag k='access' v='private' />
    <tag k='highway' v='service' />
  </way>
  <way id='1520562390' timestamp='2026-05-24T10:54:00Z' uid='3191182' user='angys' visible='true' version='1' changeset='183101597'>
    <nd ref='1927184950' />
    <nd ref='1928630154' />
    <tag k='highway' v='secondary' />
    <tag k='lanes' v='3' />
    <tag k='name' v='Persiaran Perdana' />
    <tag k='name:ms' v='Persiaran Perdana' />
    <tag k='oneway' v='yes' />
    <tag k='surface' v='asphalt' />
  </way>
  <way id='1528754126' action='delete' timestamp='2026-06-12T11:26:22Z' uid='23046051' user='NamibDesert' visible='true' version='1' changeset='184012496'>
    <tag k='highway' v='residential' />
    <tag k='name' v='Jalan Margosa SD 10/5' />
  </way>
  <way id='1528754127' action='delete' timestamp='2026-06-12T11:26:22Z' uid='23046051' user='NamibDesert' visible='true' version='1' changeset='184012496'>
    <tag k='highway' v='service' />
    <tag k='service' v='alley' />
  </way>
  <way id='1528754128' action='delete' timestamp='2026-06-12T11:26:22Z' uid='23046051' user='NamibDesert' visible='true' version='1' changeset='184012496'>
    <tag k='highway' v='service' />
    <tag k='service' v='alley' />
  </way>
  <way id='1530245742' action='modify' timestamp='2026-06-17T03:46:32Z' uid='24218636' user='Kok Yuan Ting' visible='true' version='1' changeset='184206959'>
    <nd ref='474929865' />
    <nd ref='13946726032' />
    <nd ref='13946726033' />
    <nd ref='13946726034' />
    <tag k='highway' v='tertiary' />
    <tag k='lanes' v='1' />
    <tag k='name' v='Persiaran Kenanga' />
    <tag k='name:ms' v='Persiaran Kenanga' />
    <tag k='surface' v='asphalt' />
    <tag k='turn:lanes:forward' v='right' />
  </way>
  <way id='1530245743' action='modify' timestamp='2026-06-17T03:46:32Z' uid='24218636' user='Kok Yuan Ting' visible='true' version='1' changeset='184206959'>
    <nd ref='13946726031' />
    <nd ref='13946726035' />
    <nd ref='13946726036' />
    <nd ref='474929865' />
    <tag k='highway' v='tertiary' />
    <tag k='lanes' v='1' />
    <tag k='name' v='Persiaran Kenanga' />
    <tag k='name:ms' v='Persiaran Kenanga' />
    <tag k='surface' v='asphalt' />
    <tag k='turn:lanes:forward' v='right' />
  </way>
  <relation id='8347386' timestamp='2025-03-25T21:30:06Z' uid='6255481' user='ongn' visible='true' version='108' changeset='164098034'>
    <member type='node' ref='254073469' role='label' />
    <member type='way' ref='772517073' role='outer' />
    <member type='way' ref='1245416078' role='outer' />
    <member type='way' ref='1245330882' role='outer' />
    <member type='way' ref='1244962442' role='outer' />
    <member type='way' ref='1244888211' role='outer' />
    <member type='way' ref='1188162267' role='outer' />
    <member type='way' ref='1244230286' role='outer' />
    <member type='way' ref='1243372776' role='outer' />
    <member type='way' ref='1243372778' role='outer' />
    <member type='way' ref='1242575607' role='outer' />
    <member type='way' ref='1313146599' role='outer' />
    <member type='way' ref='1188156126' role='outer' />
    <member type='way' ref='1313146600' role='outer' />
    <member type='way' ref='1242575604' role='outer' />
    <member type='way' ref='1313146598' role='outer' />
    <member type='way' ref='1241423420' role='outer' />
    <member type='way' ref='1241500464' role='outer' />
    <member type='way' ref='1264557113' role='outer' />
    <member type='way' ref='1241423433' role='outer' />
    <member type='way' ref='1241500461' role='outer' />
    <member type='way' ref='1264557115' role='outer' />
    <member type='way' ref='1241423435' role='outer' />
    <member type='way' ref='1241423437' role='outer' />
    <member type='way' ref='1249913584' role='outer' />
    <member type='way' ref='1240454260' role='outer' />
    <member type='way' ref='1249913583' role='outer' />
    <member type='way' ref='1309045010' role='outer' />
    <member type='way' ref='1240454248' role='outer' />
    <member type='way' ref='1309045009' role='outer' />
    <member type='way' ref='1240454251' role='outer' />
    <member type='way' ref='1240454257' role='outer' />
    <member type='way' ref='1240454255' role='outer' />
    <member type='way' ref='1240454249' role='outer' />
    <member type='way' ref='1240454256' role='outer' />
    <member type='way' ref='1238341552' role='outer' />
    <member type='way' ref='1235511030' role='outer' />
    <member type='way' ref='1234563266' role='outer' />
    <member type='way' ref='1235227646' role='outer' />
    <member type='way' ref='1234843994' role='outer' />
    <member type='way' ref='1234843998' role='outer' />
    <member type='way' ref='1234563265' role='outer' />
    <member type='way' ref='1234843992' role='outer' />
    <member type='way' ref='1234843991' role='outer' />
    <member type='way' ref='1234843997' role='outer' />
    <member type='way' ref='1234585105' role='outer' />
    <member type='way' ref='1234585102' role='outer' />
    <member type='way' ref='1234674669' role='outer' />
    <member type='way' ref='1234586607' role='outer' />
    <member type='way' ref='1242213836' role='outer' />
    <member type='way' ref='775644607' role='outer' />
    <member type='way' ref='1234586606' role='outer' />
    <member type='way' ref='1234674663' role='outer' />
    <member type='way' ref='1234781454' role='outer' />
    <member type='way' ref='1242213834' role='outer' />
    <member type='way' ref='1234585103' role='outer' />
    <member type='way' ref='1230325441' role='outer' />
    <member type='way' ref='1240516071' role='outer' />
    <member type='way' ref='1240756431' role='outer' />
    <member type='way' ref='1230335184' role='outer' />
    <member type='way' ref='1230579220' role='outer' />
    <member type='way' ref='1245306321' role='outer' />
    <member type='way' ref='1245306320' role='outer' />
    <member type='way' ref='1245306319' role='outer' />
    <member type='way' ref='1245825048' role='outer' />
    <member type='way' ref='775644609' role='outer' />
    <member type='way' ref='1230811581' role='outer' />
    <member type='way' ref='1230586560' role='outer' />
    <member type='way' ref='1245426212' role='outer' />
    <member type='way' ref='823359081' role='outer' />
    <member type='way' ref='1230811580' role='outer' />
    <member type='way' ref='1323767200' role='outer' />
    <member type='way' ref='823359072' role='outer' />
    <member type='way' ref='1323767202' role='outer' />
    <member type='way' ref='1245421100' role='outer' />
    <member type='way' ref='775644750' role='outer' />
    <member type='way' ref='1245416077' role='outer' />
    <member type='relation' ref='17061010' role='subarea' />
    <member type='relation' ref='17055673' role='subarea' />
    <member type='relation' ref='17061003' role='subarea' />
    <member type='relation' ref='17060996' role='subarea' />
    <member type='relation' ref='17060987' role='subarea' />
    <member type='relation' ref='17056748' role='subarea' />
    <member type='relation' ref='17065287' role='subarea' />
    <member type='relation' ref='17069650' role='section' />
    <member type='relation' ref='17072867' role='subarea' />
    <member type='relation' ref='17065056' role='subarea' />
    <member type='relation' ref='17066095' role='subarea' />
    <member type='relation' ref='17065397' role='subarea' />
    <member type='relation' ref='17077663' role='subarea' />
    <member type='relation' ref='17077548' role='subarea' />
    <member type='relation' ref='17075600' role='subarea' />
    <member type='relation' ref='17075384' role='subarea' />
    <member type='relation' ref='17052568' role='subarea' />
    <member type='relation' ref='17073694' role='subarea' />
    <member type='relation' ref='17081725' role='subarea' />
    <member type='relation' ref='17086552' role='subarea' />
    <member type='relation' ref='17086551' role='subarea' />
    <member type='relation' ref='17040402' role='subarea' />
    <member type='relation' ref='17100422' role='subarea' />
    <member type='relation' ref='17078184' role='subarea' />
    <member type='relation' ref='17079035' role='subarea' />
    <member type='relation' ref='17071581' role='subarea' />
    <member type='relation' ref='17051666' role='subarea' />
    <member type='relation' ref='17101075' role='subarea' />
    <member type='relation' ref='17051416' role='subarea' />
    <member type='relation' ref='17049280' role='subarea' />
    <member type='relation' ref='17049041' role='subarea' />
    <member type='relation' ref='17046669' role='subarea' />
    <member type='relation' ref='17041292' role='subarea' />
    <member type='relation' ref='17044520' role='subarea' />
    <member type='relation' ref='17065212' role='subarea' />
    <member type='relation' ref='17045721' role='subarea' />
    <member type='relation' ref='16888022' role='subarea' />
    <member type='relation' ref='17041291' role='subarea' />
    <member type='relation' ref='17132086' role='subarea' />
    <member type='relation' ref='17133500' role='subarea' />
    <member type='relation' ref='17131623' role='subarea' />
    <member type='relation' ref='17131624' role='subarea' />
    <member type='relation' ref='17129962' role='subarea' />
    <member type='relation' ref='17128675' role='subarea' />
    <member type='relation' ref='17126963' role='subarea' />
    <member type='relation' ref='17133800' role='subarea' />
    <member type='relation' ref='17005186' role='subarea' />
    <member type='relation' ref='16999240' role='subarea' />
    <member type='relation' ref='16901854' role='subarea' />
    <member type='relation' ref='16896981' role='subarea' />
    <member type='relation' ref='12011799' role='subarea' />
    <member type='relation' ref='16892888' role='subarea' />
    <member type='relation' ref='16886641' role='subarea' />
    <member type='relation' ref='16886642' role='subarea' />
    <member type='relation' ref='17136990' role='subarea' />
    <member type='relation' ref='17137931' role='subarea' />
    <member type='relation' ref='17137932' role='subarea' />
    <member type='relation' ref='17144671' role='subarea' />
    <member type='relation' ref='17144602' role='subarea' />
    <member type='relation' ref='17139691' role='subarea' />
    <member type='relation' ref='17135864' role='subarea' />
    <member type='relation' ref='17138409' role='subarea' />
    <member type='relation' ref='17139509' role='subarea' />
    <member type='relation' ref='17139508' role='subarea' />
    <member type='relation' ref='17139543' role='subarea' />
    <tag k='admin_level' v='7' />
    <tag k='alt_name:ar' v='بيتالينغ جايا;بيتالينج جايا' />
    <tag k='border_type' v='local_authority' />
    <tag k='boundary' v='administrative' />
    <tag k='name' v='Petaling Jaya' />
    <tag k='name:ar' v='بيتالينق جايا' />
    <tag k='name:ms' v='Petaling Jaya' />
    <tag k='name:ms-Arab' v='ڤتاليڠ جاي' />
    <tag k='name:zh' v='八打灵再也' />
    <tag k='place' v='municipality' />
    <tag k='short_name' v='PJ' />
    <tag k='type' v='boundary' />
    <tag k='wikidata' v='Q864965' />
    <tag k='wikipedia' v='en:Petaling Jaya' />
  </relation>
  <relation id='10421009' timestamp='2020-02-28T20:15:18Z' uid='9965337' user='ReedtheRiver' visible='true' version='4' changeset='81605836'>
    <member type='way' ref='39619063' role='via' />
    <member type='way' ref='777160375' role='to' />
    <member type='way' ref='777160373' role='from' />
    <tag k='restriction' v='no_u_turn' />
    <tag k='type' v='restriction' />
  </relation>
  <relation id='10747835' timestamp='2026-06-15T15:14:47Z' uid='24218636' user='Kok Yuan Ting' visible='true' version='2' changeset='184142862'>
    <member type='way' ref='776021084' role='from' />
    <member type='node' ref='474929865' role='via' />
    <tag k='restriction' v='only_straight_on' />
    <tag k='type' v='restriction' />
  </relation>
  <relation id='10747836' timestamp='2026-06-15T15:14:47Z' uid='24218636' user='Kok Yuan Ting' visible='true' version='2' changeset='184142862'>
    <member type='node' ref='474929865' role='via' />
    <member type='way' ref='776021086' role='to' />
    <tag k='restriction' v='no_u_turn' />
    <tag k='type' v='restriction' />
  </relation>
  <relation id='10761640' timestamp='2020-02-28T20:15:17Z' uid='9965337' user='ReedtheRiver' visible='true' version='1' changeset='81605836'>
    <member type='way' ref='777160375' role='from' />
    <member type='way' ref='777159293' role='via' />
    <member type='way' ref='777160373' role='to' />
    <tag k='restriction' v='no_u_turn' />
    <tag k='type' v='restriction' />
  </relation>
  <relation id='12632784' timestamp='2021-04-26T18:38:27Z' uid='9575699' user='aDSAT' visible='true' version='1' changeset='103656016'>
    <member type='way' ref='859429322' role='from' />
    <member type='node' ref='1927184932' role='via' />
    <member type='way' ref='859429321' role='to' />
    <tag k='restriction' v='no_straight_on' />
    <tag k='type' v='restriction' />
  </relation>
  <relation id='15336555' timestamp='2023-01-19T07:16:09Z' uid='6458217' user='GrabMY_FaizDjamil' visible='true' version='1' changeset='131450848'>
    <member type='way' ref='756118317' role='from' />
    <member type='way' ref='776369869' role='via' />
    <member type='way' ref='776369868' role='to' />
    <tag k='restriction' v='no_u_turn' />
    <tag k='type' v='restriction' />
  </relation>
  <relation id='15857896' timestamp='2023-05-15T08:50:34Z' uid='14148368' user='GrabMY_Irfan Zahid' visible='true' version='1' changeset='136115456'>
    <member type='way' ref='859429322' role='from' />
    <member type='node' ref='1927184932' role='via' />
    <member type='way' ref='1173001826' role='to' />
    <tag k='restriction' v='no_right_turn' />
    <tag k='type' v='restriction' />
  </relation>
  <relation id='15857897' timestamp='2023-05-15T08:50:34Z' uid='14148368' user='GrabMY_Irfan Zahid' visible='true' version='1' changeset='136115456'>
    <member type='way' ref='1173001828' role='from' />
    <member type='node' ref='1927184932' role='via' />
    <member type='way' ref='859429321' role='to' />
    <tag k='restriction' v='no_right_turn' />
    <tag k='type' v='restriction' />
  </relation>
  <relation id='15857898' timestamp='2026-05-24T10:54:00Z' uid='3191182' user='angys' visible='true' version='2' changeset='183101597'>
    <member type='way' ref='1173001830' role='from' />
    <member type='node' ref='1927184950' role='via' />
    <member type='way' ref='1520562390' role='to' />
    <tag k='restriction' v='no_left_turn' />
    <tag k='type' v='restriction' />
  </relation>
  <relation id='15857899' timestamp='2023-05-15T08:50:34Z' uid='14148368' user='GrabMY_Irfan Zahid' visible='true' version='1' changeset='136115456'>
    <member type='way' ref='1173001829' role='from' />
    <member type='node' ref='1983979095' role='via' />
    <member type='way' ref='859423754' role='to' />
    <tag k='restriction' v='no_left_turn' />
    <tag k='type' v='restriction' />
  </relation>
  <relation id='15857900' timestamp='2023-05-15T08:50:34Z' uid='14148368' user='GrabMY_Irfan Zahid' visible='true' version='1' changeset='136115456'>
    <member type='way' ref='1173001829' role='from' />
    <member type='way' ref='1173001827' role='via' />
    <member type='way' ref='935525160' role='to' />
    <tag k='restriction' v='no_right_turn' />
    <tag k='type' v='restriction' />
  </relation>
  <relation id='15857902' timestamp='2023-05-15T08:50:34Z' uid='14148368' user='GrabMY_Irfan Zahid' visible='true' version='1' changeset='136115456'>
    <member type='way' ref='1173001830' role='from' />
    <member type='way' ref='935525160' role='via' />
    <member type='way' ref='935525165' role='to' />
    <tag k='restriction' v='no_u_turn' />
    <tag k='type' v='restriction' />
  </relation>
  <relation id='16519415' action='delete' timestamp='2023-10-19T04:26:47Z' uid='9658463' user='GrabMY_ainayusof' visible='true' version='1' changeset='142792196'>
    <tag k='restriction' v='no_right_turn' />
    <tag k='type' v='restriction' />
  </relation>
  <relation id='16740674' timestamp='2023-11-23T03:55:38Z' uid='9658463' user='GrabMY_ainayusof' visible='true' version='1' changeset='144350509'>
    <member type='way' ref='777159294' role='from' />
    <member type='node' ref='7251588323' role='via' />
    <member type='way' ref='756118316' role='to' />
    <tag k='restriction' v='no_right_turn' />
    <tag k='type' v='restriction' />
  </relation>
  <relation id='17139508' timestamp='2024-02-04T14:20:16Z' uid='17227421' user='mataharimau' visible='true' version='4' changeset='147055697'>
    <member type='node' ref='11584262512' role='label' />
    <member type='way' ref='1245416079' role='outer' />
    <member type='way' ref='772517073' role='outer' />
    <member type='way' ref='1245416077' role='outer' />
    <member type='way' ref='1245416076' role='outer' />
    <tag k='admin_level' v='10' />
    <tag k='border_type' v='local_authority' />
    <tag k='boundary' v='administrative' />
    <tag k='name' v='PJU 9' />
    <tag k='name:en' v='PJU 9' />
    <tag k='name:ms' v='PJU 9' />
    <tag k='type' v='boundary' />
  </relation>
  <relation id='17216544' timestamp='2024-02-15T06:43:18Z' uid='9658463' user='GrabMY_ainayusof' visible='true' version='1' changeset='147476311'>
    <member type='way' ref='756118317' role='from' />
    <member type='node' ref='474922037' role='via' />
    <member type='way' ref='776079599' role='to' />
    <tag k='restriction' v='no_right_turn' />
    <tag k='type' v='restriction' />
  </relation>
  <relation id='17216545' timestamp='2024-02-15T06:43:18Z' uid='9658463' user='GrabMY_ainayusof' visible='true' version='1' changeset='147476311'>
    <member type='way' ref='39620642' role='from' />
    <member type='node' ref='474922037' role='via' />
    <member type='way' ref='776079599' role='to' />
    <tag k='restriction' v='no_left_turn' />
    <tag k='type' v='restriction' />
  </relation>
  <relation id='17216546' timestamp='2024-02-15T06:43:18Z' uid='9658463' user='GrabMY_ainayusof' visible='true' version='1' changeset='147476311'>
    <member type='way' ref='776079600' role='from' />
    <member type='node' ref='474922037' role='via' />
    <member type='way' ref='1250683198' role='to' />
    <tag k='restriction' v='no_left_turn' />
    <tag k='type' v='restriction' />
  </relation>
  <relation id='17216547' timestamp='2024-02-15T06:43:18Z' uid='9658463' user='GrabMY_ainayusof' visible='true' version='1' changeset='147476311'>
    <member type='way' ref='756118317' role='from' />
    <member type='node' ref='474922037' role='via' />
    <member type='way' ref='776079600' role='to' />
    <tag k='restriction' v='no_left_turn' />
    <tag k='type' v='restriction' />
  </relation>
  <relation id='17216549' timestamp='2024-02-15T06:43:18Z' uid='9658463' user='GrabMY_ainayusof' visible='true' version='1' changeset='147476311'>
    <member type='way' ref='776079600' role='from' />
    <member type='node' ref='1928630011' role='via' />
    <member type='way' ref='182502405' role='to' />
    <tag k='restriction' v='no_right_turn' />
    <tag k='type' v='restriction' />
  </relation>
  <relation id='17216550' timestamp='2024-02-15T06:43:18Z' uid='9658463' user='GrabMY_ainayusof' visible='true' version='1' changeset='147476311'>
    <member type='way' ref='191861354' role='from' />
    <member type='node' ref='1928630011' role='via' />
    <member type='way' ref='182502405' role='to' />
    <tag k='restriction' v='no_right_turn' />
    <tag k='type' v='restriction' />
  </relation>
  <relation id='17216551' timestamp='2024-02-15T06:43:18Z' uid='9658463' user='GrabMY_ainayusof' visible='true' version='1' changeset='147476311'>
    <member type='way' ref='191861354' role='from' />
    <member type='node' ref='1928630011' role='via' />
    <member type='way' ref='776079600' role='to' />
    <tag k='restriction' v='no_right_turn' />
    <tag k='type' v='restriction' />
  </relation>
  <relation id='17477310' timestamp='2024-04-16T06:59:51Z' uid='9658463' user='GrabMY_ainayusof' visible='true' version='1' changeset='150068905'>
    <member type='way' ref='1250683198' role='from' />
    <member type='node' ref='1239566839' role='via' />
    <member type='way' ref='776369866' role='to' />
    <tag k='restriction' v='no_right_turn' />
    <tag k='type' v='restriction' />
  </relation>
  <relation id='17477313' timestamp='2024-04-16T06:59:51Z' uid='9658463' user='GrabMY_ainayusof' visible='true' version='1' changeset='150068905'>
    <member type='way' ref='107949925' role='from' />
    <member type='node' ref='1239566839' role='via' />
    <member type='way' ref='776369866' role='to' />
    <tag k='restriction' v='no_left_turn' />
    <tag k='type' v='restriction' />
  </relation>
  <relation id='17477314' timestamp='2024-04-16T06:59:51Z' uid='9658463' user='GrabMY_ainayusof' visible='true' version='1' changeset='150068905'>
    <member type='way' ref='107949925' role='from' />
    <member type='node' ref='1239566839' role='via' />
    <member type='way' ref='1272969890' role='to' />
    <tag k='restriction' v='no_right_turn' />
    <tag k='type' v='restriction' />
  </relation>
  <relation id='17841243' action='modify' timestamp='2024-07-16T01:37:15Z' uid='9658463' user='GrabMY_ainayusof' visible='true' version='1' changeset='153994331'>
    <member type='way' ref='301872192' role='from' />
    <member type='way' ref='1301646883' role='to' />
    <tag k='restriction' v='no_right_turn' />
    <tag k='type' v='restriction' />
  </relation>
  <relation id='17841244' action='modify' timestamp='2024-07-16T01:37:15Z' uid='9658463' user='GrabMY_ainayusof' visible='true' version='1' changeset='153994331'>
    <member type='way' ref='301872192' role='from' />
    <member type='way' ref='301872201' role='to' />
    <tag k='restriction' v='no_right_turn' />
    <tag k='type' v='restriction' />
  </relation>
  <relation id='17841245' action='modify' timestamp='2024-07-16T01:37:15Z' uid='9658463' user='GrabMY_ainayusof' visible='true' version='1' changeset='153994331'>
    <member type='way' ref='1301646883' role='from' />
    <member type='way' ref='301872201' role='to' />
    <tag k='restriction' v='no_right_turn' />
    <tag k='type' v='restriction' />
  </relation>
  <relation id='18555948' timestamp='2025-01-15T06:49:40Z' uid='9658463' user='GrabMY_ainayusof' visible='true' version='1' changeset='161368567'>
    <member type='way' ref='935525160' role='from' />
    <member type='node' ref='8010943714' role='via' />
    <member type='way' ref='935525165' role='to' />
    <tag k='restriction' v='no_right_turn' />
    <tag k='type' v='restriction' />
  </relation>
  <relation id='18555949' timestamp='2025-01-15T06:49:40Z' uid='9658463' user='GrabMY_ainayusof' visible='true' version='1' changeset='161368567'>
    <member type='way' ref='1173001827' role='from' />
    <member type='node' ref='1927184950' role='via' />
    <member type='way' ref='935525160' role='to' />
    <tag k='restriction' v='no_right_turn' />
    <tag k='type' v='restriction' />
  </relation>
  <relation id='18555950' timestamp='2025-01-15T06:49:40Z' uid='9658463' user='GrabMY_ainayusof' visible='true' version='1' changeset='161368567'>
    <member type='way' ref='859423756' role='from' />
    <member type='node' ref='8010943714' role='via' />
    <member type='way' ref='859423755' role='to' />
    <tag k='restriction' v='no_left_turn' />
    <tag k='type' v='restriction' />
  </relation>
  <relation id='18555951' timestamp='2025-01-15T06:49:40Z' uid='9658463' user='GrabMY_ainayusof' visible='true' version='1' changeset='161368567'>
    <member type='way' ref='859423756' role='from' />
    <member type='way' ref='935525165' role='via' />
    <member type='way' ref='1173001827' role='to' />
    <tag k='restriction' v='no_u_turn' />
    <tag k='type' v='restriction' />
  </relation>
  <relation id='18555952' timestamp='2025-01-15T06:49:40Z' uid='9658463' user='GrabMY_ainayusof' visible='true' version='1' changeset='161368567'>
    <member type='way' ref='935525165' role='from' />
    <member type='node' ref='1983979095' role='via' />
    <member type='way' ref='1173001827' role='to' />
    <tag k='restriction' v='no_right_turn' />
    <tag k='type' v='restriction' />
  </relation>
  <relation id='18555953' timestamp='2025-01-15T06:49:40Z' uid='9658463' user='GrabMY_ainayusof' visible='true' version='1' changeset='161368567'>
    <member type='way' ref='1351503429' role='from' />
    <member type='node' ref='12503933584' role='via' />
    <member type='way' ref='1351503430' role='to' />
    <tag k='restriction' v='no_right_turn' />
    <tag k='type' v='restriction' />
  </relation>
  <relation id='18555954' timestamp='2025-01-15T06:49:40Z' uid='9658463' user='GrabMY_ainayusof' visible='true' version='1' changeset='161368567'>
    <member type='way' ref='1351503423' role='from' />
    <member type='node' ref='1239242579' role='via' />
    <member type='way' ref='1351503429' role='to' />
    <tag k='restriction' v='no_right_turn' />
    <tag k='type' v='restriction' />
  </relation>
  <relation id='20736514' action='modify' timestamp='2026-06-12T18:25:42Z' uid='23043074' user='ChimborazoMountain' visible='true' version='7' changeset='184028855'>
    <member type='node' ref='9576882973' role='stop' />
    <member type='node' ref='9576882972' role='platform' />
    <member type='node' ref='1676562333' role='platform' />
    <member type='node' ref='9587339704' role='stop' />
    <member type='node' ref='9587339703' role='platform' />
    <member type='node' ref='9587269090' role='stop' />
    <member type='node' ref='1919587006' role='platform' />
    <member type='node' ref='9583024800' role='stop' />
    <member type='node' ref='1986953698' role='platform' />
    <member type='node' ref='9583024797' role='stop' />
    <member type='node' ref='5261535562' role='platform' />
    <member type='node' ref='9583024796' role='stop' />
    <member type='node' ref='9583024795' role='platform' />
    <member type='node' ref='9583024792' role='stop' />
    <member type='node' ref='9583024791' role='platform' />
    <member type='node' ref='9579686049' role='platform' />
    <member type='node' ref='9579644462' role='platform' />
    <member type='node' ref='9568164304' role='platform' />
    <member type='node' ref='9579644455' role='stop' />
    <member type='node' ref='9579644454' role='platform' />
    <member type='node' ref='9579644453' role='stop' />
    <member type='node' ref='9579644452' role='platform' />
    <member type='node' ref='9568164307' role='stop' />
    <member type='node' ref='9568164306' role='platform' />
    <member type='node' ref='9579644457' role='stop' />
    <member type='node' ref='9579644456' role='platform' />
    <member type='node' ref='9568024811' role='stop' />
    <member type='node' ref='9568024810' role='platform' />
    <member type='node' ref='9568024804' role='platform' />
    <member type='node' ref='9568024801' role='stop' />
    <member type='node' ref='9568024800' role='platform' />
    <member type='node' ref='9568024797' role='stop' />
    <member type='node' ref='9568024796' role='platform' />
    <member type='node' ref='9568070345' role='stop' />
    <member type='node' ref='9568070344' role='platform' />
    <member type='node' ref='9568070342' role='stop' />
    <member type='node' ref='9568070341' role='platform' />
    <member type='node' ref='9568070338' role='stop' />
    <member type='node' ref='9568070337' role='platform' />
    <member type='node' ref='9567774196' role='platform' />
    <member type='node' ref='9567509150' role='stop' />
    <member type='node' ref='9567509149' role='platform' />
    <member type='node' ref='11394100271' role='platform' />
    <member type='node' ref='13668517052' role='stop' />
    <member type='node' ref='11394100272' role='platform' />
    <member type='node' ref='9576882973' role='stop' />
    <member type='node' ref='9576882972' role='platform' />
    <member type='way' ref='1282867601' role='' />
    <member type='way' ref='1187773154' role='' />
    <member type='way' ref='1168926184' role='' />
    <member type='way' ref='1165008472' role='' />
    <member type='way' ref='1165008471' role='' />
    <member type='way' ref='492430968' role='' />
    <member type='way' ref='492430969' role='' />
    <member type='way' ref='1165008470' role='' />
    <member type='way' ref='262965318' role='' />
    <member type='way' ref='780741526' role='' />
    <member type='way' ref='780741525' role='' />
    <member type='way' ref='773803039' role='' />
    <member type='way' ref='607634897' role='' />
    <member type='way' ref='24588399' role='' />
    <member type='way' ref='24588401' role='' />
    <member type='way' ref='776278801' role='' />
    <member type='way' ref='776278800' role='' />
    <member type='way' ref='776287342' role='' />
    <member type='way' ref='406763851' role='' />
    <member type='way' ref='884277043' role='' />
    <member type='way' ref='182383464' role='' />
    <member type='way' ref='776294982' role='' />
    <member type='way' ref='776296715' role='' />
    <member type='way' ref='757036256' role='' />
    <member type='way' ref='776307689' role='' />
    <member type='way' ref='777765775' role='' />
    <member type='way' ref='777765974' role='' />
    <member type='way' ref='776022148' role='' />
    <member type='way' ref='1171791020' role='' />
    <member type='way' ref='776022149' role='' />
    <member type='way' ref='1171791023' role='' />
    <member type='way' ref='776025830' role='' />
    <member type='way' ref='1182250274' role='' />
    <member type='way' ref='757036247' role='' />
    <member type='way' ref='778097565' role='' />
    <member type='way' ref='756442181' role='' />
    <member type='way' ref='777141822' role='' />
    <member type='way' ref='777141821' role='' />
    <member type='way' ref='749674268' role='' />
    <member type='way' ref='777141820' role='' />
    <member type='way' ref='778030521' role='' />
    <member type='way' ref='1181373166' role='' />
    <member type='way' ref='777141819' role='' />
    <member type='way' ref='1181373167' role='' />
    <member type='way' ref='1181373165' role='' />
    <member type='way' ref='776059102' role='' />
    <member type='way' ref='776059103' role='' />
    <member type='way' ref='135126795' role='' />
    <member type='way' ref='1168955363' role='' />
    <member type='way' ref='1168955362' role='' />
    <member type='way' ref='38951420' role='' />
    <member type='way' ref='776030274' role='' />
    <member type='way' ref='777137602' role='' />
    <member type='way' ref='777137601' role='' />
    <member type='way' ref='1159571541' role='' />
    <member type='way' ref='1159571540' role='' />
    <member type='way' ref='749674274' role='' />
    <member type='way' ref='749674273' role='' />
    <member type='way' ref='777141818' role='' />
    <member type='way' ref='24942428' role='' />
    <member type='way' ref='777141817' role='' />
    <member type='way' ref='135126763' role='' />
    <member type='way' ref='135126719' role='' />
    <member type='way' ref='777858753' role='' />
    <member type='way' ref='777858752' role='' />
    <member type='way' ref='777836900' role='' />
    <member type='way' ref='220204316' role='' />
    <member type='way' ref='220204317' role='' />
    <member type='way' ref='777836899' role='' />
    <member type='way' ref='1451587370' role='' />
    <member type='way' ref='777836898' role='' />
    <member type='way' ref='690136329' role='' />
    <member type='way' ref='777836897' role='' />
    <member type='way' ref='777858751' role='' />
    <member type='way' ref='776070094' role='' />
    <member type='way' ref='302861780' role='' />
    <member type='way' ref='778073806' role='' />
    <member type='way' ref='163922047' role='' />
    <member type='way' ref='776370163' role='' />
    <member type='way' ref='776370164' role='' />
    <member type='way' ref='191861353' role='' />
    <member type='way' ref='1173001828' role='' />
    <member type='way' ref='1173001826' role='' />
    <member type='way' ref='777160373' role='' />
    <member type='way' ref='776021090' role='' />
    <member type='way' ref='776021087' role='' />
    <member type='way' ref='776370584' role='' />
    <member type='way' ref='776370583' role='' />
    <member type='way' ref='776023879' role='' />
    <member type='way' ref='776023878' role='' />
    <member type='way' ref='776023876' role='' />
    <member type='way' ref='776027709' role='' />
    <member type='way' ref='756118315' role='' />
    <member type='way' ref='776027705' role='' />
    <member type='way' ref='776027706' role='' />
    <member type='way' ref='1425749107' role='' />
    <member type='way' ref='776027704' role='' />
    <member type='way' ref='776030725' role='' />
    <member type='way' ref='776042779' role='' />
    <member type='way' ref='182374666' role='' />
    <member type='way' ref='182376885' role='' />
    <member type='way' ref='1181389133' role='' />
    <member type='way' ref='1181389132' role='' />
    <member type='way' ref='776030724' role='' />
    <member type='way' ref='1181389131' role='' />
    <member type='way' ref='776030723' role='' />
    <member type='way' ref='1173272962' role='' />
    <member type='way' ref='182502428' role='' />
    <member type='way' ref='706292703' role='' />
    <member type='way' ref='777176795' role='' />
    <member type='way' ref='107913848' role='' />
    <member type='way' ref='163922205' role='' />
    <member type='way' ref='163922155' role='' />
    <member type='way' ref='1520562389' role='' />
    <member type='way' ref='1240742013' role='' />
    <member type='way' ref='777127492' role='' />
    <member type='way' ref='777127493' role='' />
    <member type='way' ref='777127494' role='' />
    <member type='way' ref='447954022' role='' />
    <member type='way' ref='163922033' role='' />
    <member type='way' ref='1240742012' role='' />
    <member type='way' ref='1528811351' role='' />
    <member type='way' ref='1528857953' role='' />
    <member type='way' ref='1528811354' role='' />
    <member type='way' ref='163922031' role='' />
    <member type='way' ref='1528811353' role='' />
    <member type='way' ref='849019286' role='' />
    <member type='way' ref='1227974577' role='' />
    <tag k='colour' v='#19f40e' />
    <tag k='fee' v='no' />
    <tag k='from' v='Hentian Bandar Utama' />
    <tag k='name' v='PJ06: Hentian Bandar Utama ↺ Damansara Damai via Sri Damansara' />
    <tag k='network' v='PJ City Bus' />
    <tag k='not:network:wikidata' v='Q4259055' />
    <tag k='opening_hours' v='Mo-Su 06:00-21:00' />
    <tag k='operator' v='Rapid Bus' />
    <tag k='operator:wikidata' v='Q7294127' />
    <tag k='public_transport:version' v='2' />
    <tag k='ref' v='PJ06' />
    <tag k='roundtrip' v='yes' />
    <tag k='route' v='bus' />
    <tag k='source' v='https://www.mbpj.gov.my/sites/default/files/info_pj_city_bus_2025.pdf' />
    <tag k='source:geometry' v='https://www.openstreetmap.org/user/angys/traces/12366249' />
    <tag k='to' v='Hentian Bandar Utama' />
    <tag k='type' v='route' />
    <tag k='via' v='Mutiara Damansara;Bandar Sri Damansara;Damansara Damai' />
    <tag k='wheelchair' v='yes' />
  </relation>
</osm>
